seller_id,total_items_sold,total_product_revenue,total_freight_revenue,avg_item_price,avg_freight_value,avg_review_score,n_unique_orders,n_unique_products,top_category,total_revenue,seller_state,seller_city
0015a82c2db000af6aaaf3ae2ecb0532,3,2685.0,63.06,895.0,21.02,3.6666666666666665,3,1,small_appliances,2748.06,SP,santo andre
001cca7ae9ae17fb1caed9dfb1094831,234,24487.03,8655.87,104.64542735042734,36.99089743589744,3.965367965367965,195,11,garden_tools,33142.9,ES,cariacica
002100f778ceb8431b7a1020ff7ab48f,54,1216.6,778.56,22.52962962962963,14.417777777777777,4.037037037037037,50,24,furniture_decor,1995.1599999999999,SP,franca
003554e2dce176b5555353e4f3555ac8,1,120.0,19.38,120.0,19.38,5.0,1,1,Unknown / Uncategorized,139.38,GO,goiania
004c9cd9d87a3c30c522c48c4fc07416,168,19569.73,3524.29,116.48648809523809,20.977916666666665,4.13855421686747,156,87,bed_bath_table,23094.02,SP,ibitinga
00720abe85ba0859807595bbf045a33b,26,1007.5,315.98,38.75,12.153076923076924,3.6538461538461537,13,9,housewares,1323.48,SP,guarulhos
00ab3eff1b5192e5f1a63bcecfee11c8,1,98.0,12.08,98.0,12.08,5.0,1,1,health_beauty,110.08,SP,sao paulo
00d8b143d12632bad99c0ad66ad52825,1,86.0,51.1,86.0,51.1,5.0,1,1,fashion_bags_accessories,137.1,MG,belo horizonte
00ee68308b45bc5e2660cd833c3f81cc,172,20260.0,3180.66,117.79069767441861,18.49220930232558,4.3274853801169595,135,23,bed_bath_table,23440.66,SP,sao paulo
00fc707aaaad2d31347cf883cd2dfe10,135,12684.9,2285.09,93.96222222222222,16.926592592592595,3.791044776119403,103,19,computers_accessories,14969.99,PR,maringa
010543a62bd80aa422851e79a3bc7540,2,1416.0,31.950000000000003,708.0,15.975000000000001,4.5,2,1,computers_accessories,1447.95,SP,sao paulo
010da0602d7774602cd1b3f5fb7b709e,5,849.5,230.25,169.9,46.05,1.0,1,1,kitchen_dining_laundry_garden_furniture,1079.75,SP,sao bernardo do campo
011b0eaba87386a2ae96a7d32bb531d1,2,99.98,29.18,49.99,14.59,4.0,1,1,health_beauty,129.16,SP,pompeia
01266d4c46afa519678d16a8b683d325,3,90.25,47.230000000000004,30.083333333333332,15.743333333333334,5.0,3,3,costruction_tools_tools,137.48000000000002,PR,curitiba
013900e863eace745d3ec7614cab5b1a,26,1619.7,469.67,62.29615384615385,18.064230769230768,4.730769230769231,23,19,fashion_shoes,2089.37,PR,curitiba
014c0679dd340a0e338872e7ec85666a,15,7058.0,628.3100000000001,470.53333333333336,41.88733333333334,3.6666666666666665,14,10,kitchen_dining_laundry_garden_furniture,7686.31,MG,timoteo
014d9a685fd57276679edd00e07089e5,12,729.88,146.93,60.82333333333333,12.244166666666667,3.8333333333333335,11,3,stationery,876.81,PR,maringa
0176f73cc1195f367f7b32db1e5b3aa8,38,4643.2,1272.07,122.18947368421053,33.47552631578947,4.052631578947368,37,18,bed_bath_table,5915.2699999999995,SP,ibitinga
01bcc9d254a0143f0ce9791b960b2a47,10,1393.21,251.48,139.321,25.148,4.4,10,3,health_beauty,1644.69,GO,uruacu
01c97ebb5cdac52891c0ed1c37ba0012,12,577.5,178.5,48.125,14.875,4.083333333333333,9,3,computers_accessories,756.0,SP,catanduva
01cf7e3d21494c41fb86034f2e714fa1,65,9439.56,1964.45,145.224,30.222307692307695,4.1875,59,21,air_conditioning,11404.01,PR,francisco beltrao
01ed254b9ff8407dfb9d99ba1e17d923,5,1465.99,67.72,293.198,13.544,5.0,5,2,watches_gifts,1533.71,SP,mogi das cruzes
01fd077212124329bac32490e8ef80d9,39,1208.0,575.36,30.974358974358974,14.752820512820513,4.3076923076923075,31,12,health_beauty,1783.3600000000001,SP,ribeirao preto / sao paulo
01fdefa7697d26ad920e9e0346d4bd1b,130,14802.53,2730.2599999999998,113.8656153846154,21.002,4.372093023255814,128,21,health_beauty,17532.79,PR,londrina
0241d4d5d36f10f80c644447315af0bd,246,31397.7,6853.91,127.6329268292683,27.86142276422764,4.310204081632653,238,56,furniture_decor,38251.61,PR,curitiba
0249d282d911d23cb8b869ab49c99f53,11,393.0,138.88,35.72727272727273,12.625454545454545,4.2727272727272725,11,4,sports_leisure,531.88,SP,sao paulo
024b564ae893ce8e9bfa02c10a401ece,8,706.4000000000001,212.0,88.30000000000001,26.5,4.75,2,2,market_place,918.4000000000001,SP,sao paulo
028872bfa080090a9d0abd4f1af168f8,3,70.5,47.37,23.5,15.79,5.0,1,1,Unknown / Uncategorized,117.87,MG,ribeirao das neves
02b72cdeb9cfcc429f1af6f4e3f3b737,4,522.65,225.99,130.6625,56.4975,4.75,4,3,baby,748.64,SP,ibitinga
02c988090b766852e088c69d7fb3b551,16,1564.3700000000001,206.57,97.77312500000001,12.910625,4.6875,12,10,signaling_and_security,1770.94,SP,americana
02d35243ea2e497335cd0f076b45675d,16,5794.0,605.95,362.125,37.871875,2.6875,14,3,furniture_decor,6399.95,RN,natal
02dcd3e8e25bee036e32512bcf175493,15,1341.9,281.59,89.46000000000001,18.772666666666666,3.933333333333333,13,7,stationery,1623.49,MG,contagem
02ecc2a19303f05e59ce133fd923fff7,24,5264.19,478.21,219.34124999999997,19.925416666666667,4.541666666666667,21,17,garden_tools,5742.4,SP,santo andre
02f5837340d7eb4f653d676c7256523a,30,3883.05,580.83,129.435,19.361,4.833333333333333,30,3,luggage_accessories,4463.88,PR,curitiba
02f623a8eb246f3c5f7c2f96462654e6,44,6378.0,829.63,144.95454545454547,18.855227272727273,4.558139534883721,44,23,sports_leisure,7207.63,SP,botucatu
0307f7565ff85b299b6e5ef162b1b1a9,6,4711.9,256.99,785.3166666666666,42.83166666666667,3.5,6,6,cool_stuff,4968.889999999999,SP,sao jose do rio preto
0336182e1b3e92f029d5354832045fdf,2,29.8,17.57,14.9,8.785,2.0,1,2,furniture_decor,47.370000000000005,SP,ibitinga
034b9387752bfa309f350a70cd45ffa3,8,96.0,144.26,12.0,18.0325,4.5,8,2,toys,240.26,SC,blumenau
038b75b729c8a9a04b0d07cba7eabe86,2,467.0,90.85,233.5,45.425,3.5,2,1,housewares,557.85,SP,sao jose dos campos
039b29ff3b3473435d0cd59040575de9,9,114.9,100.65,12.766666666666667,11.183333333333334,4.444444444444445,9,7,music,215.55,SP,ribeirao pires
039e6ad9dae79614493083e241147386,5,12925.0,348.42,2585.0,69.684,4.0,5,4,garden_tools,13273.42,SP,sao paulo
03a2a6dcbe45d639c4dc2a0d24769c40,9,1078.41,172.25,119.82333333333334,19.13888888888889,4.111111111111111,9,7,garden_tools,1250.66,SP,maua
03bd479e1d9484cdb14104d3023f7321,3,359.70000000000005,57.72,119.90000000000002,19.24,4.333333333333333,3,3,auto,417.4200000000001,MG,uberlandia
0417b067eeab773d2f7061a726dc477f,13,1859.18,642.57,143.01384615384615,49.42846153846154,3.923076923076923,13,11,auto,2501.75,SC,sao bento do sul
042573af89b6d931f672efaf789d8358,3,413.48,65.09,137.82666666666668,21.69666666666667,3.6666666666666665,3,3,small_appliances,478.57000000000005,SP,sorocaba
04308b1ee57b6625f47df1d56f00eedf,92,58991.8,2948.82,641.2152173913043,32.05239130434783,3.9456521739130435,92,20,health_beauty,61940.62,SC,bombinhas
0432ead42b6c8a0bdf68154add917fdf,87,7574.400000000001,1180.0,87.06206896551724,13.563218390804598,4.551724137931035,82,53,toys,8754.400000000001,SP,maua
044668ccd5316b12a7cf0d54a156e3e9,4,137.8,53.55,34.45,13.3875,5.0,3,1,food,191.35000000000002,SP,osasco
04843805947f0fc584fc1969b6e50fe7,2,1400.0,74.76,700.0,37.38,5.0,1,1,bed_bath_table,1474.76,RS,ivoti
048c2757535328e0d7dac690ad3c0aae,50,9065.08,1247.33,181.3016,24.9466,4.244897959183674,50,20,fashion_shoes,10312.41,SP,franca
04aa0a1c5ce6b222003403a3e11c3cc0,17,5518.0,821.51,324.5882352941176,48.32411764705882,3.5294117647058822,11,8,auto,6339.51,SP,cosmopolis
04aba03279157f6d4e0fe8ccaf21963c,15,2416.0,319.23,161.06666666666666,21.282,4.533333333333333,15,12,health_beauty,2735.23,RJ,santo antonio de padua
04e38a233f726ef161074ab1c9b0399a,24,991.6,355.67,41.31666666666667,14.819583333333334,4.166666666666667,19,10,sports_leisure,1347.27,SP,sao paulo
04ee0ec01589969663ba5967c0e0bdc0,1,289.49,24.83,289.49,24.83,5.0,1,1,arts_and_craftmanship,314.32,RS,lajeado
04fdea0c111866e6cf812f1570d6b5bd,8,865.0,173.35,108.125,21.66875,3.5,8,2,computers_accessories,1038.35,SP,sao paulo
0509040ea3fe50071181bbc359eb7738,96,3689.35,1409.8999999999999,38.430729166666666,14.686458333333333,4.494736842105263,87,34,sports_leisure,5099.25,MG,belo horizonte
052577151711aec5c744fe12e66db3e1,1,687.0,42.65,687.0,42.65,5.0,1,1,small_appliances,729.65,SC,rodeio
054694fa03fe82cec4b7551487331d74,21,8286.1,660.24,394.5761904761905,31.44,3.2857142857142856,20,14,small_appliances,8946.34,SP,itajobi
056b4ada5bbc2c50cc7842547dda6b51,65,12203.400000000001,1282.39,187.7446153846154,19.729076923076924,4.15625,64,23,watches_gifts,13485.79,RJ,queimados
0570350b23eda5444f8d1d9544932058,11,626.9,124.86,56.99090909090909,11.350909090909092,5.0,6,3,perfumery,751.76,SP,sao paulo
05730013efda596306417c3b09302475,4,952.0,216.67,238.0,54.1675,5.0,4,4,furniture_decor,1168.67,SC,criciuma
058cb5aeb36d7c0fcae20fc85d5e0a59,12,1236.0,747.82,103.0,62.318333333333335,3.5833333333333335,11,7,luggage_accessories,1983.8200000000002,RJ,rio de janeiro
058fd0aa2bfdb2274e05e1ae971dabb6,63,7549.9,878.88,119.83968253968253,13.95047619047619,4.365079365079365,60,11,perfumery,8428.779999999999,SP,santo andre
05a48cc8859962767935ab9087417fbb,1,42.9,16.49,42.9,16.49,5.0,1,1,garden_tools,59.39,SP,sao paulo
05a940b4ecae36cadfd8e93bd9c43257,9,695.1,169.0,77.23333333333333,18.77777777777778,4.222222222222222,9,8,computers_accessories,864.1,GO,goiania
05aebce0b5c8f0d41b29b686f2d05fd3,2,74.99000000000001,45.89,37.495000000000005,22.945,5.0,2,2,garden_tools,120.88000000000001,SP,sao paulo
05ca864204d09595ae591b93ea9cf93d,1,179.9,8.52,179.9,8.52,5.0,1,1,consoles_games,188.42000000000002,SP,barueri
05d2173d43ea568aa0540eba70d2ca76,66,5759.66,1679.27,87.26757575757576,25.443484848484847,4.0,62,48,auto,7438.93,MG,alfenas
05e107217c7266362fd44b75b2cd4cc4,8,193.38,82.00999999999999,24.1725,10.251249999999999,4.125,5,3,stationery,275.39,SP,sao paulo - sp
05f51e13da97139648b8125c31e5f51b,60,13100.31,1888.65,218.33849999999998,31.477500000000003,4.25,57,19,baby,14988.96,MG,belo horizonte
05feb94f19d094d4b0f9281f0b1d4c99,6,9353.0,697.04,1558.8333333333333,116.17333333333333,4.5,6,2,garden_tools,10050.04,SP,mogi das cruzes
05ff92fedb5be47920fea08e501238b9,60,21235.98,1747.89,353.933,29.131500000000003,4.283333333333333,57,16,cool_stuff,22983.87,RS,santo angelo
062c325cd6a2b87845fab56b4ec2eeae,2,133.22,23.86,66.61,11.93,5.0,2,2,baby,157.07999999999998,SP,sao paulo
062ce95fa2ad4dfaedfc79260130565f,59,7479.1,1184.33,126.76440677966103,20.073389830508475,4.016949152542373,54,14,furniture_decor,8663.43,RS,lajeado
06532f10282704ef4c69168b914b77be,8,9827.95,632.8,1228.49375,79.1,4.625,7,7,garden_tools,10460.75,PR,paincandu
06579cb253ecd5a3a12a9e6eb6bf8f47,70,4587.400000000001,1420.57,65.53428571428572,20.293857142857142,3.842857142857143,61,11,housewares,6007.97,SP,sao paulo - sp
066a6914e1ebf3ea95a216c73a986b91,72,8956.380000000001,1655.18,124.39416666666668,22.988611111111112,3.9722222222222223,66,44,sports_leisure,10611.560000000001,PR,foz do iguacu
0691148aee60ca47977c187804f935ae,53,5868.51,1490.94,110.72660377358491,28.130943396226417,3.981132075471698,47,37,sports_leisure,7359.450000000001,PR,londrina
0692610d8abe24f287e9fae90ea0bbee,4,173.99,31.73,43.4975,7.9325,4.0,4,3,computers_accessories,205.72,SP,sao paulo
06a2c3af7b3aee5d69171b0e14f0ee87,402,36097.979999999996,12071.52,89.79597014925372,30.028656716417913,4.022784810126582,389,44,health_beauty,48169.5,MA,sao luis
06bb3a2fe5e7b7a845b13e8fb91bd944,18,1536.19,326.14,85.3438888888889,18.11888888888889,4.611111111111111,17,14,health_beauty,1862.33,MG,belo horizonte
06df0c10d34e459d9672bc77388742eb,30,9070.0,525.77,302.3333333333333,17.525666666666666,4.366666666666666,26,1,sports_leisure,9595.77,PR,maringa
06e5eefc71ec47ae763c5c6f8db7064f,93,21648.670000000002,2151.65,232.7813978494624,23.136021505376345,3.956043956043956,90,34,computers_accessories,23800.320000000003,RS,porto alegre
07017df32dc5f2f1d2801e579548d620,9,946.49,181.75,105.16555555555556,20.194444444444443,4.111111111111111,8,3,telephony,1128.24,PB,joao pessoa
070d165398b553f3b4b851c216b8a358,38,3333.17,967.9399999999999,87.715,25.472105263157893,3.5405405405405403,31,11,pet_shop,4301.11,SP,sao paulo
0725b8c0f3f906e58f70cbe76b7c748c,36,2161.52,703.95,60.04222222222222,19.554166666666667,3.5277777777777777,16,14,housewares,2865.4700000000003,SP,guarulhos
0743a0239d764b9a0f959a57d07e36ab,4,336.96,66.26,84.24,16.565,4.75,4,2,food,403.21999999999997,SP,sao paulo
0747d5bb69f0586cc869d8af4c50f93e,13,322.8,181.44,24.83076923076923,13.956923076923077,3.8461538461538463,12,9,perfumery,504.24,RJ,saquarema
0761743cbffb25d7148189e9f1a5f03a,7,241.2,86.2,34.457142857142856,12.314285714285715,4.285714285714286,3,3,health_beauty,327.4,SP,ribeirao preto
077c5fae4bea9500e3737b16f71b9d3a,6,106.80000000000001,70.44,17.8,11.74,4.666666666666667,4,3,housewares,177.24,SP,sorocaba
0791d9fc1e30678ecf03d3e55fa108d3,11,842.0,186.99,76.54545454545455,16.99909090909091,2.727272727272727,5,5,housewares,1028.99,MG,belo horizonte
079d295dcbf06ee8bb1b65ba964eb2b6,10,349.3,190.79,34.93,19.079,4.8,5,3,construction_tools_construction,540.09,SP,sao paulo
07a9bc7f61396b658ddf3ac534efe44c,1,119.9,15.59,119.9,15.59,3.0,1,1,toys,135.49,SP,sao paulo
07bf9669d84d1f11be443a9dd938f698,24,1776.0,646.22,74.0,26.925833333333333,3.25,18,11,kitchen_dining_laundry_garden_furniture,2422.2200000000003,SP,sao paulo
07d75e33f2750d97d467fb57e4dfdd8a,2,722.4,37.19,361.2,18.595,2.5,2,2,computers_accessories,759.5899999999999,SP,sao paulo
07de60b03d150fb3ea09eab5da5e4c8b,9,719.1,169.9,79.9,18.87777777777778,4.333333333333333,9,4,bed_bath_table,889.0,SP,ibitinga
07e8e8fc5222bb358e6f259da3197074,2,51.8,23.06,25.9,11.53,4.0,2,2,Unknown / Uncategorized,74.86,SP,sao paulo
080102cd0a76b09e0dcf55fcacc60e05,128,5612.65,2160.83,43.848828125,16.881484375,4.53125,122,43,computers_accessories,7773.48,MG,belo horizonte
080199a181c46c657dc5aa235411be3b,83,14504.2,1040.68,174.74939759036147,12.53831325301205,4.609756097560975,79,40,auto,15544.880000000001,SP,osasco
08061dc0fc165ed41288cc7acde738ee,4,123.80000000000001,58.42,30.950000000000003,14.605,4.5,4,3,computers_accessories,182.22000000000003,SP,osasco
08084d990eb3f53af056ccbc1730c8a7,12,372.5,234.29,31.041666666666668,19.524166666666666,4.454545454545454,12,3,electronics,606.79,SP,sao paulo
081acf3de680d554796c9cf041be7bc2,8,1597.3,205.5,199.6625,25.6875,4.125,4,4,furniture_decor,1802.8,MG,vespasiano
082e0bf4cb865a6533b1e8e498cc0255,23,2073.3,991.03,90.14347826086957,43.08826086956522,3.3043478260869565,11,17,garden_tools,3064.33,SP,botucatu
085f6f7e049c996695fb2074fe38d45e,8,305.4,130.56,38.175,16.32,3.625,6,6,housewares,435.96,SP,taubate
08633c14ef2db992c11f840f04fad4cd,97,7644.3,1424.52,78.80721649484536,14.685773195876289,4.237113402061856,74,16,sports_leisure,9068.82,SP,ribeirao pires
0873d9f8f36123f8d910f4760e788cfb,6,7265.59,161.06,1210.9316666666666,26.843333333333334,3.1666666666666665,6,6,telephony,7426.650000000001,SP,barueri
0885aaf116795758dfeb5f1032487bcd,29,2573.1000000000004,499.04,88.72758620689656,17.208275862068966,4.241379310344827,27,19,bed_bath_table,3072.1400000000003,SP,ferraz de vasconcelos
0887a9f087bcd5d9f6642b52f897fc6c,12,1642.0,220.35,136.83333333333334,18.3625,4.416666666666667,12,3,telephony,1862.35,SP,cananeia
08ad4ac1388e4420ca531c3edfc46198,7,221.61999999999998,89.05,31.659999999999997,12.721428571428572,2.7142857142857144,6,5,pet_shop,310.66999999999996,SP,itapevi
08cdbae123ff67ca4e36d9d641ce0119,6,3098.99,1096.47,516.4983333333333,182.745,2.5,4,3,furniture_living_room,4195.46,MG,uba
08d0949a9a17c027262db1f3c450c26c,12,324.8,233.04000000000002,27.066666666666666,19.42,3.75,12,9,furniture_decor,557.84,PR,cascavel
08d1c9478fb0d7d7fcac9c0da4e82fc7,1,538.0,67.57,538.0,67.57,5.0,1,1,furniture_decor,605.5699999999999,MG,belo horizonte
08d2d642cf72b622b14dde1d2f5eb2f5,20,909.0,306.15999999999997,45.45,15.307999999999998,4.45,16,7,stationery,1215.1599999999999,SP,marilia
08f5819815f3d06545011850bd70f0a8,3,452.0,70.83,150.66666666666666,23.61,4.666666666666667,3,3,health_beauty,522.83,SP,santos
091065b789659bc3cd9af9cb3a6253ff,2,1359.0,85.37,679.5,42.685,3.5,2,1,cool_stuff,1444.37,RS,canoas
0936e1837d0c79253456bbb2ffaaef10,2,38.9,31.12,19.45,15.56,5.0,1,1,garden_tools,70.02,SP,sao paulo
093805f8f2aeb63881444571e1f48f30,27,1215.79,343.94,45.029259259259256,12.738518518518518,3.814814814814815,22,18,health_beauty,1559.73,SP,osasco
094ced053e257ae8cae57205592d6712,19,1519.2,459.03,79.9578947368421,24.159473684210525,4.052631578947368,19,13,health_beauty,1978.23,SP,ribeirao preto
0951a6e282947e09cd47969f4ed0b47f,7,492.3,88.02,70.32857142857144,12.574285714285713,4.857142857142857,7,2,perfumery,580.32,SP,taboao da serra
09883d9ab71c8fe8a9bfc7fc3075b07e,4,269.6,60.49,67.4,15.1225,4.0,4,4,health_beauty,330.09000000000003,SP,sao paulo
099095b050cfe8eb1ddff5317587e96e,19,5003.84,702.09,263.36,36.9521052631579,3.0526315789473686,16,11,housewares,5705.93,SP,sao paulo
09bad886111255c5b5030314fc7f1a4a,5,487.5,72.86,97.5,14.572,5.0,5,1,art,560.36,SP,sao paulo
09f952a5f58d2285b0372551ae8f9b01,56,11821.5,1524.96,211.09821428571428,27.231428571428573,3.875,50,11,furniture_decor,13346.46,SP,sao bernardo do campo
0a198e95d32b1be2da9424c962a6ebfa,1,69.99,16.68,69.99,16.68,5.0,1,1,garden_tools,86.66999999999999,MG,contagem
0a82f5fb06a4fe4ac2cf7cb412ec71b8,2,462.0,22.799999999999997,231.0,11.399999999999999,5.0,2,2,construction_tools_construction,484.8,SP,sao paulo
0a85ebe4e328db81ac9109781205e2f7,12,667.9,137.75,55.65833333333333,11.479166666666666,4.583333333333333,12,8,furniture_decor,805.65,SP,jundiai
0aa2205ca24f113f4658a5c536667426,11,815.62,172.48,74.14727272727272,15.68,2.8181818181818183,4,3,stationery,988.1,SP,sao paulo
0ac4201fda2c68ebc0e47cb9423cf3c9,14,1676.88,233.99,119.77714285714286,16.71357142857143,4.285714285714286,13,4,health_beauty,1910.8700000000001,SP,sao paulo
0ad80de75c811326389cfb1daba7d45e,6,1449.3999999999999,115.32,241.56666666666663,19.22,5.0,6,6,toys,1564.7199999999998,RJ,rio de janeiro
0adac9fbd9a2b63cccaac4f8756c1ca8,134,15557.6,2397.9,116.10149253731343,17.894776119402987,4.007462686567164,106,64,housewares,17955.5,SP,louveira
0ade5cc4a305ed7093a23f68ca47519c,2,158.88,42.39,79.44,21.195,5.0,2,2,auto,201.26999999999998,PR,curitiba
0aea4c6ae1505b3228ddf3dd7822ee5b,8,1427.91,151.75,178.48875,18.96875,3.875,8,8,watches_gifts,1579.66,SP,sorocaba
0af2ab31141893d26aca5a404a537dab,1,59.0,15.51,59.0,15.51,5.0,1,1,computers_accessories,74.51,SP,sao paulo
0af977692321d895349eded183341d28,2,257.75,19.47,128.875,9.735,4.5,2,2,pet_shop,277.22,SP,santos
0afccdb8a34ee5c79f7c06faf2b4d56e,24,1185.6,371.49,49.4,15.47875,4.086956521739131,24,10,telephony,1557.09,MG,uberlandia
0b09101900100c0e9d312861fad5a1b9,1,153.75,14.61,153.75,14.61,4.0,1,1,furniture_decor,168.36,SP,sao paulo
0b0ddbc7b9d9584f442c7ac92b0ff6c9,3,1416.76,133.88,472.25333333333333,44.626666666666665,4.666666666666667,3,3,auto,1550.6399999999999,SP,guarulhos
0b18d63d0cd1d723567903fd34a07df2,14,1678.1399999999999,265.89,119.86714285714285,18.992142857142856,4.785714285714286,9,9,auto,1944.0299999999997,SP,sp
0b1ca3ef18a63d7eb0c8897fa0849c08,1,55.0,7.87,55.0,7.87,5.0,1,1,health_beauty,62.87,SP,sao roque
0b35c634521043bf4b47e21547b99ab5,77,13235.65,1455.14,171.89155844155843,18.89792207792208,3.526315789473684,50,39,construction_tools_construction,14690.789999999999,PR,teixeira soares
0b36063d5818f81ccb94b54adfaebbf5,15,765.0,18.0,51.0,1.2,5.0,1,1,garden_tools,783.0,SC,jaragua do sul
0b3f27369a4d8df98f7eb91077e438ac,2,146.51,24.88,73.255,12.44,4.0,2,2,Unknown / Uncategorized,171.39,SP,aruja
0b46f784306be7200ca1700aa55d819f,1,19.9,10.96,19.9,10.96,5.0,1,1,auto,30.86,MG,belo horizonte
0b64bcdb0784abc139af04077d49a20e,4,137.6,68.21000000000001,34.4,17.052500000000002,4.75,4,2,health_beauty,205.81,RS,canoas
0b90b6df587eb83608a64ea8b390cf07,209,28492.76,3598.18,136.328995215311,17.216172248803826,4.019230769230769,163,46,computers_accessories,32090.94,PR,maringa
0bae85eb84b9fb3bd773911e89288d54,145,7433.5599999999995,2907.0,51.265931034482755,20.048275862068966,4.227586206896552,136,45,housewares,10340.56,SP,itajai
0bb27263628258b8111a0262769fa9db,1,22.2,10.96,22.2,10.96,5.0,1,1,housewares,33.16,SP,sao paulo
0bb738e4d789e63e2267697c42d35a2d,30,2308.4,616.9399999999999,76.94666666666667,20.564666666666664,4.633333333333334,29,4,industry_commerce_and_business,2925.34,SP,sao roque
0be8ff43f22e456b4e0371b2245e4d01,175,11336.0,2508.49,64.77714285714286,14.33422857142857,3.9657142857142857,156,119,sports_leisure,13844.49,SP,sao paulo
0bebbb2cea103a4a020c95d43fd7d754,9,1367.2,147.14000000000001,151.91111111111113,16.34888888888889,4.888888888888889,9,9,health_beauty,1514.3400000000001,SP,sao paulo
0bf0150d5b9d60d9cd2906003332f085,62,5774.6,1097.74,93.13870967741936,17.705483870967743,3.711864406779661,39,15,furniture_decor,6872.34,SP,sao paulo
0bfd0b434243adc5c2e1aa6baf19c6aa,6,371.20000000000005,65.78999999999999,61.866666666666674,10.964999999999998,3.6666666666666665,6,6,housewares,436.99,RJ,rio de janeiro
0c7533c71df861ec58ad7ff999ed0e8d,73,2989.2999999999997,874.21,40.94931506849315,11.975479452054795,4.082191780821918,61,29,perfumery,3863.5099999999998,SP,valinhos
0c7f30ae9b147eca07affbef92832a6a,5,479.5,87.61,95.9,17.522,5.0,5,4,computers_accessories,567.11,PR,ponta grossa
0c8380b62e38e8a1e6adbeba7eb9688c,218,17228.99,4071.75,79.0320642201835,18.67775229357798,4.060185185185185,180,92,bed_bath_table,21300.74,MG,tres coracoes
0cab2da43793a6f3c5ed8514c5f54627,3,309.70000000000005,57.2,103.23333333333335,19.066666666666666,5.0,3,2,stationery,366.90000000000003,PR,curitiba
0cbcee27c791afa0cdcb08587a2013a8,39,5054.15,783.53,129.59358974358975,20.09051282051282,4.0,37,13,fashion_bags_accessories,5837.679999999999,MG,tres coracoes
0d33a55da925bbf1ff02af5f6059fc7f,24,547.3,385.61,22.804166666666664,16.067083333333333,4.5,22,8,books_technical,932.91,SP,sao paulo
0d4c8269e7f0401201794deef160edd6,4,792.64,99.39,198.16,24.8475,4.0,3,4,auto,892.03,SP,ribeirao preto
0d83f8e03188682112cc0d93523705cc,8,696.26,124.31,87.0325,15.53875,2.75,4,2,computers_accessories,820.5699999999999,RS,porto alegre
0d85bbda9889ce1f7e63778d24f346eb,58,4845.2,1624.5,83.53793103448275,28.00862068965517,4.211538461538462,51,17,stationery,6469.7,MG,uberlandia
0daf5180aa44356f60f8effa533b55a2,2,144.8,38.83,72.4,19.415,5.0,2,2,perfumery,183.63,GO,goiania
0db783cfcd3b73998abc6e10e59a102f,137,9077.4,1999.1499999999999,66.25839416058393,14.592335766423357,4.213235294117647,132,14,telephony,11076.55,SP,santos
0dd184061fb0eaa7ca37932c68ab91c5,193,18446.92,5319.5,95.57989637305698,27.56217616580311,3.953125,161,11,industry_commerce_and_business,23766.42,SP,guarulhos
0ddefe3c7a032b91f4e25b9c3a08fca1,10,402.9,150.0,40.29,15.0,4.5,9,7,arts_and_craftmanship,552.9,SP,sao bernardo do campo
0df3984f9dfb3d49ac6366acbd3bbb85,88,9891.49,1483.05,112.40329545454546,16.852840909090908,4.340909090909091,86,25,health_beauty,11374.539999999999,MG,betim
0dfbed20065e425d2eaefb101f9816c0,3,84.35,49.25,28.116666666666664,16.416666666666668,2.6666666666666665,3,2,baby,133.6,SP,porto ferreira
0e44d110fa6a54e121cb2c095a77762f,6,223.32,70.06,37.22,11.676666666666668,4.333333333333333,6,5,stationery,293.38,SP,francisco morato
0e72c1a751b496722a6cb1f10653b62a,3,140.8,51.300000000000004,46.93333333333334,17.1,4.666666666666667,3,3,toys,192.10000000000002,SP,sao paulo
0e982cff76cc0579f632cea8a0e38c9d,7,971.9,109.25999999999999,138.84285714285713,15.608571428571427,4.142857142857143,6,6,musical_instruments,1081.1599999999999,SC,itajai
0ea22c1cfbdc755f86b9b54b39c16043,265,10592.1,4231.98,39.97018867924528,15.969735849056603,4.3486590038314175,234,151,fashion_bags_accessories,14824.08,MG,sete lagoas
0eaa7e33d73809f1f925f7d07c506cbd,15,1552.0,194.9,103.46666666666667,12.993333333333334,4.714285714285714,15,12,toys,1746.9,SP,santo andre
0ebd97a106433a45a4aebe57c1799778,32,3046.8,614.88,95.2125,19.215,4.5,31,10,fashion_bags_accessories,3661.6800000000003,MG,contagem
0ec28cec4046a4a199b6de9b4c891d97,4,296.6,56.04,74.15,14.01,5.0,3,2,health_beauty,352.64000000000004,GO,goiania
0ed6ce5d87fd9c69eaacaeb778d67235,42,2026.52,670.78,48.25047619047619,15.97095238095238,4.390243902439025,42,25,electronics,2697.3,SP,americana
0ee4fb99ac55ffbbc98795aa01b7f8fa,1,59.9,11.03,59.9,11.03,5.0,1,1,furniture_decor,70.92999999999999,SP,santana de parnaiba
0ef83d7d83ed97cd2a0049ac8be5f88a,55,4421.01,1026.8,80.382,18.669090909090908,4.2407407407407405,48,14,health_beauty,5447.81,PR,curitiba
0f0c984a4a955310903b6b6008660bad,4,369.81,111.57,92.4525,27.8925,3.75,4,4,sports_leisure,481.38,SP,franca
0f519b0d2e5eb2227c93dd25038bfc01,1,79.9,23.0,79.9,23.0,5.0,1,1,furniture_decor,102.9,SP,ibitinga
0f7eea709efdf942b5f95c7516dbacd7,3,195.74,44.32,65.24666666666667,14.773333333333333,4.0,3,2,health_beauty,240.06,SP,pedrinhas paulista
0f80a40c312b2472dca482cf50f5186f,1,129.9,20.1,129.9,20.1,3.0,1,1,perfumery,150.0,SP,lencois paulista
0f94588695d71662beec8d883ffacf09,1,9.0,18.59,9.0,18.59,5.0,1,1,art,27.59,SC,florianopolis
0fe2d9733ed841eb064503920015a8c0,3,389.64,108.71000000000001,129.88,36.23666666666667,4.666666666666667,3,3,auto,498.35,SP,ourinhos
0ff83046c3fa22efee8ecf291888b191,11,768.9000000000001,254.48000000000002,69.9,23.134545454545457,4.818181818181818,10,6,sports_leisure,1023.3800000000001,RS,caxias do sul
0ffa40d54288e4f3499b8780dd0f144f,35,2162.8,583.67,61.79428571428572,16.67628571428571,4.4,33,21,books_technical,2746.4700000000003,SP,presidente prudente
10076e5788b8ee532724bcd460baf762,26,821.48,377.29999999999995,31.595384615384617,14.51153846153846,4.615384615384615,23,13,baby,1198.78,SP,batatais
10089e9f2fd0c668a8fd4e52e1698888,3,1139.9,59.41,379.9666666666667,19.80333333333333,4.333333333333333,3,3,air_conditioning,1199.3100000000002,SP,sao jose do rio preto
101a3a003516bc11253298b2fad3cb65,6,450.0,74.0,75.0,12.333333333333334,4.833333333333333,5,2,fashion_male_clothing,524.0,SP,rio claro
1025f0e2d44d7041d6cf58b6550e0bfa,1420,138208.56,33716.4,97.32997183098591,23.743943661971834,3.862215909090909,910,153,furniture_decor,171924.96,SP,sao paulo
10264f60a8f0a4d2f30810f5c661c673,4,284.6,41.86,71.15,10.465,5.0,4,2,health_beauty,326.46000000000004,SP,campinas
1099a00e0ee3a50935e6c2447ca090c5,3,849.6999999999999,61.129999999999995,283.2333333333333,20.376666666666665,3.6666666666666665,3,3,air_conditioning,910.8299999999999,RJ,rio de janeiro
10cdd491d1dbea8fb4ead97b19c334ce,3,208.9,78.86,69.63333333333334,26.286666666666665,5.0,3,2,pet_shop,287.76,MG,santa rita do sapucai
10ff823eda2b032e2c93d17a7d294736,8,1144.98,147.88,143.1225,18.485,4.25,8,5,housewares,1292.8600000000001,SP,pederneiras
112453736dbe3889cfb74e1aaa0ba0c1,14,1890.0,264.77,135.0,18.912142857142857,4.071428571428571,7,2,auto,2154.77,SP,sao paulo
1127b7f2594683f2510f1c2c834a486b,128,6669.7,1768.7,52.10703125,13.81796875,4.1796875,110,73,garden_tools,8438.4,SP,campinas
11305281b50fff20ae8bb473f8e11876,40,6528.7,1444.51,163.2175,36.11275,4.35,35,18,home_confort,7973.21,MG,uba
113e3a788b935f48aad63e1c41dac1bd,48,847.35,686.6,17.653125,14.304166666666667,4.404255319148936,39,28,christmas_supplies,1533.95,SP,aparecida
116ccb1a1604bc88e4d234a8c23f33de,73,2004.89,943.4399999999999,27.464246575342468,12.923835616438355,4.602739726027397,61,27,auto,2948.33,SP,sao bernardo do campo
11742f81550ac064cc9a40f67151d9ad,2,781.9,49.11,390.95,24.555,5.0,2,2,air_conditioning,831.01,SP,catanduva
117cfc326c6d50da67ca858ff5c0c852,5,454.6,81.47999999999999,90.92,16.296,4.6,5,2,housewares,536.08,RJ,sao joao de meriti
11938fcc75f6902fea1d0a6f72b54a57,2,594.98,142.16,297.49,71.08,3.0,2,2,bed_bath_table,737.14,SC,sao miguel d'oeste
119c7f1a00ef43fad0e57604e76a747c,2,189.8,17.02,94.9,8.51,4.5,2,2,health_beauty,206.82000000000002,SP,sao paulo
119d1aef1b4144adba89163f6cd9f5d4,4,1094.0,204.24,273.5,51.06,4.75,4,3,furniture_decor,1298.24,SP,pedreira
11bfa66332777660bd0640ee84d47006,102,3925.87,1682.67,38.48892156862745,16.496764705882352,3.803921568627451,76,40,health_beauty,5608.54,SP,ribeirao preto
11d4c477d09821164bca4f70a2eae031,4,83.04,57.81999999999999,20.76,14.454999999999998,5.0,3,2,costruction_tools_garden,140.86,SP,ribeirao preto
11eac105f3f90a9b87b19c89d91e24f3,5,802.89,124.94,160.578,24.988,3.6,5,4,cool_stuff,927.8299999999999,SP,sao paulo
11fb6f6d341adbe19e81733701704635,3,1197.0,399.65999999999997,399.0,133.22,5.0,3,1,bed_bath_table,1596.6599999999999,SP,sao paulo
120476eb7a04c149d14772edaf5d9bf2,6,2368.8,150.83,394.8,25.138333333333335,3.8333333333333335,4,4,construction_tools_construction,2519.63,RJ,angra dos reis
1284de4ae8aa26997e748c851557cf0e,3,1459.97,86.86999999999999,486.6566666666667,28.956666666666663,2.6666666666666665,3,3,watches_gifts,1546.84,SP,laranjeiras do sul
128639473a139ac0f3e5f5ade55873a5,554,11795.849999999999,9679.69,21.292148014440432,17.472364620938627,4.202554744525547,527,66,electronics,21475.54,PR,maringa
128f9bfbe4c7d5185033914b1de3d39a,15,1267.39,251.98,84.49266666666668,16.798666666666666,4.8,13,9,health_beauty,1519.3700000000001,SP,atibaia
12a8eb0f8d1cd3270695bf2a99f55966,2,397.0,39.67,198.5,19.835,3.5,2,2,luggage_accessories,436.67,SP,sao paulo
12b9676b00f60f3b700e83af21824c0e,133,26376.0,3525.67,198.31578947368422,26.508796992481205,4.553030303030303,133,37,cool_stuff,29901.67,RS,montenegro
12c2ed9cded6138cf0c75f525f565fc7,4,314.96,51.05,78.74,12.7625,4.25,4,4,bed_bath_table,366.01,SP,praia grande
13074f016982ff2bd6c58ced8682f000,14,1977.0,775.66,141.21428571428572,55.40428571428571,4.142857142857143,13,4,kitchen_dining_laundry_garden_furniture,2752.66,RS,bento goncalves
131fcb0a0c9a47bba4474aacff0f14b7,4,369.8,36.61,92.45,9.1525,4.0,4,2,home_appliances,406.41,SP,sao paulo
1336efc61c316ddf92c899eb817f7cae,85,4837.31,1517.98,56.90952941176471,17.858588235294118,3.9411764705882355,74,50,pet_shop,6355.290000000001,SP,assis
134285d1f41da5c13a756ee8142c8a4e,4,1572.6999999999998,80.93,393.17499999999995,20.2325,2.75,3,2,auto,1653.6299999999999,SP,sao paulo
134a288e7de827ec5ec62e3ec9c3a295,9,877.45,126.55,97.49444444444445,14.06111111111111,4.777777777777778,9,7,books_technical,1004.0,SP,sao paulo
134b867a0f7f8bbe6abf10f91874891e,1,789.89,132.95,789.89,132.95,4.0,1,1,auto,922.8399999999999,SP,valinhos
13511db12ac61e2f89c53b72a944a60b,6,798.0,265.97,133.0,44.32833333333334,3.5,6,4,auto,1063.97,RS,caxias do sul
1352e06ae67b410cdae0b2a22361167b,2,178.0,36.1,89.0,18.05,3.0,2,1,Unknown / Uncategorized,214.1,RJ,rio de janeiro
1354d51653f645349064725ed204e85e,20,2410.0,284.72,120.5,14.236,3.85,18,13,furniture_decor,2694.7200000000003,SP,sao paulo
138dbe45fc62f1e244378131a6801526,58,1125.56,689.24,19.406206896551723,11.883448275862069,3.9827586206896552,49,22,housewares,1814.8,SP,sao paulo
139157dd4daa45c25b0807ffff348363,1,29.9,7.78,29.9,7.78,4.0,1,1,books_technical,37.68,SP,sao paulo
13c2ed7698b3ca92dad49e849219da59,9,498.61,154.68,55.40111111111111,17.186666666666667,4.444444444444445,8,7,perfumery,653.29,PR,ponta grossa
13d058e4eeac2ce8217660b2f8a05812,22,3739.78,907.59,169.99,41.25409090909091,4.181818181818182,22,3,home_appliances_2,4647.37,SP,osasco
13d95f0f6f73943d4ceffad0fc2cd32c,1,249.99,59.33,249.99,59.33,3.0,1,1,auto,309.32,GO,goiania
13dd308f81fea30cc670c656b2b46cc3,3,117.69999999999999,33.440000000000005,39.23333333333333,11.146666666666668,5.0,3,2,health_beauty,151.14,SP,santa barbara d'oeste
13e85aac53340018b40c2af68001b7e0,1,17.8,14.12,17.8,14.12,5.0,1,1,furniture_decor,31.92,SP,pedreira
13f57c12a00ed4610db646b913a7f5c6,13,645.2,175.95,49.63076923076923,13.534615384615384,4.769230769230769,7,6,auto,821.1500000000001,SP,santos
13fa2a6c6b9d0f43cb588d7c82117a12,10,4528.0,191.44,452.8,19.144,4.0,9,4,health_beauty,4719.44,SP,sao paulo
141440cad9341e553f8401c574a2aa38,12,1288.2,290.8,107.35000000000001,24.233333333333334,4.166666666666667,11,9,drinks,1579.0,PR,pitanga
1430239a858e7682bbc43b20758af153,22,633.99,254.65,28.81772727272727,11.575000000000001,4.0,17,9,baby,888.64,SP,sao paulo
1444c08e64d55fb3c25f0f09c07ffcf2,1,2749.0,69.74,2749.0,69.74,1.0,1,1,garden_tools,2818.74,BA,lauro de freitas
1464afc72f696af775557a821c2e253f,30,1059.36,454.42,35.312,15.147333333333334,4.166666666666667,29,8,perfumery,1513.78,RJ,nova friburgo
14a08204d03bb6b6bde8029f801ae0eb,38,2185.4,593.7,57.51052631578948,15.623684210526317,3.8157894736842106,28,24,electronics,2779.1000000000004,SP,sao paulo
14d7985702e72162bbf13b6beb74ab2b,38,3887.0,554.0,102.28947368421052,14.578947368421053,4.342105263157895,37,26,sports_leisure,4441.0,SP,santo andre
14ee35374a7876217954b5fa08e50463,6,809.0,114.05,134.83333333333334,19.008333333333333,4.333333333333333,6,2,Unknown / Uncategorized,923.05,SP,sao jose do rio preto
14f2b3587172b9db894c9bad8dab520b,2,244.0,86.06,122.0,43.03,2.5,2,1,housewares,330.06,RS,ipe
152ee17e4c8aaf53dac99f3462e4999b,6,308.96000000000004,95.97,51.49333333333334,15.995,4.333333333333333,6,3,housewares,404.93000000000006,SC,garuva
154bdf805377afea75a3bd158e9eab10,1,89.9,19.82,89.9,19.82,1.0,1,1,baby,109.72,SP,ibitinga
1554a68530182680ad5c8b042c3ab563,267,28979.64,6734.92,108.53797752808988,25.22441947565543,4.264150943396227,246,69,furniture_decor,35714.56,MG,monte siao
157c3e4b42f81ac4a44e8b1ca2fe9876,31,2548.5,583.32,82.20967741935483,18.81677419354839,3.967741935483871,23,13,furniture_decor,3131.82,SP,sao paulo
1588ac4010787100dddef64568f0ae35,3,599.97,46.0,199.99,15.333333333333334,3.0,3,2,computers_accessories,645.97,PR,maringa
15aac934c58d886785ac1b17953ea898,26,4353.9,665.7,167.4576923076923,25.603846153846156,4.115384615384615,25,20,air_conditioning,5019.599999999999,ES,muqui
15b3b1b81484422eb41df68ac87f1f50,1,43.35,12.69,43.35,12.69,1.0,1,1,health_beauty,56.04,SP,bauru
15cd6eefe58588619aaed41dfa6621b1,18,1622.74,566.12,90.15222222222222,31.45111111111111,4.333333333333333,16,8,Unknown / Uncategorized,2188.86,MG,ouro preto
15ead3a5037a918ddb520dfe39a3d2b9,7,254.5,140.22,36.357142857142854,20.03142857142857,4.857142857142857,6,7,books_general_interest,394.72,MG,conselheiro lafaiete
15fa791d5e017f66402dc28c44480657,8,1802.0,181.29,225.25,22.66125,4.25,8,4,baby,1983.29,SP,sao paulo
160851d3ece7aa1a510f8d1a4bb8a8af,2,102.05,39.099999999999994,51.025,19.549999999999997,5.0,2,2,computers_accessories,141.14999999999998,SP,garca
16090f2ca825584b5a147ab24aa30c86,406,25579.16,5404.86,63.002857142857145,13.312463054187191,4.07196029776675,398,37,auto,30984.02,SP,atibaia
160e4f13fd3a64b1b86807be88b5ffb0,4,886.0,94.45,221.5,23.6125,4.25,4,2,small_appliances,980.45,PR,colombo
164a5a8794e6d42e14f55e447b12a3bc,1,73.99,62.77,73.99,62.77,5.0,1,1,baby,136.76,PR,guaira
165b1235e9e9942cb5fae67103576fb0,16,2085.15,404.65,130.321875,25.290625,4.3125,11,9,construction_tools_construction,2489.8,SP,ribeirao preto
165fc07beebdcb6190fba8a06db2a449,64,17481.4,1600.03,273.146875,25.00046875,3.6875,50,27,computers_accessories,19081.43,PR,maringa
1660ad786c27fd935378b6192a90b417,13,1570.0,248.28,120.76923076923077,19.09846153846154,4.615384615384615,12,9,computers_accessories,1818.28,SP,sao bernardo do campo
166e8f1381e09651983c38b1f6f91c11,2,78.8,30.2,39.4,15.1,5.0,2,1,Unknown / Uncategorized,109.0,SC,imbituba
167fd940acebc789debd6eb418c46e38,5,1077.58,100.9,215.516,20.18,3.0,5,3,auto,1178.48,SP,franca
1690cada046eb7e92c12f98b1f8a8167,10,1760.0,232.91,176.0,23.291,4.9,10,3,auto,1992.91,SP,sao paulo
16bdc8cefd0e32a6f0824d296c5ad14a,1,41.76,19.32,41.76,19.32,5.0,1,1,drinks,61.08,SP,sp
1703bc09972dab9782e7a9194943b69f,1,249.9,106.21,249.9,106.21,5.0,1,1,auto,356.11,MG,minas gerais
1710c3aaa9c6b44ec3883ee0fe300e21,2,1188.9,37.650000000000006,594.45,18.825000000000003,5.0,2,2,electronics,1226.5500000000002,SP,sao caetano do sul
17306570e772e7718c92a562d33f5f1d,30,8640.0,775.91,288.0,25.863666666666667,3.7666666666666666,27,20,bed_bath_table,9415.91,SP,bariri
173d56ffbd4c56cb80fc3615487d712b,2,358.0,39.61,179.0,19.805,5.0,2,1,luggage_accessories,397.61,SP,sao vicente
1746c1ae87ac63d530c7c943d0ac42e2,1,229.9,22.45,229.9,22.45,5.0,1,1,auto,252.35,SP,santana de parnaiba
1771297ac436903d1dd6b0e9279aa505,36,2881.27,585.16,80.03527777777778,16.254444444444445,4.628571428571429,28,9,baby,3466.43,SP,guarulhos
1782ce2db72c3dda627d5e7c898104e1,10,2010.8,207.37,201.07999999999998,20.737000000000002,4.3,9,7,sports_leisure,2218.17,SP,taboao da serra
17908cf9b444ee34047cadd5c0f4a516,11,1993.99,501.42,181.2718181818182,45.583636363636366,4.545454545454546,11,9,auto,2495.41,GO,anapolis
17998cf586426bf0f2c3726cb0a4b211,2,69.8,45.72,34.9,22.86,4.0,2,2,luggage_accessories,115.52,MG,belo horizonte
179d859f51292aac5c10806a356f7af9,19,404.46999999999997,395.8,21.287894736842105,20.83157894736842,4.315789473684211,18,8,electronics,800.27,SP,ribeirao pires
17a053fcb14bd219540cbde0df490be0,148,40353.24,8761.17,272.657027027027,59.197094594594596,4.226027397260274,124,86,office_furniture,49114.409999999996,SP,mogi guacu
17ca9b9e9b9ef8fdb529001b49ebb50f,128,9649.86,2348.96,75.38953125,18.35125,4.03125,115,46,bed_bath_table,11998.82,MG,betim
17e34d8224d27a541263c4c64b11a56b,260,54440.28,5090.21,209.3856923076923,19.57773076923077,4.2015503875969,247,110,perfumery,59530.49,SP,riberao preto
17eea220a40cc0d2c0c5346379682398,3,875.98,76.0,291.99333333333334,25.333333333333332,3.6666666666666665,3,2,health_beauty,951.98,SP,sao paulo
17f51e7198701186712e53a39c564617,61,48019.0,9793.43,787.1967213114754,160.54803278688524,4.344262295081967,56,27,health_beauty,57812.43,SP,sao paulo
180c3376aff0e43dd5788709df48a843,10,4513.0,209.97,451.3,20.997,4.7,5,3,fixed_telephony,4722.97,SP,sao paulo
1835b56ce799e6a4dc4eddc053f04066,551,33005.32,8622.96,59.90076225045372,15.649655172413791,3.620183486238532,417,144,bed_bath_table,41628.28,SP,ibitinga
1838dd9b8977065acf51d95e0053ea7a,65,2750.5,1212.79,42.315384615384616,18.65830769230769,4.338461538461538,62,14,computers_accessories,3963.29,MG,belo horizonte
184725737946a1a938bbbd1a9e978103,3,359.70000000000005,43.870000000000005,119.90000000000002,14.623333333333335,4.666666666666667,3,2,health_beauty,403.57000000000005,SP,maua
184a67a8f9f63234d3a92340bbdb727f,10,246.29,190.56,24.628999999999998,19.056,3.9,7,7,furniture_decor,436.85,SC,joinville
186cdd1b2df32caa72cfb410bba768d3,6,1341.45,268.28000000000003,223.57500000000002,44.71333333333334,5.0,6,6,housewares,1609.73,SC,rio negrinho
189ca3538ce9f920cacf0f982cbe223b,5,419.0,62.67,83.8,12.534,3.8,4,4,stationery,481.67,SP,sao paulo
18a349e75d307f4b4cc646a691ed4216,128,7425.21,1890.66,58.009453125,14.77078125,3.5196850393700787,109,40,telephony,9315.87,SP,sao paulo
18e694e0e48ed6f7aa3f24aade5fd697,34,701.54,504.23,20.633529411764705,14.830294117647059,4.676470588235294,31,4,computers_accessories,1205.77,SP,varzea paulista
1900267e848ceeba8fa32d80c1a5f5a8,523,24639.57,8039.97,47.11198852772466,15.372791586998089,3.8737864077669903,406,126,bed_bath_table,32679.54,SP,ibitinga
191d55f7edb8524d525ed01b20fe32e8,3,747.0,65.8,249.0,21.933333333333334,2.3333333333333335,3,3,furniture_mattress_and_upholstery,812.8,DF,brasilia
1927cdb9fa74f5270097f6250e8e8f34,1,120.0,58.92,120.0,58.92,5.0,1,1,drinks,178.92000000000002,SP,marilia
19484c79cef6c062cb177aa4ef2fcc3c,1,201.9,10.16,201.9,10.16,1.0,1,1,perfumery,212.06,SP,valinhos
1961c3e1272bfeceb05d0b78b5bbfdaf,3,657.0,39.01,219.0,13.003333333333332,4.666666666666667,2,1,PC Gamer,696.01,SP,guarulhos
1976a05ecf2996d6ffb7b5430e635fe7,9,1796.2,394.46000000000004,199.57777777777778,43.82888888888889,4.0,8,4,furniture_decor,2190.66,SP,assis
1987cd4be10fe09ee50454f9c354d1c6,16,2877.7,257.53000000000003,179.85625,16.095625000000002,4.25,14,7,pet_shop,3135.23,MG,ouro fino
198c7ea11960a9844b544d9bcdca860c,25,1733.75,491.63,69.35,19.6652,3.88,25,4,small_appliances,2225.38,MG,jacutinga
1996942dc085d7773ba77a529b163cd0,9,2383.52,185.28,264.8355555555556,20.586666666666666,4.222222222222222,9,7,watches_gifts,2568.8,SP,pradopolis
19a7c9f66ffa6452ff4b4c0cca71da27,1,279.0,59.74,279.0,59.74,5.0,1,1,furniture_decor,338.74,PR,itaipulandia
19d62d484cba71963c93f0f00ab42013,1,139.9,22.69,139.9,22.69,4.0,1,1,furniture_decor,162.59,SC,gaspar
19e0f40a907ec568c34bfac15de4f4a1,4,178.0,41.620000000000005,44.5,10.405000000000001,5.0,4,1,housewares,219.62,SP,americana
1a3df491d1c4f1589fc2b934ada68bf2,171,22472.4,4078.23,131.41754385964913,23.849298245614037,4.245614035087719,160,5,bed_bath_table,26550.63,SC,joinville
1a8e2d9c38b84a9702ac7922924b0573,1,80.0,17.0,80.0,17.0,5.0,1,1,Unknown / Uncategorized,97.0,SC,araquari
1a932caad4f9d804097d7f8e615baed1,30,4661.0,1040.45,155.36666666666667,34.681666666666665,3.566666666666667,20,4,construction_tools_construction,5701.45,SP,sao paulo
1acde099eb406aa220b1169b188b42da,10,311.1,147.4,31.110000000000003,14.74,4.3,9,9,furniture_decor,458.5,SP,sao paulo
1b0b0f4f95e962d6f32fe90c759d0479,2,139.8,23.37,69.9,11.685,5.0,2,2,health_beauty,163.17000000000002,SP,sao paulo
1b1ae47a313a825a7ccceb8e2e30fa9d,10,2184.0,229.37,218.4,22.937,4.222222222222222,10,5,sports_leisure,2413.37,PR,bocaiuva do sul
1b45169b635ef59425637e9a33eb5fb3,8,308.9,110.45,38.6125,13.80625,4.625,7,6,housewares,419.34999999999997,PR,maringa
1b4b28463457a256e9a784ebe2a8f630,1,699.42,15.92,699.42,15.92,1.0,1,1,auto,715.3399999999999,SP,piracicaba
1b4c3a6f53068f0b6944d2d005c9fc89,115,14420.5,2976.4900000000002,125.39565217391305,25.882521739130436,4.140350877192983,111,31,housewares,17396.99,SC,sao ludgero
1b61fb1f0f2185d89e9a126c498e9cc7,1,49.7,16.11,49.7,16.11,5.0,1,1,furniture_decor,65.81,PR,maringa
1b65c144b17e607c0f37f10bb7dfec8d,5,1109.5,144.85,221.9,28.97,2.0,5,3,construction_tools_construction,1254.35,SC,rio do sul
1b7e5006cb25dd23ce8686691013b121,11,2636.74,149.22,239.70363636363635,13.565454545454545,4.363636363636363,11,7,health_beauty,2785.9599999999996,SP,sao paulo
1b8356dabde1d35e17cef975c3f82730,60,3366.4,970.23,56.10666666666667,16.1705,4.133333333333334,55,14,sports_leisure,4336.63,SP,sao paulo
1b8b75e227c9a9c100d0c210fb6176ce,15,1444.8700000000001,203.62,96.32466666666667,13.574666666666667,3.933333333333333,15,11,fashion_bags_accessories,1648.4900000000002,SP,sao paulo
1b938a7ec6ac5061a66a3766e0e75f90,31,3859.8,859.65,124.50967741935484,27.730645161290322,4.451612903225806,29,8,baby,4719.45,SP,penapolis
1bb2bdb95f4841f1bba2c0d2cd83d3c9,83,4905.76,1118.17,59.1055421686747,13.471927710843374,4.573170731707317,79,23,books_general_interest,6023.93,SP,sao paulo
1bb3812d5f0747a3ab7348f199001a10,9,834.4000000000001,215.17,92.71111111111112,23.907777777777778,4.888888888888889,9,8,sports_leisure,1049.5700000000002,SP,sao paulo
1bc2e21de46adfea6b98cc96b00f3b40,5,1039.95,102.60000000000001,207.99,20.520000000000003,3.6,3,2,cool_stuff,1142.55,SC,joinville
1c129092bf23f28a5930387c980c0dfc,219,9528.619999999999,3021.57,43.5096803652968,13.797123287671234,4.18348623853211,200,15,bed_bath_table,12550.189999999999,SP,sao paulo
1c40343cc5d18c2d8248ac2f3366de34,22,2461.41,378.01,111.88227272727272,17.18227272727273,4.545454545454546,21,12,perfumery,2839.42,SP,limeira
1c56ffe0e9dea2657fc6e95b53f40b13,3,183.0,84.39,61.0,28.13,4.333333333333333,3,2,perfumery,267.39,SP,sao carlos
1c5e4e49b9079480255b49d50aac1aa9,12,10173.11,889.61,847.7591666666667,74.13416666666667,4.333333333333333,12,8,bed_bath_table,11062.720000000001,SP,santos
1c68394e931a64f90ea236c5ea590300,171,24832.75,2896.41,145.22076023391813,16.938070175438597,3.9298245614035086,142,39,computers_accessories,27729.16,PR,sarandi
1c742ac33582852aaf3bcfbf5893abcf,1,97.9,15.79,97.9,15.79,5.0,1,1,sports_leisure,113.69,MG,belo horizonte
1c83418358f249c9d6affa52d579db0e,1,24.9,14.52,24.9,14.52,5.0,1,1,music,39.42,SP,sao paulo
1ca4bdb0cd7fc48e949bac066188ed26,3,1140.0,363.45,380.0,121.14999999999999,5.0,3,1,office_furniture,1503.45,MG,cataguases
1ca7077d890b907f89be8c954a02686a,127,12474.64,1522.01,98.22551181102362,11.984330708661417,2.2698412698412698,108,19,Unknown / Uncategorized,13996.65,SP,santana de parnaiba
1caf283236cd69af44cbc09a0a1e7d32,37,917.6,612.65,24.8,16.558108108108108,4.54054054054054,33,22,toys,1530.25,RJ,nova iguacu
1cbcd2ee0afb3fc09963b87eb65e7e4f,3,90.0,40.650000000000006,30.0,13.550000000000002,5.0,1,1,perfumery,130.65,PR,curitiba
1cbd32d00d01bb8087a5eb088612fd9c,12,1045.47,244.06,87.1225,20.338333333333335,4.25,11,11,health_beauty,1289.53,SP,sp / sp
1cbd50a8c52e6cf8e315c5709fab386f,9,785.97,220.69,87.33,24.52111111111111,3.7777777777777777,9,7,telephony,1006.6600000000001,PR,fazenda rio grande
1cbdc7cf130a41fd13a3c2a7d2fcfda7,2,165.8,59.81,82.9,29.905,5.0,2,1,bed_bath_table,225.61,MG,lambari
1cd9e0cc1839d55516843def5600816d,5,825.0,101.72,165.0,20.344,5.0,5,2,bed_bath_table,926.72,SP,sao paulo
1ce3ae5a399804d1a87e706f8a813c3e,44,2563.0,853.69,58.25,19.402045454545455,3.727272727272727,40,19,furniture_decor,3416.69,SC,jaguaruna
1d0646a72178a6fb37ee8082140e06ec,2,61.0,36.62,30.5,18.31,5.0,2,2,health_beauty,97.62,SC,joinville
1d0997ff06b524ce9289ffd75114ecd3,3,3747.0,126.57,1249.0,42.19,3.6666666666666665,3,3,auto,3873.57,PE,recife
1d139e3a3b14025640d8df1b230aace0,2,36.49,34.69,18.245,17.345,3.5,2,2,sports_leisure,71.18,SP,barrinha
1d1bbb8ac1581824986f582583fff01d,4,166.88,59.589999999999996,41.72,14.897499999999999,3.5,4,3,health_beauty,226.47,SC,indaial
1d2732ef8321502ee8488e8bed1ab8cd,5,1148.0,80.18,229.6,16.036,3.2,4,4,computers_accessories,1228.18,RJ,rio de janeiro
1d29dfba02015238dfbe2449a5eaa361,12,612.8,177.12,51.06666666666666,14.76,4.5,12,3,perfumery,789.92,MG,vicosa
1d4587203296c8f4ad134dc286fa6db0,41,2287.5,654.41,55.792682926829265,15.961219512195122,4.365853658536586,40,29,auto,2941.91,SP,sao paulo
1d503743d2526f03f0c2c89540ee008c,17,516.04,204.49,30.355294117647055,12.028823529411765,4.235294117647059,12,7,auto,720.53,SP,sao paulo
1d8dbc4f32378d715c717c1c1fc57bae,97,11205.99,2085.15,115.52567010309278,21.49639175257732,3.9263157894736844,91,25,baby,13291.14,PR,arapongas
1d953075c2f0dd990bacf27b83b330f1,1,59.0,19.32,59.0,19.32,5.0,1,1,computers_accessories,78.32,MG,belo horizonte
1da366cade6d8276e7d8beea7af5d4bf,48,6348.589999999999,1688.01,132.26229166666664,35.166875,3.978723404255319,42,14,furniture_decor,8036.599999999999,MG,uba
1da3aeb70d7989d1e6d9b0e887f97c23,324,8691.56,4175.52,26.8258024691358,12.887407407407409,4.080495356037152,261,152,sports_leisure,12867.08,SP,sao paulo
1dc2de47ee26a0a5b12dc14fd6dc0dea,27,1670.3,617.1999999999999,61.86296296296296,22.859259259259257,4.518518518518518,25,11,bed_bath_table,2287.5,SP,ibitinga
1dcfa3835714681d4ba4a93bc1e0fd41,14,1186.6000000000001,296.88,84.75714285714287,21.205714285714286,4.076923076923077,12,4,furniture_living_room,1483.48,SP,birigui
1dd33b8119b3cb1056ed5dc88cd0aaf4,8,1513.0,128.74,189.125,16.0925,3.75,8,2,musical_instruments,1641.74,SP,sao paulo
1de62b6f2fd96227629786db492433db,2,208.8,28.73,104.4,14.365,5.0,2,2,sports_leisure,237.53,SP,sp
1dfe5347016252a7884b694d4f10f5c4,26,1632.5,420.04,62.78846153846154,16.155384615384616,3.1923076923076925,20,15,bed_bath_table,2052.54,SP,ibitinga
1e26c56af8d48424e1df0140a2401f83,2,258.9,33.49,129.45,16.745,5.0,2,2,construction_tools_construction,292.39,SP,jaguariuna
1e47d8b6546eb3a77b1acddcc9406242,1,149.9,16.81,149.9,16.81,1.0,1,1,fashio_female_clothing,166.71,SP,campinas
1e47defeeadeca0e9a18fa5a9311e735,3,234.12,57.5,78.04,19.166666666666668,5.0,3,3,sports_leisure,291.62,SP,catanduva
1e483cc5c76fef08d3ca05f9a8af7d01,10,166.09,102.28,16.609,10.228,4.4,9,3,fashion_underwear_beach,268.37,SP,sao paulo
1e8b33f18b4f7598d87f5cbee2282cc2,139,17233.56,2690.51,123.98244604316548,19.356187050359715,4.306569343065694,122,30,bed_bath_table,19924.07,SP,sao paulo
1e8c6a4c538f286aee9573239740a4b4,5,359.7,87.12,71.94,17.424,3.8,5,5,baby,446.82,SP,itatiba
1e9d5a33694bddb76316fd1f54734d20,2,318.0,150.94,159.0,75.47,4.5,2,2,furniture_bedroom,468.94,MT,jaciara
1eade46fba20122dc4aefb379f8c636b,75,3635.37,1038.34,48.471599999999995,13.844533333333333,4.306666666666667,58,8,health_beauty,4673.71,SP,sao paulo
1f1bb1f0859883505541bdd6606193e5,29,16040.84,522.03,553.1324137931034,18.00103448275862,4.310344827586207,27,24,fashion_bags_accessories,16562.87,SP,sao paulo
1f2eebc0e970fd3c463e4f5d9652687a,1,44.99,8.48,44.99,8.48,5.0,1,1,books_technical,53.47,SP,sao paulo
1f50f920176fa81dab994f9023523100,1926,106655.70999999999,35057.23,55.37679646936656,18.202092419522327,3.9932221063607924,1399,23,garden_tools,141712.94,SP,sao jose do rio preto
1f7dfad2cb384ea4d2d7e1ffbd78c407,1,49.0,8.29,49.0,8.29,1.0,1,1,baby,57.29,SP,sao paulo
1f7fd2a6fcd5a6fa5d8a4dabc72aaae0,3,531.8,100.88,177.26666666666665,33.626666666666665,5.0,3,2,housewares,632.68,RS,venancio aires
1f867308a0ce13133a4e639ff4de0c02,13,875.1,209.82,67.31538461538462,16.14,4.538461538461538,7,6,housewares,1084.92,PR,curitiba
1f9ab4708f3056ede07124aad39a2554,77,13312.93,2379.7200000000003,172.89519480519482,30.90545454545455,4.105263157894737,76,5,baby,15692.650000000001,SP,tupa
1fa2d3def6adfa70e58c276bb64fe5bb,1,6.9,9.0,6.9,9.0,1.0,1,1,housewares,15.9,SP,sao paulo
1fbe10c70e30765ed1de86d9f7e98409,6,98.75,59.36,16.458333333333332,9.893333333333333,1.5,2,2,housewares,158.11,SP,maua
1fdc574883ef3b33ad41562d93f3a74a,18,4251.0,273.27,236.16666666666666,15.181666666666665,4.444444444444445,18,14,auto,4524.27,SP,limeira
1fe5540d7c1c37a595fefbacd5570d9e,25,4537.6,581.15,181.50400000000002,23.246,4.28,20,2,computers_accessories,5118.75,RJ,paraiba do sul
1fe61aa5494bd3ae92a2c13e067c810f,2,537.76,100.82,268.88,50.41,4.0,1,1,auto,638.5799999999999,SC,santa cecilia
2009a095de2a2a41626f6c6d7722678d,12,388.89,193.54,32.4075,16.128333333333334,3.9166666666666665,8,4,computers_accessories,582.43,SP,sao jose do rio preto
2039c5e51785b5dde7cf93ccb3b7be2c,1,159.9,13.78,159.9,13.78,5.0,1,1,housewares,173.68,SP,guaira
204b4e07bddef3c9b317f70189135b22,1,73.4,14.73,73.4,14.73,5.0,1,1,bed_bath_table,88.13000000000001,MG,borda da mata
2059c39f76271d4ca3f15b5ffaccc8b8,12,604.9,186.39000000000001,50.40833333333333,15.5325,4.5,12,2,books_general_interest,791.29,PR,curitiba
20611af7866c6068fd5ae1f9dbe15c92,2,219.8,114.5,109.9,57.25,4.5,2,2,baby,334.3,SP,porto ferreira
2063dd1b9f568df1c16741ea7d3e6adb,3,763.1,57.17,254.36666666666667,19.05666666666667,5.0,3,3,furniture_decor,820.27,PR,guarapuava
2075d8cd4dd63ff12df0749a5866bb06,3,184.70000000000002,57.53,61.56666666666667,19.176666666666666,5.0,3,2,bed_bath_table,242.23000000000002,PR,curitiba
2089a6d640999f9b9141ac719b2af596,41,7676.02,640.61,187.22,15.624634146341464,3.926829268292683,41,22,sports_leisure,8316.630000000001,SP,sao carlos
20a7efa9721046319bdde5d60b6b5365,6,501.20000000000005,95.39,83.53333333333335,15.898333333333333,5.0,3,2,Unknown / Uncategorized,596.59,SP,laguna
20a8b0dc55da94fe74d112082427c84f,7,407.4,123.98,58.199999999999996,17.711428571428574,4.285714285714286,7,3,baby,531.38,SP,itu
20b54c376b794ed028df09a3cd88e8dc,7,927.87,114.2,132.55285714285714,16.314285714285713,3.7142857142857144,7,5,fixed_telephony,1042.07,SP,sao caetano do sul
20cb7c2fde3e5bf10f0bbe7394e1c6a9,50,844.9999999999999,780.15,16.9,15.603,3.9,31,2,furniture_decor,1625.1499999999999,PR,andira-pr
20d53aad4fe5ee93a64f8839609d3586,1,14.5,12.48,14.5,12.48,1.0,1,1,garden_tools,26.98,MG,santa rita do sapucai
20d83f3ef0e6925fd74bfd59170babf7,54,2903.6,653.61,53.770370370370365,12.10388888888889,4.351851851851852,40,48,fashion_bags_accessories,3557.21,SP,sao paulo
20f0aeea30bc3b8c4420be8ced4226c0,1,14.9,14.52,14.9,14.52,,1,1,bed_bath_table,29.42,SP,santa barbara d'oeste
2138ccb85b11a4ec1e37afbd1c8eda1f,419,12089.22,5902.67,28.85255369928401,14.087517899761338,3.916267942583732,388,157,telephony,17991.89,SP,sao paulo
213b25e6f54661939f11710a6fddb871,190,15105.95,3381.01,79.50500000000001,17.79478947368421,3.823529411764706,152,79,home_construction,18486.96,SP,salto
213fafb0ca06fb3d5886579c2565791b,3,189.70000000000002,27.16,63.23333333333334,9.053333333333333,2.3333333333333335,3,3,cine_photo,216.86,MG,sete lagoas
2156f2671501a81034d7d07f217609d0,21,2909.5,393.49,138.54761904761904,18.73761904761905,4.0,21,12,computers_accessories,3302.99,SP,sp
217f005bb37ff3aeef5b2ae1788e75ba,2,49.98,30.15,24.99,15.075,4.5,2,1,fashion_sport,80.13,SP,osasco
218d46b86c1881d022bce9c68a7d4b15,420,53710.3,7452.64,127.88166666666667,17.744380952380954,4.172248803827751,382,142,sports_leisure,61162.94,SP,ribeirao preto
218f991754f360af9c2daa5e0b8e990c,17,3554.32,265.22,209.07764705882354,15.601176470588237,3.5294117647058822,14,4,housewares,3819.54,SP,sao paulo
2199e7fe213c16213bf5d6a7eadc9a5d,30,3767.29,541.81,125.57633333333334,18.060333333333332,4.4,24,12,furniture_decor,4309.1,SP,registro
21c62b998a043ebe31161d38f84929fc,4,750.49,90.84,187.6225,22.71,4.5,4,2,auto,841.33,CE,fortaleza
21d59342ba150175ca2aa4f8faddeca6,2,259.9,74.39,129.95,37.195,4.5,2,2,health_beauty,334.28999999999996,SP,itaquaquecetuba
21e83881401b92b49fb09a16d3852291,13,3109.06,497.03,239.15846153846152,38.23307692307692,4.769230769230769,12,8,garden_tools,3606.09,MG,uberlandia
2235cf78d3e2073a88146a9cb60f0dd0,1,178.99,25.77,178.99,25.77,5.0,1,1,furniture_living_room,204.76000000000002,SP,sao paulo
226b05fe067266c59c15dae208213d06,11,1056.9,188.68,96.08181818181819,17.152727272727272,4.181818181818182,10,8,Unknown / Uncategorized,1245.5800000000002,PR,curitiba
228e4c1a0be164f613d41c24345f9d2c,5,539.7,229.74,107.94000000000001,45.948,5.0,5,3,housewares,769.44,PR,bandeirantes
229c3efbfb0ea2058de4ccdfbc3d784a,145,15479.0,2300.71,106.75172413793103,15.866965517241379,3.6433566433566433,118,24,computers_accessories,17779.71,MG,belo horizonte
22a23e5ac7061fc538cc2a019afaaf16,1,95.0,14.42,95.0,14.42,3.0,1,1,food_drink,109.42,MG,belo horizonte
22c32ec35d0116ef02c281798a25bf8b,6,119.58,90.43,19.93,15.071666666666667,3.5,4,2,sports_leisure,210.01,PR,maringa
2305ab43e846518f58dd9d59f3f54e96,3,788.89,42.370000000000005,262.9633333333333,14.123333333333335,3.6666666666666665,3,3,perfumery,831.26,SP,sao paulo
232a6014e7b10cba61c6c2b2ea6bb4b0,35,3819.9700000000003,1197.07,109.14200000000001,34.202,4.085714285714285,32,20,pet_shop,5017.04,SP,cafelandia
23613d49c3ac2bd302259e55c06c050c,79,4193.1,2034.04,53.07721518987342,25.7473417721519,3.6923076923076925,69,24,furniture_decor,6227.14,SP,porto ferreira
236585a4ddb5fea9fa40233e2249ed91,11,649.53,188.14,59.04818181818182,17.10363636363636,4.090909090909091,11,3,computers_accessories,837.67,RS,caxias do sul
2379bdc3888025689a9deb7b141507d5,9,999.5,126.11,111.05555555555556,14.012222222222222,4.333333333333333,9,8,perfumery,1125.61,SP,mogi mirim
238fac594e170b59c6d228f5a4f4f1d9,30,3126.0,1419.52,104.2,47.31733333333333,3.9655172413793105,29,6,pet_shop,4545.52,SP,dois corregos
23a0ffca143a15b9b5bbdb7d552f626a,24,3718.51,585.77,154.93791666666667,24.407083333333333,3.9583333333333335,23,12,garden_tools,4304.280000000001,SP,sao pedro
23c38debaffe4a25a30fdbd9b586a13f,46,5382.18,834.38,117.00391304347826,18.13869565217391,4.304347826086956,41,12,garden_tools,6216.56,SP,votorantim
23ca5f678e0b3ea6c630b30fa8bf51ea,7,183.0,96.39,26.142857142857142,13.77,5.0,6,4,home_appliances,279.39,SP,sao paulo
23d7c96d4a1160db1c726b248601b25a,52,10658.24,1288.93,204.96615384615384,24.787115384615387,3.92,50,40,cool_stuff,11947.17,SP,capivari
23ff42c4bf1f8f16cddb19d8b972974a,3,174.70000000000002,52.97,58.23333333333334,17.656666666666666,4.333333333333333,2,2,sports_leisure,227.67000000000002,MG,itau de minas
240b9776d844d37535668549a396af32,35,13332.09,839.5600000000001,380.91685714285717,23.987428571428573,4.3428571428571425,35,11,telephony,14171.65,RJ,niteroi
244b04680fdbded0acf5aebd9c92b44a,2,1701.8000000000002,86.99,850.9000000000001,43.495,1.0,2,2,musical_instruments,1788.7900000000002,SP,jundiai
244c2f1bff6afe1f2eaf9bfe9b2aed38,27,2580.0,1214.87,95.55555555555556,44.99518518518518,3.6296296296296298,23,11,furniture_decor,3794.87,SP,mogi das cruzes
247587846358bb1d2e4c6522020b36fe,1,99.0,22.51,99.0,22.51,5.0,1,1,pet_shop,121.51,SP,sao jose do rio preto
2493dc3f20131696a0ecdb9948051a8d,4,504.38,70.69,126.095,17.6725,4.75,4,3,cool_stuff,575.0699999999999,DF,brasilia
249f0e9905a6e06ad6c6bea7547ab9f6,3,347.95,39.04,115.98333333333333,13.013333333333334,3.6666666666666665,3,3,art,386.99,RJ,rio de janeiro
24a6daf925d9d591870a66660416de31,2,60.0,30.08,30.0,15.04,4.5,2,2,books_general_interest,90.08,SP,robeirao preto
24c1de8d9551c0b4fbc53317d53efda8,1,355.0,57.12,355.0,57.12,5.0,1,1,sports_leisure,412.12,PB,serra redonda
2528513dd95219a6013d4d05176e391a,166,32660.2,3740.77,196.74819277108435,22.534759036144578,3.96319018404908,160,84,home_confort,36400.97,SP,osasco
2528744c5ef5d955adc318720a94d2e7,5,6245.0,263.7,1249.0,52.739999999999995,2.4,5,3,agro_industry_and_commerce,6508.7,SP,jundiai
252e76235acb79183cfca6e34f13337d,4,261.2,60.57,65.3,15.1425,3.75,3,4,furniture_decor,321.77,SP,campinas
253c025bab43881055aeecde5e2d8b77,2,94.82,29.509999999999998,47.41,14.754999999999999,4.5,2,1,housewares,124.32999999999998,PR,curitiba
253f95b3a0e6983ae18aed49fbc2b845,5,799.5,91.44,159.9,18.288,4.4,5,2,auto,890.94,SP,sao paulo
257e61d3251fb5efb9daadddbc2cf7ca,12,7729.0,1077.18,644.0833333333334,89.765,4.75,12,12,baby,8806.18,PR,apucarana
258447aad3f7b01e2643c89f64dc5647,1,51.9,19.55,51.9,19.55,5.0,1,1,health_beauty,71.45,PR,cianorte
259f7b5e6e482c230e5bfaa670b6bb8f,162,8393.14,2694.28,51.809506172839505,16.63135802469136,4.267080745341615,136,24,bed_bath_table,11087.42,SP,poa
25be943a321c8938947bdaabca979a90,3,479.0,95.63,159.66666666666666,31.876666666666665,4.333333333333333,3,2,kitchen_dining_laundry_garden_furniture,574.63,SP,sao bernardo do campo
25c5c91f63607446a97b143d2d535d31,266,54208.78,6945.92,203.79240601503759,26.11248120300752,3.7471698113207546,156,18,computers_accessories,61154.7,MG,itauna
25cf099de44674fde97473224f9d59ab,50,1654.36,705.19,33.087199999999996,14.103800000000001,4.326530612244898,50,30,auto,2359.55,SP,cotia
25debeafbce801fdd479539350185eee,6,237.85,87.12,39.641666666666666,14.520000000000001,2.6666666666666665,5,3,perfumery,324.97,SP,igaracu do tiete
25e47381a6c510ddeb36084e33b89f0c,17,1289.6000000000001,282.11,75.85882352941178,16.59470588235294,4.0588235294117645,16,11,bed_bath_table,1571.71,SP,praia grande
25e6ffe976bd75618accfe16cefcbd0d,115,11552.62,1687.18,100.4575652173913,14.67113043478261,4.417391304347826,106,53,toys,13239.800000000001,SP,sao paulo
262237171f48e85819065498cac80d7b,10,599.0,150.0,59.9,15.0,4.3,4,1,sports_leisure,749.0,SC,brusque
2646baaf662d4d92ac48f047e35db92d,18,1263.05,286.34,70.16944444444444,15.907777777777776,4.555555555555555,15,10,auto,1549.3899999999999,SP,sao paulo
26562f211dd1364af2a8596dc945e8ae,2,99.0,16.11,49.5,8.055,5.0,2,2,bed_bath_table,115.11,SP,sao bernardo do campo
265fdc289dffa9f1ad801c74f7d0de47,1,495.0,51.55,495.0,51.55,5.0,1,1,furniture_bedroom,546.55,SP,jaci
26785a546900236d66f2e4197c211158,15,1019.2,225.45,67.94666666666667,15.03,4.666666666666667,15,12,consoles_games,1244.65,SP,sao paulo
269c5fc9fcadee614364c3620c30a1f9,6,209.6,45.12,34.93333333333333,7.52,5.0,3,2,luggage_accessories,254.72,SP,guarulhos
269cff2d3c8d205c11f37a52402ea93b,5,1281.59,133.41,256.318,26.682,4.4,4,3,agro_industry_and_commerce,1415.0,SP,catanduva
26af45f5dfd967225a832838aa4e24a3,11,573.1,198.51,52.1,18.046363636363637,4.181818181818182,10,7,auto,771.61,PR,curitiba
26b482dccfa29bd2e40703ba45523702,4,344.78,67.63,86.195,16.9075,5.0,3,3,pet_shop,412.40999999999997,SP,santa barbara d´oeste
26bad72add1f86e08a776ce4ffdaf1ca,7,622.0,123.92,88.85714285714286,17.702857142857145,4.428571428571429,7,5,food_drink,745.92,SP,pedregulho
26d6bbee02420494d471c9f6436929c0,13,434.51,247.19,33.423846153846156,19.014615384615386,4.6923076923076925,12,10,auto,681.7,PR,curitiba
26d8a1c7c75d513045798992ead43aa2,36,5937.13,653.33,164.92027777777778,18.14805555555556,4.333333333333333,34,20,perfumery,6590.46,PR,apucarana
26e13b6ff5b641b329e5524241ee2c93,4,119.69999999999999,69.97999999999999,29.924999999999997,17.494999999999997,4.0,4,4,fashion_bags_accessories,189.67999999999998,SP,franca
26e2c91ef821e1ff8985f408788fe35b,14,1649.4,274.47,117.81428571428572,19.605,3.0,12,10,bed_bath_table,1923.8700000000001,SP,ibitinga
26e2e5033827d2ba53929f43e03d8ffe,1,139.49,15.29,139.49,15.29,5.0,1,1,furniture_decor,154.78,SP,sao paulo
26f6b7ab07be3e9e69ce82a6552efc19,2,54.8,25.95,27.4,12.975,3.0,2,2,sports_leisure,80.75,RJ,rio de janeiro
270297ead4c65a6cd2593960d2af6b21,19,9344.4,537.36,491.81052631578945,28.282105263157895,3.736842105263158,17,12,furniture_decor,9881.76,SP,sao paulo
270572bb714b00531be85e16e1550f26,1,96.99,14.77,96.99,14.77,5.0,1,1,bed_bath_table,111.75999999999999,SP,maua
2709af9587499e95e803a6498a5a56e9,46,1180.56,549.73,25.664347826086956,11.950652173913044,2.6,25,15,health_beauty,1730.29,SP,sao paulo
270d3ef21830ad0ecf3a6c53d08a533a,17,471.0,217.61,27.705882352941178,12.800588235294118,2.2941176470588234,5,3,diapers_and_hygiene,688.61,SP,carapicuiba
271b8923c6a549e02d3c9fd1f8c0422b,1,105.19,13.4,105.19,13.4,4.0,1,1,construction_tools_construction,118.59,SP,praia grande
271c58a1d139c45eaf3316107c6d3a3b,27,3597.63,634.92,133.24555555555557,23.515555555555554,4.185185185185185,27,6,baby,4232.55,SP,sao paulo
272f092de69afedd4d2969440b37f18f,39,1846.3300000000002,528.13,47.341794871794875,13.541794871794872,4.081081081081081,25,24,fashion_bags_accessories,2374.46,SP,sao paulo
2745f798279e0ed033addcc1474776d7,32,3668.53,696.46,114.6415625,21.764375,3.967741935483871,32,13,sports_leisure,4364.99,SP,sao paulo
276677b5d08786d5dce7c2149dcce48b,45,3424.2,765.25,76.09333333333333,17.005555555555556,3.888888888888889,31,18,housewares,4189.45,MG,belo horizonte
27a56ff04b34c2ba34ce6ba4d3b9d616,8,349.28999999999996,102.98,43.661249999999995,12.8725,4.125,8,7,market_place,452.27,SP,campinas
282c7480173bb9c01dd41cc739fec010,8,4274.2,192.11,534.275,24.01375,4.428571428571429,5,4,health_beauty,4466.3099999999995,SP,sao paulo
282f23a9769b2690c5dda22e316f9941,109,6464.28,1866.77,59.30532110091743,17.126330275229357,4.330275229357798,98,41,food_drink,8331.05,MG,belo horizonte
28405831a29823802aa22c084cfd0649,6,210.0,72.83,35.0,12.138333333333334,4.5,6,1,christmas_supplies,282.83,SP,sao paulo
28872dc528e978a639754bc8c2ce5a4c,1,1009.9,29.0,1009.9,29.0,5.0,1,1,housewares,1038.9,RS,caxias do sul
289cdb325fb7e7f891c38608bf9e0962,125,13410.55,2075.52,107.28439999999999,16.60416,4.592,109,25,perfumery,15486.07,SP,belo horizonte
28a26ebce31d5918b181ede016fd693b,1,29.9,17.14,29.9,17.14,5.0,1,1,health_beauty,47.04,MG,belo horizonte
28c7d8743fbc8679f484868cc0fcaefb,3,201.5,68.86,67.16666666666667,22.953333333333333,5.0,3,2,health_beauty,270.36,SP,itaporanga
28d162ab86bb49d719c32f0ee6186eaa,1,109.99,17.21,109.99,17.21,4.0,1,1,sports_leisure,127.19999999999999,SP,ribeirao preto
28ea411b354f14b1a494be4e79f0ce02,6,820.0,76.93,136.66666666666666,12.821666666666667,4.666666666666667,6,6,bed_bath_table,896.9300000000001,SP,sao paulo
28f10b1c5e5abb9d4857745bede6147c,28,835.0,350.42,29.821428571428573,12.515,4.0,28,4,electronics,1185.42,SP,sao paulo
28fb0829fd777877cdc350d25cb5bd5b,2,279.8,42.08,139.9,21.04,5.0,2,2,health_beauty,321.88,SP,sao jose do rio pret
293dee954235e4e4e43f129313625ebe,8,1778.92,240.3,222.365,30.0375,5.0,8,6,Unknown / Uncategorized,2019.22,DF,brasilia
2953ce3a88f5e3c3b696d77fc9e4c8eb,15,470.0,161.32,31.333333333333332,10.754666666666667,4.666666666666667,14,7,books_technical,631.3199999999999,SP,sao paulo
296729ffb9b684050dd24836dac4494a,2,114.0,35.61,57.0,17.805,5.0,2,2,bed_bath_table,149.61,SP,curitiba
297d5eccd19fa9a83b2630071ff105e4,8,834.97,141.76,104.37125,17.72,5.0,8,3,housewares,976.73,PR,curitiba
299c89a525fee36c567f4fe72f038100,1,189.0,53.67,189.0,53.67,3.0,1,1,furniture_decor,242.67000000000002,CE,varzea alegre
29c322e3f09f886f8bacbe91dfbd979e,2,48.98,56.59,24.49,28.295,5.0,1,2,auto,105.57,RS,santa maria
29e6e05b65f93bc224c644319dc52ecf,4,475.6,83.32,118.9,20.83,4.75,4,3,baby,558.9200000000001,MG,juiz de fora
29fe9f200d3fa0c668d2aa1ec7e08dfb,5,400.0,114.16,80.0,22.832,4.0,5,4,telephony,514.16,SC,balneario camboriu
2a1348e9addc1af5aaa619b1a3679d6b,51,2697.4,727.37,52.89019607843137,14.262156862745098,3.04,48,33,furniture_decor,3424.77,MG,belo horizonte
2a167ca73899c85001a837d8fb4962f6,3,4097.0,100.62,1365.6666666666667,33.54,4.333333333333333,2,2,costruction_tools_tools,4197.62,SP,sao paulo
2a261b5b644fa05f4f2700eb93544f2c,82,5355.0,2041.73,65.3048780487805,24.899146341463414,3.341463414634146,51,21,furniture_decor,7396.73,SP,porto ferreira
2a50b7ee5aebecc6fd0ff9784a4747d6,2,199.8,64.44,99.9,32.22,1.0,1,1,construction_tools_construction,264.24,DF,brasilia
2a5b78b41cd05baeac8df54c6606b92c,56,15554.28,1021.19,277.755,18.235535714285714,4.303571428571429,46,23,health_beauty,16575.47,MG,formiga
2a61c271b1ac763450d846849783e922,22,1486.77,482.27,67.58045454545454,21.921363636363637,3.6818181818181817,17,6,health_beauty,1969.04,SP,santo andre
2a6fbeaa7ab9e5d59a35841a8da71ce4,30,1632.79,632.49,54.42633333333333,21.083000000000002,3.9310344827586206,30,10,small_appliances,2265.2799999999997,SC,jaragua do sul
2a73cba571d90c694b7caca072ccf6ce,2,342.78,38.7,171.39,19.35,5.0,1,1,furniture_decor,381.47999999999996,SP,sao caetano do sul
2a7c6c0b0d5efde2bf75ec1e1cec2d41,3,147.6,44.44,49.199999999999996,14.813333333333333,3.3333333333333335,3,3,furniture_decor,192.04,PR,maringa
2a7dc43cecabf23403078e2188437d1d,54,4795.91,833.71,88.81314814814814,15.439074074074075,4.092592592592593,52,14,furniture_decor,5629.62,SP,sao paulo
2a84855fd20af891be03bc5924d2b453,159,14989.0,3276.7200000000003,94.27044025157232,20.608301886792454,4.360759493670886,155,53,stationery,18265.72,MG,belo horizonte
2aa3443d7bf9d9bb11133f420d75e083,10,647.0,134.12,64.7,13.412,3.0,10,7,sports_leisure,781.12,RJ,rio de janeiro
2aafae69bf4c41fbd94053d9413e87ee,2,94.0,29.869999999999997,47.0,14.934999999999999,4.5,2,2,stationery,123.87,RS,porto alegre
2addf05f476d0637864454e93ba673d5,12,4552.0,325.64,379.3333333333333,27.136666666666667,5.0,12,8,computers_accessories,4877.64,DF,brasilia
2b03ac196f5ed62ac483960fe0fa3b65,7,843.1,92.09,120.44285714285715,13.155714285714286,4.142857142857143,7,5,health_beauty,935.19,SP,sao paulo
2b1a40c1daabc6ca280c4b815c101841,33,12342.6,1833.1399999999999,374.0181818181818,55.54969696969697,3.787878787878788,22,19,auto,14175.74,MG,divinopolis
2b2fed75b8e5ea3a052fc4c0825da485,4,510.9,59.93,127.725,14.9825,5.0,3,3,toys,570.8299999999999,MG,juiz de fora
2b3b9ce054da76a7428df143a567b156,6,301.0,62.28,50.166666666666664,10.38,3.1666666666666665,5,3,furniture_decor,363.28,SP,sao paulo
2b3e4a2a3ea8e01938cabda2a3e5cc79,54,23629.15,905.95,437.57685185185187,16.776851851851852,4.388888888888889,52,13,computers_accessories,24535.100000000002,SP,sao paulo
2b402d5dc42554061f8ea98d1916f148,1,299.89,63.9,299.89,63.9,5.0,1,1,toys,363.78999999999996,BA,irece
2b5ed0c9139dae8883a200dfcb272ece,4,85.41,59.34,21.3525,14.835,4.25,4,1,stationery,144.75,SP,sao paulo
2ba91c7ad80ff88b23b7db823b43c233,6,740.4,99.93,123.39999999999999,16.655,3.8333333333333335,6,4,pet_shop,840.3299999999999,SP,itu
2bd05d410a8fd26dc4184a15f4f2f588,7,1316.73,198.54,188.1042857142857,28.36285714285714,5.0,6,6,cool_stuff,1515.27,MG,belo horizonte
2bdb95a56a36ebbc6640337ac5eac174,1,89.9,18.0,89.9,18.0,5.0,1,1,health_beauty,107.9,SP,sao paulo
2be17df1c49978426251562096c3cc09,16,2165.0,312.55,135.3125,19.534375,4.1875,16,10,fashion_bags_accessories,2477.55,SC,tubarao
2bf28e311bba65237358230cabac3f15,8,294.0,183.88,36.75,22.985,3.875,7,6,costruction_tools_garden,477.88,PR,londrina
2bf6a2c1e71bbd29a4ad64e6d3c3629f,31,50628.9,1000.59,1633.1903225806452,32.27709677419355,4.193548387096774,30,28,watches_gifts,51629.49,RJ,nova friburgo
2c00c85d30361cd2ced2969cffbbffa3,1,49.8,7.71,49.8,7.71,5.0,1,1,baby,57.51,MG,belo horizonte
2c2c9832d1bb38c5b0034a3b47d313ee,1,49.9,18.45,49.9,18.45,3.0,1,1,perfumery,68.35,RS,santa maria
2c3d56f92f360fb89d849b84e8f50eae,7,425.1,111.75999999999999,60.728571428571435,15.965714285714284,3.4285714285714284,7,5,health_beauty,536.86,SP,barueri
2c43fb513632d29b3b58df74816f1b06,3,858.0,72.17,286.0,24.05666666666667,3.6666666666666665,3,3,pet_shop,930.17,MG,belo horizonte
2c4c47cb51acd5ea5db5e0ae0e26542a,15,2575.9,341.47,171.72666666666666,22.764666666666667,4.6,12,4,pet_shop,2917.37,SP,buritama
2c538755f1ca9540af144f266e70df6c,1,334.99,24.92,334.99,24.92,5.0,1,1,auto,359.91,MG,castro pires
2c54051840f19eca309a5423cf22df36,2,23.7,28.57,11.85,14.285,4.5,2,2,sports_leisure,52.269999999999996,PR,curitiba
2c9005d8043aff18b8557ffb7b13cda4,1,109.9,19.74,109.9,19.74,5.0,1,1,furniture_decor,129.64000000000001,ES,cachoeiro de itapemirim
2c9e548be18521d1c43cde1c582c6de8,171,6013.56,2456.53,35.16701754385965,14.365672514619884,3.9523809523809526,124,15,stationery,8470.09,SP,mogi das cruzes
2cb4700db635baa1c0d4f90ed27b6669,2,199.8,28.92,99.9,14.46,2.0,2,2,baby,228.72000000000003,PR,curitiba
2cb6eb1b7185064167657fa09f541105,7,1217.9,164.78,173.9857142857143,23.54,4.428571428571429,6,6,furniture_decor,1382.68,MG,sabara
2cb98e27ce1c18abdb42209b34c382a7,1,62.49,57.21,62.49,57.21,4.0,1,1,auto,119.7,SP,ribeirao preto
2d20f1cd18725c91147da0791d498022,1,99.8,19.89,99.8,19.89,5.0,1,1,housewares,119.69,PR,londrina
2d22fc3089eb907b29ebff50581fb472,3,317.70000000000005,59.69,105.90000000000002,19.896666666666665,3.6666666666666665,3,1,home_construction,377.39000000000004,RJ,macae
2d2322d842118867781fc737e96d59a1,10,176.4,104.97,17.64,10.497,4.9,8,5,health_beauty,281.37,SP,sao paulo
2d2c62bef4c8ba0dd74e0e228e808539,16,3749.0,481.48,234.3125,30.0925,4.125,16,9,small_appliances,4230.48,SP,ribeirao preto
2d34636518ba88f5349b732fcf8ba2e4,1,150.0,18.63,150.0,18.63,5.0,1,1,music,168.63,SP,sao paulo
2d378dbb39815785238c0139c7647fb7,2,1154.0,300.44,577.0,150.22,5.0,2,1,furniture_living_room,1454.44,SC,sao francisco do sul
2d42ebcda99fd55f6f4bc2f1ca035d50,11,921.5,282.47,83.77272727272727,25.679090909090913,4.0,10,3,small_appliances,1203.97,GO,uruacu
2d50d6282f8aa2257819a77bfaa0efe0,43,3008.48,754.17,69.9646511627907,17.538837209302326,3.744186046511628,42,14,bed_bath_table,3762.65,SP,ibitinga
2d518637f53161b973e01f56ea4bb88e,13,1219.8899999999999,319.81,93.8376923076923,24.60076923076923,4.923076923076923,13,2,sports_leisure,1539.6999999999998,SP,sao paulo
2d8cfba3fcd3170555941605edaa196a,1,45.0,10.96,45.0,10.96,5.0,1,1,books_technical,55.96,SP,osasco
2d9e8987a2ea5cf88dce330249043ff1,2,239.8,104.37,119.9,52.185,4.5,2,2,furniture_living_room,344.17,SP,jaci
2dcf93836ae3ce0d7c93e2f10876467a,12,1443.8,178.64,120.31666666666666,14.886666666666665,4.166666666666667,9,9,housewares,1622.44,SP,sao jose dos campos
2dd1fb6f0e42a2243b8a01e40cd41216,4,686.89,80.43,171.7225,20.1075,3.0,3,3,sports_leisure,767.3199999999999,PR,curitiba
2dee2ce60de9709b1a24083217181a1f,55,7784.5,2060.06,141.53636363636363,37.455636363636366,4.363636363636363,54,8,perfumery,9844.56,MT,sinop
2e0dba2da448400b1c11d7b4b22f32a4,13,235.87,171.83,18.143846153846155,13.217692307692309,3.769230769230769,7,5,auto,407.70000000000005,SP,santo andre
2e13c71026e1a39ba5cc1b86dcb679aa,28,3793.0,517.21,135.46428571428572,18.471785714285716,4.25,24,9,sports_leisure,4310.21,SP,sao paulo
2e1a7d075abe038c1b2743005fe42ff1,22,1366.8,344.89,62.127272727272725,15.67681818181818,3.8181818181818183,18,12,health_beauty,1711.69,SP,sao paulo
2e1c9f22be269ef4643f826c9e650a52,167,12170.24,2321.28,72.8756886227545,13.899880239520959,4.234939759036145,161,71,health_beauty,14491.52,SP,sao paulo
2e2f44824ab87a0cb961f68bf4073e7f,1,48.0,17.93,48.0,17.93,2.0,1,1,Unknown / Uncategorized,65.93,PR,curitiba
2e3be8a987a30d7544dbbda6861cc14e,15,2472.86,278.05,164.85733333333334,18.53666666666667,3.6,14,12,computers_accessories,2750.9100000000003,MG,belo horizonte
2e7ea2aafec5835e781b21d6d1faf1f1,7,528.4,118.22,75.48571428571428,16.888571428571428,4.5,7,4,health_beauty,646.62,SP,sao paulo
2e90cb1677d35cfe24eef47d441b7c87,137,13894.710000000001,2887.4500000000003,101.42124087591242,21.076277372262776,4.036496350364963,127,22,electronics,16782.16,SP,sao paulo
2ea0861cc19e94cad86438c984c52da4,6,165.6,62.449999999999996,27.599999999999998,10.408333333333333,3.3333333333333335,6,5,housewares,228.04999999999998,SP,sao paulo
2eb70248d66e0e3ef83659f71b244378,197,38990.72,3056.01,197.92243654822335,15.51274111675127,2.8092783505154637,187,28,watches_gifts,42046.73,SP,campinas
2ec6e37d992a95eaddb3369dcbcc76d9,2,159.8,24.14,79.9,12.07,1.5,2,1,housewares,183.94,RS,porto alegre
2ee0a0689f2f6a72f35a7cb6033f6e7e,4,272.0,52.84,68.0,13.21,4.0,4,2,fashion_bags_accessories,324.84000000000003,SP,presidente prudente
2eeb6531ee027a48d401e72bebdd87d3,3,38.7,40.0,12.9,13.333333333333334,4.333333333333333,3,3,perfumery,78.7,SP,sao jose dos campos
2ef086a599b597572aca4433b7ed6b3d,1,49.0,15.1,49.0,15.1,5.0,1,1,health_beauty,64.1,SC,jaragua do sul
2f09f7d37a97956d11cc1a7cadd5262b,8,625.0,126.91,78.125,15.86375,4.125,7,3,Unknown / Uncategorized,751.91,SP,ribeirao preto
2f1e7b90e01d9f086cbcb301c0c3d406,1,59.0,12.66,59.0,12.66,5.0,1,1,construction_tools_construction,71.66,SC,blumenau
2f3d8b4c9e2ee165075331fea3f3095a,1,130.0,17.35,130.0,17.35,5.0,1,1,Unknown / Uncategorized,147.35,SC,sao jose
2f4b0d3b9634b647d4edee577d7ebb7e,11,337.9,84.41,30.718181818181815,7.673636363636363,4.909090909090909,10,3,perfumery,422.30999999999995,SP,sao paulo
2f4b9d112bfa44a214bc6cef085d17c8,6,293.99,119.27000000000001,48.998333333333335,19.878333333333334,4.333333333333333,5,3,computers_accessories,413.26,ES,afonso claudio
2f73e04d12cdf0c945ded66bb3fcf6c7,3,1359.0,101.85,453.0,33.949999999999996,3.3333333333333335,3,3,garden_tools,1460.85,ES,cachoeiro de itapemirim
2f74af7a0ee5636f12c2336f9fffed47,13,560.6999999999999,163.76999999999998,43.130769230769225,12.597692307692306,4.3076923076923075,13,12,sports_leisure,724.4699999999999,SP,sao paulo
2f9b7ce230a057a98a9f5df5893ee36c,2,141.82,30.03,70.91,15.015,4.5,2,2,housewares,171.85,SP,barueri
2fa13c8bd5705d279f7ed5cc9ec61c68,4,87.4,61.3,21.85,15.325,5.0,2,2,perfumery,148.7,SP,sao paulo
2fb25ab44bdbeae6a4d816e0d0c9d500,5,683.08,78.21000000000001,136.616,15.642000000000001,4.8,5,2,small_appliances,761.2900000000001,RJ,volta redonda
2fdde51ad3e12f297da656d4fbd5d0b5,9,5803.0,551.92,644.7777777777778,61.32444444444444,4.777777777777778,9,3,garden_tools,6354.92,SC,joinville
2ff6b7bff164ef05590a52734e1296da,7,1803.59,151.53,257.6557142857143,21.647142857142857,4.714285714285714,7,6,industry_commerce_and_business,1955.12,PR,londrina
2ff97219cb8622eaf3cd89b7d9c09824,94,4339.1,1359.6,46.160638297872346,14.463829787234042,4.553191489361702,87,44,housewares,5698.700000000001,SP,salto
3076499bbc033a927bf4a8a41bcf7fd4,9,359.33,124.3,39.925555555555555,13.81111111111111,4.444444444444445,7,7,furniture_decor,483.63,SP,auriflama
3078096983cf766a32a06257648502d1,61,7910.84,1370.25,129.68590163934425,22.46311475409836,4.295081967213115,56,37,toys,9281.09,SP,scao jose do rio pardo
30829ded4523ab9224b93bc49a62c95f,31,6911.71,638.0,222.9583870967742,20.580645161290324,3.5806451612903225,18,13,computers_accessories,7549.71,RS,parai
3092c0b297aacfb4bb6e056ebe13b9b8,17,1184.3000000000002,313.98,69.66470588235295,18.46941176470588,4.176470588235294,16,15,housewares,1498.2800000000002,SP,aruja
30a2f535bb48308f991d0b9ad4a8c4bb,87,4731.3,1084.06,54.38275862068966,12.460459770114943,4.252873563218391,71,20,furniture_decor,5815.360000000001,SP,santa barbara d'oeste
30a81d8cf85fb2ada1b1b094c9583a95,20,1245.42,168.1,62.271,8.405,4.85,17,7,pet_shop,1413.52,SP,sao paulo
30c7f28fd3a5897b2c82d152bb760c17,6,1849.38,311.09000000000003,308.23,51.848333333333336,1.4,6,4,small_appliances,2160.4700000000003,RJ,niteroi
312ba1d77e9c332ef21f9598b7f64cd7,7,513.0,102.41,73.28571428571429,14.629999999999999,3.142857142857143,7,4,toys,615.41,SP,guarulhos
31344c16881c08a8a72c6d2eb29918c1,42,9365.8,2208.55,222.99523809523808,52.584523809523816,4.428571428571429,42,10,furniture_decor,11574.349999999999,MG,uba
31561f325664a8a7aba4c8d0c3a9b3db,38,2702.19,627.17,71.11026315789474,16.504473684210524,4.578947368421052,36,25,auto,3329.36,SP,sao paulo
318f287a62ab7ac10b703ac37435a231,61,2432.48,1097.04,39.87672131147541,17.984262295081965,3.918032786885246,51,7,bed_bath_table,3529.52,SP,sao paulo
31ae0774c17fabd06ff707cc5bde005f,11,6719.85,850.82,610.8954545454545,77.34727272727274,4.0,11,9,agro_industry_and_commerce,7570.67,SP,americana
31be790e64fc99f8ff48ec2bd18a3104,6,241.39999999999998,72.28,40.23333333333333,12.046666666666667,4.333333333333333,6,3,housewares,313.67999999999995,SP,sao bernardo do campo
31da954dc0855f2495c6310f70a2f931,30,4583.0,449.71,152.76666666666668,14.990333333333332,4.233333333333333,29,14,health_beauty,5032.71,SP,araras
31e60bf8d103ce47932a85f5562deb16,1,181.0,58.04,181.0,58.04,5.0,1,1,luggage_accessories,239.04,GO,goiania
31eec405c9bb71dec8e2629a92e764fa,5,256.89,170.24,51.378,34.048,4.6,5,5,auto,427.13,ES,cachoeiro de itapemirim
323ce52b5b81df2cd804b017b7f09aa7,29,2374.3,393.35,81.87241379310345,13.563793103448276,4.428571428571429,29,13,stationery,2767.65,SP,sao paulo
324583d68897f5ddbaf38f6248322176,3,84.0,43.989999999999995,28.0,14.663333333333332,1.0,2,1,furniture_decor,127.99,SP,sao jose do rio preto
325f3178fb58e2a9778334621eecdbf9,46,981.6999999999999,451.67,21.341304347826085,9.818913043478261,4.456521739130435,36,13,perfumery,1433.37,SP,taboao da serra
327b89b872c14d1c0be7235ef4871685,3,1177.0,81.8,392.3333333333333,27.266666666666666,2.3333333333333335,3,3,telephony,1258.8,AM,manaus
3289d8c3eef4873f91ce0b1343c0dd58,1,199.99,19.28,199.99,19.28,5.0,1,1,sports_leisure,219.27,SP,praia grande
328acb143b4a73aad6bee8e734f5d20d,2,699.98,34.769999999999996,349.99,17.384999999999998,4.0,2,2,computers_accessories,734.75,PR,foz do iguacu
3296662b1331dea51e744505065ae889,1,517.8,27.71,517.8,27.71,5.0,1,1,Portable Kitchen & Food Preparers,545.51,SP,catanduva
32b8764b4ef628b53608fc34011fcc13,38,8884.0,2970.42,233.78947368421052,78.16894736842106,4.2368421052631575,36,11,housewares,11854.42,SC,lages
32e5635e63cb374eb63afdd242fb6134,1,910.0,17.82,910.0,17.82,5.0,1,1,small_appliances,927.82,RJ,rio de janeiro
32f1bb9dfa65bc7df5c0d9d95a616be4,5,246.49,48.31,49.298,9.662,3.4,4,4,housewares,294.8,SP,sao paulo
32f83ffe11cd40f7adcf4eef171f52d9,1,29.99,15.1,29.99,15.1,5.0,1,1,health_beauty,45.089999999999996,RS,uruguaiana
32fdd5d44ecb43dfd6a24b9369eca144,8,479.2,138.68,59.9,17.335,4.375,8,5,stationery,617.88,MG,carmo do cajuru
333c4210e76a1aa2ab817b99437e3ff1,2,335.0,67.43,167.5,33.715,5.0,2,2,auto,402.43,SP,vargem grande do sul
3340ef1913fb70d28420f6ceb685c339,42,6731.15,750.4,160.2654761904762,17.866666666666667,4.333333333333333,32,15,computers_accessories,7481.549999999999,PR,maringa
334cab711dee080b079fa5779b584783,26,1069.7,351.66999999999996,41.142307692307696,13.52576923076923,4.961538461538462,11,10,furniture_decor,1421.37,SP,santo andre
33576ec5412fb5905d876f12f33bfde6,32,2718.0,569.98,84.9375,17.811875,4.125,31,1,fashion_bags_accessories,3287.98,PR,curitiba
3361277dc30b7cccdb0c286b24219756,42,3905.05,635.85,92.97738095238095,15.139285714285714,4.214285714285714,29,18,pet_shop,4540.900000000001,PR,maringa
3364a91ec4d56c98e44174de954b94f6,6,3579.94,273.91,596.6566666666666,45.65166666666667,3.8333333333333335,6,4,auto,3853.85,RO,porto velho
33a17d60c64393351ebf1ef860f4e0f2,47,8152.4800000000005,1279.38,173.45702127659575,27.22085106382979,4.617021276595745,43,11,housewares,9431.86,RS,porto alegre
33a6f4b1e7cdc205511e76ba1b6e0186,126,10295.01,1888.9,81.70642857142857,14.991269841269842,4.357142857142857,105,15,bed_bath_table,12183.91,SP,guarulhos
33ab10be054370c254ddfcf0a6253422,4,213.2,52.33,53.3,13.0825,5.0,4,2,health_beauty,265.53,RJ,rio de janeiro
33ac3e28642ab8bda860a2f693000e78,35,3661.03,490.09000000000003,104.60085714285715,14.002571428571429,4.228571428571429,34,18,sports_leisure,4151.12,SP,cotia
33c51922b6e3c16b24a8f28e5833c99d,20,6657.87,368.01,332.8935,18.4005,4.277777777777778,18,11,perfumery,7025.88,PR,londrina
33cbbec1e7e1044aaf11d152172c776f,16,730.67,398.83,45.666875,24.926875,4.6875,15,9,small_appliances,1129.5,RS,bento goncalves
33cbda8716511e27e556dff9d8418bf2,6,507.40000000000003,108.17,84.56666666666668,18.028333333333332,4.833333333333333,5,5,home_confort,615.57,SC,blumenau
33d677f27a69b84051204ee4ae76eaca,10,165.0,173.49,16.5,17.349,4.6,9,5,food_drink,338.49,SC,joinville
33dd941c27854f7625b968cc6195a552,5,6787.5,380.91,1357.5,76.182,4.4,5,1,housewares,7168.41,ES,vila velha
33fd411ed63a7c2f9005e3f065d9f85d,1,24.9,18.23,24.9,18.23,4.0,1,1,health_beauty,43.129999999999995,RS,condor
34056b8b55c1775a22af2331670a799c,77,6398.7,1751.51,83.1,22.746883116883115,4.038961038961039,77,58,auto,8150.21,SP,penapolis
340636a908b13bbe0f4fb63fbe1d0c03,3,490.5,36.0,163.5,12.0,5.0,3,3,pet_shop,526.5,SP,sao jose dos campos
343e716476e3748b069f980efbaa294e,24,922.5999999999999,312.1,38.44166666666666,13.004166666666668,4.0,17,6,books_general_interest,1234.6999999999998,SP,campinas
3442033154be05bac582e173ef54fd12,1,161.0,8.39,161.0,8.39,5.0,1,1,telephony,169.39,SP,sao paulo
344223b2a90784f64136a8a5da012e7f,1,10.9,16.79,10.9,16.79,2.0,1,1,food_drink,27.689999999999998,SC,gaspar
3442f8959a84dea7ee197c632cb2df15,3,218.70000000000002,27.9,72.9,9.299999999999999,3.0,3,3,sports_leisure,246.60000000000002,SP,campinas
34675b28b826facfde119785bf287dc1,1,21.99,15.1,21.99,15.1,4.0,1,1,auto,37.089999999999996,PR,cascavael
3481aa57cd91f9f9d3fa1fa12d9a3bf7,25,1773.03,774.14,70.9212,30.9656,3.88,25,7,furniture_decor,2547.17,SP,capivari
3492e68f37fd1df87f4f2f2ea247f445,9,787.86,169.4,87.54,18.822222222222223,3.5555555555555554,8,5,auto,957.26,SP,salto
34a557286ead8fe75c989e0afcf7d98c,4,414.9,58.56,103.725,14.64,4.75,4,2,health_beauty,473.46,SP,franca
34d1ca11b242c0fee2c834ae8d788566,41,13422.24,982.04,327.3717073170732,23.95219512195122,4.3,40,4,computers_accessories,14404.279999999999,MG,congonhas
34f563c82a85b99ae9e6d60db5fc2e28,8,2332.3,246.2,291.5375,30.775,4.625,8,4,musical_instruments,2578.5,RS,campo bom
3504c0cb71d7fa48d967e0e4c94d59d9,53,2349.94,687.37,44.338490566037734,12.969245283018868,4.415094339622642,53,14,cool_stuff,3037.31,SP,maua
35281d148dcf7134bae913c57db4e6da,1,119.99,17.03,119.99,17.03,5.0,1,1,housewares,137.01999999999998,SP,sao paulo
353e21e8bf8de2722b4fae1636664b76,4,208.0,91.89,52.0,22.9725,2.5,4,2,auto,299.89,RS,canoas
35857757f553273b1056c1cabdace7fb,6,454.6,118.74000000000001,75.76666666666667,19.790000000000003,4.0,6,6,auto,573.34,SP,ribeirao preto
3586b8580d9c917874e053a1bb37b5ff,43,1524.7,827.65,35.45813953488372,19.24767441860465,4.441860465116279,36,5,stationery,2352.35,SP,araraquara
35b96509602ec4b7da831b5cd73ff2c2,2,558.9,47.55,279.45,23.775,4.5,2,2,sports_leisure,606.4499999999999,RS,sao leopoldo
35ef5aa32949680f627efec3c23e705c,5,361.59999999999997,156.81,72.32,31.362000000000002,3.2,4,3,musical_instruments,518.41,SC,sombrio
35fb511489d9ee3ee27a76debce9df06,7,414.5,172.29000000000002,59.214285714285715,24.612857142857145,3.5714285714285716,7,4,pet_shop,586.79,PR,londrina
3606774ec64634822d78dc2db6d37045,1,179.9,16.37,179.9,16.37,5.0,1,1,garden_tools,196.27,SP,sao caetano do sul
365e445f796710c3431557e85caa25db,5,1115.0,79.3,223.0,15.86,4.4,4,4,Unknown / Uncategorized,1194.3,SP,sao paulo
365e4bce19bda0082c3d15d83fdb8bcd,7,796.4,98.61999999999999,113.77142857142857,14.088571428571427,4.714285714285714,6,6,sports_leisure,895.02,SP,sao caetano do sul
36890be00bbfc1cdb9a4a38a6af05a69,13,1361.3,239.57999999999998,104.71538461538461,18.429230769230767,4.230769230769231,13,5,baby,1600.8799999999999,SP,osasco
36a968b544695394e4e9d7572688598f,156,6864.47,2053.23,44.00301282051282,13.16173076923077,3.7243589743589745,148,39,computers_accessories,8917.7,SP,santos
36f98ad67cc981f50ce8aed093d5783c,2,119.4,39.22,59.7,19.61,4.0,2,2,electronics,158.62,PR,toledo
37303482a42fb700d8d127e70a9cd6c8,1,58.9,8.11,58.9,8.11,5.0,1,1,toys,67.00999999999999,SP,campinas
373ee4a3a775a733770ca3f790b8b9ac,22,2141.49,290.32,97.34045454545453,13.196363636363635,4.0,13,9,sports_leisure,2431.81,RJ,rio de janeiro
37515688008a7a40ac93e3b2e4ab203f,239,5954.1,3396.65,24.912552301255232,14.21192468619247,4.0928270042194095,227,3,consoles_games,9350.75,SP,dracena
376a891762bbdecbc02b4b6adec3fdda,58,6406.23,1287.4,110.45224137931034,22.196551724137933,4.672413793103448,57,13,sports_leisure,7693.629999999999,GO,goiania
376d67b61dce0c990155286e7ae486a4,1,94.0,17.91,94.0,17.91,4.0,1,1,health_beauty,111.91,SP,sao paulo
3771c85bac139d2344864ede5d9341e3,30,1433.3,408.96,47.776666666666664,13.632,3.566666666666667,26,7,Unknown / Uncategorized,1842.26,SP,sorocaba
377bc18334c78dd2f1535ef22a3ad225,1,135.98,88.46,135.98,88.46,5.0,1,1,garden_tools,224.44,PR,sao jose dos pinhais
3785b653b1b82de85ab47dd139938091,24,1552.0,481.27,64.66666666666667,20.052916666666665,4.75,21,7,housewares,2033.27,PR,ampere
37be5a7c751166fbc5f8ccba4119e043,278,54735.55,6021.21,196.8904676258993,21.659028776978417,4.327272727272727,269,9,bed_bath_table,60756.76,SP,sao paulo
37dd29b36c458d82f74a953c40c43645,8,4536.99,479.44,567.12375,59.93,4.0,7,5,home_construction,5016.429999999999,SP,limeira
38102b031c2a15e54623d711bfc753d3,10,418.0,308.21000000000004,41.8,30.821000000000005,3.9,8,5,housewares,726.21,CE,mucambo
381c83fdca332ea6afd896da20bf6e4a,46,7355.8,999.21,159.90869565217392,21.72195652173913,4.391304347826087,46,37,watches_gifts,8355.01,PR,curitiba
382229d1e840115ffe3dbf5ff460e417,48,4037.06,853.27,84.10541666666667,17.776458333333334,4.3125,45,23,housewares,4890.33,RJ,rio de janeiro
385799a1cddbd26dfeb9157356a42282,6,551.9399999999999,74.78,91.99,12.463333333333333,4.833333333333333,4,3,sports_leisure,626.7199999999999,SP,sao paulo
38874e327ce94d11390b96eb42d61928,6,3779.94,378.49,629.99,63.08166666666667,4.0,6,2,office_furniture,4158.43,SP,itaquaquecetuba
389e45560e33d2d0747f949dcddbc08e,1,39.0,8.43,39.0,8.43,5.0,1,1,auto,47.43,SP,sao jose dos campos
38af8acfd46ac4a7bf754e8ca6736664,5,345.0,52.94,69.0,10.588,4.8,5,2,cool_stuff,397.94,SP,sao paulo
38e679b9e0064cd94c6f035707344dae,28,3644.15,692.47,130.1482142857143,24.73107142857143,4.148148148148148,27,11,sports_leisure,4336.62,PR,londrina
38e6dada03429a47197d5d584d793b41,12,596.14,206.91,49.678333333333335,17.2425,3.3333333333333335,7,8,Unknown / Uncategorized,803.05,SP,sao paulo
38f276ca6e7cc95a6d1bb55ac9e5550f,1,24.99,11.85,24.99,11.85,5.0,1,1,Unknown / Uncategorized,36.839999999999996,SP,marilia
3903c788ded8dc03b5ebab37a2f3e9a1,5,119.97999999999999,51.269999999999996,23.996,10.254,4.0,5,4,health_beauty,171.25,SP,carapicuiba
391bbd13b6452244774beff1824006ed,1,63.9,17.7,63.9,17.7,1.0,1,1,sports_leisure,81.6,SP,campinas
391fc6631aebcf3004804e51b40bcf1e,605,39475.3,10083.84,65.24842975206612,16.667504132231404,3.9783333333333335,521,130,furniture_decor,49559.14,SP,ibitinga
392353362d22cc2c236e1ee81ff19890,10,288.7,191.97,28.869999999999997,19.197,4.6,5,3,construction_tools_construction,480.66999999999996,SC,blumenau
392e0502231ae2f8b29994ef6398cd77,17,1572.9,309.89,92.52352941176471,18.228823529411763,4.352941176470588,17,10,health_beauty,1882.79,SP,cerqueira cesar
392f7f2c797e4dc077e4311bde2ab8ce,2,52.0,36.56,26.0,18.28,5.0,2,1,auto,88.56,RN,rio de janeiro
3935fe5fe0f82787a9dcb8deb62be09d,17,1681.69,419.65999999999997,98.92294117647059,24.685882352941174,3.9411764705882355,16,8,computers_accessories,2101.35,SP,sao paulo
3968920b9aa752ab98f7d5888c9252f2,10,523.3,157.71,52.33,15.771,4.1,8,8,housewares,681.01,SP,bauru
3969863bb8af7f72580b3b1ffd3a17b3,13,623.15,226.87,47.934615384615384,17.451538461538462,4.0,12,5,sports_leisure,850.02,SP,sao paulo
397c4d0c005b6f41f90098ac724e28cb,5,8177.0,445.37,1635.4,89.074,4.4,5,4,small_appliances,8622.37,SP,santo andre
3985a3c45be355a4c57fde108bfabd1c,8,344.2,172.0,43.025,21.5,4.125,7,5,consoles_games,516.2,RS,rolante
3986c0b54f6b748b75e7bd4e092aa3e5,1,24.99,15.28,24.99,15.28,5.0,1,1,perfumery,40.269999999999996,PR,curitiba
398cb257329ef7af7f1943a8974a3cbc,1,145.9,15.47,145.9,15.47,5.0,1,1,drinks,161.37,BA,salvador
39a5005f2605cbdb4f9ac14485cabfd1,8,501.07,232.59,62.63375,29.07375,5.0,3,3,auto,733.66,SP,barretos
39c763cca83e654764b7a4a650fb9b7c,11,761.0,223.21,69.18181818181819,20.291818181818183,3.8181818181818183,11,4,sports_leisure,984.21,GO,goiania
39d54ff918774174706fb065d7f9dc07,24,1554.69,348.03,64.77875,14.501249999999999,3.9166666666666665,22,15,auto,1902.72,SP,sao paulo
39d61be7a92eb77b7da367bd4845bc0e,14,700.59,209.03,50.042142857142856,14.930714285714286,4.214285714285714,7,6,furniture_decor,909.62,SP,sao paulo
39f776d2974049026ff531fc42ef2a3e,4,1084.04,90.37,271.01,22.5925,4.0,3,3,construction_tools_safety,1174.4099999999999,GO,goiania
3a1a1fec38dd360f15fc912e821e169d,15,2007.38,371.25,133.82533333333333,24.75,3.8666666666666667,15,12,auto,2378.63,SP,sao paulo
3a3c180dd702a725bd0ba4117689239e,1,41.9,35.48,41.9,35.48,4.0,1,1,pet_shop,77.38,PR,uniao da vitoria
3a3e46d10f74d8a6ca76e2b538f106a0,5,299.9,66.67,59.98,13.334,4.8,2,2,food_drink,366.57,SP,sao paulo
3a4127e1ba7208ea37044c5092aae170,5,1842.6999999999998,81.45,368.53999999999996,16.29,4.0,5,2,telephony,1924.1499999999999,SP,sao paulo
3a490ba60afa30ece0e7d50cfe74a4f0,8,1529.2,165.87,191.15,20.73375,4.625,8,3,fashion_bags_accessories,1695.0700000000002,MG,belo horizonte
3a52d63a8f9daf5a28f3626d7eb9bd28,1,35.0,17.78,35.0,17.78,1.0,1,1,sports_leisure,52.78,SP,aguas claras df
3a734b715d333a2588a3d54a0c9b8746,21,2121.52,348.3,101.0247619047619,16.585714285714285,4.666666666666667,15,9,telephony,2469.82,SP,osasco
3a79f35a2344ede41af21267f61d5ec6,1,186.0,31.71,186.0,31.71,1.0,1,1,Unknown / Uncategorized,217.71,SP,campinas
3aa3c89ae3cd482385568be76120f63c,1,29.9,19.04,29.9,19.04,4.0,1,1,auto,48.94,GO,goiania
3ab971ce71839580d2ae5b4e40fe8044,37,4917.0,880.25,132.8918918918919,23.79054054054054,3.888888888888889,35,8,housewares,5797.25,SP,sao paulo
3ac588cd562971392504a9e17130c40b,1,11.9,7.39,11.9,7.39,5.0,1,1,fashion_bags_accessories,19.29,SP,limeira
3ade81dab5a172b88e1871c28ae05260,30,5383.6,1437.99,179.45333333333335,47.933,4.241379310344827,28,10,furniture_bedroom,6821.59,SP,sao jose do rio preto
3afc536624bc2e65bddfb5db33cc01f3,6,312.0,107.07000000000001,52.0,17.845000000000002,3.5,6,1,electronics,419.07,MG,belo horizonte
3b15288545f8928d3e65a8f949a28291,118,13764.82,2400.06,116.65101694915253,20.33949152542373,3.948717948717949,101,45,bed_bath_table,16164.88,SP,ibitinga
3b18f9856c6eb2413eafedb58e9eecd9,1,315.0,20.09,315.0,20.09,5.0,1,1,construction_tools_lights,335.09,SP,santo andre
3b872fd4747f01cc56206f2934198618,27,2726.7400000000002,1116.37,100.99037037037039,41.34703703703703,3.888888888888889,25,13,bed_bath_table,3843.11,SP,ibitinga
3bb32fedaa74e4ad20f4ce067733bd31,3,103.69999999999999,58.86,34.56666666666666,19.62,4.666666666666667,2,2,sports_leisure,162.56,SC,porto belo
3bb548e3cb7f70f28e3f11ee9dce0e59,53,7690.02,896.79,145.09471698113208,16.92056603773585,3.981132075471698,46,22,computers_accessories,8586.810000000001,PR,maringa
3bdff180c7e1f6551a643b99c265a120,58,3008.2000000000003,1003.88,51.865517241379315,17.308275862068964,4.175438596491228,56,17,computers_accessories,4012.0800000000004,SP,sao paulo
3be5841cdcc46de4ed3f9116f104b2c5,4,599.6,88.35,149.9,22.0875,4.75,4,4,construction_tools_construction,687.95,SP,barueri
3be634553519fb6536a03e1358e9fdc7,95,5231.02,1803.73,55.06336842105264,18.986631578947367,3.9894736842105263,80,38,housewares,7034.75,SP,sao paulo
3bfba5a77604f6dfae7e6dd7aaf65821,4,2095.5,122.69,523.875,30.6725,5.0,4,4,health_beauty,2218.19,PR,londrina
3c010235b7345c92f125d14ee232a76b,15,3578.0,427.32,238.53333333333333,28.488,4.666666666666667,15,6,pet_shop,4005.32,PR,mandirituba
3c03b12bab54d8b37d79d914bfdb1aa0,43,4236.34,683.43,98.51953488372094,15.893720930232558,3.880952380952381,37,12,sports_leisure,4919.77,RJ,sao joao de meriti
3c3017960b2dbd72711a61f0400aab8f,9,878.9000000000001,228.72,97.65555555555557,25.413333333333334,3.888888888888889,9,3,furniture_decor,1107.6200000000001,SC,jaragua do sul
3c487ae8f8d7542beff5788e2e0aea83,33,9385.699999999999,719.65,284.4151515151515,21.80757575757576,3.909090909090909,30,11,fashion_bags_accessories,10105.349999999999,DF,gama
3c4e0452bff7a2a788179488d3d77032,36,3746.4,606.12,104.06666666666666,16.836666666666666,3.742857142857143,32,10,toys,4352.52,PR,colombo
3c7c4a49ec3c6550809089c6a2ca9370,158,4002.75,1796.46,25.33386075949367,11.370000000000001,3.7341772151898733,139,24,perfumery,5799.21,SP,sao paulo
3c88ed2e76a2247933a15daa7161eb1c,1,155.0,151.2,155.0,151.2,5.0,1,1,pet_shop,306.2,SP,cosmopolis
3ca08eeb8d5595949fed424bd3677742,13,1688.88,449.1,129.91384615384615,34.54615384615385,4.6923076923076925,13,6,toys,2137.98,PR,curitiba
3cfa1358a6caa965278721344c8d76f2,5,3140.2799999999997,81.25,628.0559999999999,16.25,4.8,5,4,home_construction,3221.5299999999997,SP,sao bernardo do campo
3d01d1c414c44b5943a09619ff3853cb,4,303.6,73.22,75.9,18.305,4.5,4,1,baby,376.82000000000005,SP,campinas
3d0cd21d41671c46f82cd11176bf7277,11,447.8,174.57999999999998,40.70909090909091,15.87090909090909,4.7272727272727275,9,6,cool_stuff,622.38,SC,joinville
3d2400ac620cffa23ac81bd192f7f555,1,105.0,8.9,105.0,8.9,5.0,1,1,costruction_tools_tools,113.9,SP,sao bernardo do campo
3d2531eccfbde1d7c8db7a3a12fb267a,10,1999.54,213.06,199.954,21.306,4.222222222222222,10,2,health_beauty,2212.6,MG,contagem
3d290fe363c60a77498c1126fd3fb8d3,3,198.98,35.06,66.32666666666667,11.686666666666667,4.333333333333333,3,2,computers_accessories,234.04,SP,itapevi
3d39fbf22a665714baf62fae36029e23,8,2504.2,130.63,313.025,16.32875,4.75,8,4,sports_leisure,2634.83,SP,campinas
3d3ccf2b2f8134b10dce9dd446f0e075,3,608.6,141.93,202.86666666666667,47.31,3.3333333333333335,3,3,bed_bath_table,750.53,SP,ibitinga
3d4824f20035949c710eaf111f869d39,9,449.97,125.6,49.99666666666667,13.955555555555556,3.7777777777777777,8,7,music,575.57,SP,sorocaba
3d49bfdd1b43a7fe169b3740067acc61,3,215.0,61.82,71.66666666666667,20.606666666666666,4.666666666666667,3,2,construction_tools_construction,276.82,MG,montes claros
3d4b1ae7539303b5704493798893e82c,9,1076.0,145.69,119.55555555555556,16.18777777777778,4.666666666666667,6,6,musical_instruments,1221.69,SP,sao paulo
3d5d0dc7073a299e31fa718ce1bc00b6,22,674.8,352.32,30.672727272727272,16.014545454545456,4.2727272727272725,21,7,health_beauty,1027.12,RJ,rio de janeiro
3d621842b2ed28e2b474132480edac3c,8,873.9300000000001,123.21,109.24125000000001,15.40125,4.625,8,4,auto,997.1400000000001,SP,sao paulo
3d62f86afa7c73be2628a3be1423f5a0,2,12.0,42.42,6.0,21.21,4.0,2,1,books_general_interest,54.42,SP,jacarei
3d68c634a99a1ba46dbca3967a69c623,2,594.0,263.7,297.0,131.85,5.0,2,1,cool_stuff,857.7,SC,nova trento
3d700782d7818f2c1e0d7a9e9d75fc00,3,149.7,85.41,49.9,28.47,3.6666666666666665,3,1,pet_shop,235.10999999999999,SP,sertanopolis
3d871de0142ce09b7081e2b9d1733cb1,1131,93407.4,22108.25,82.58832891246684,19.547524314765695,4.150134048257373,1064,202,stationery,115515.65,SP,campo limpo paulista
3d8fa2f5b647373c8620330c4e077a9f,47,3501.74,793.98,74.50510638297872,16.8931914893617,4.186046511627907,42,11,garden_tools,4295.719999999999,SP,sao paulo
3da38366e7bd9baf6369071f782ecdf0,1,59.47,26.96,59.47,26.96,1.0,1,1,auto,86.43,CE,fortaleza
3db66a856d18a9cba7c9241fc5221c50,97,9478.300000000001,2044.36,97.71443298969074,21.075876288659792,4.195876288659794,94,38,sports_leisure,11522.660000000002,MG,ponte nova
3dbbce181edfaa4a597ec858c382d2ec,20,848.3,440.27,42.415,22.0135,4.35,17,13,books_general_interest,1288.57,PR,curitiba
3dc69bf2c42f0568a5c4791ec3fd3745,1,150.0,17.62,150.0,17.62,3.0,1,1,health_beauty,167.62,SP,sao paulo
3ded4e2d5f135cb103e5949d7263d2dd,1,49.9,12.48,49.9,12.48,5.0,1,1,computers_accessories,62.379999999999995,MG,pouso alegre
3df020b72d3d44b3af9d110fa3940b65,101,5039.9,1709.57,49.9,16.926435643564357,3.9504950495049505,55,13,furniture_decor,6749.469999999999,SP,jales
3dfd3dc96f7f8598eca74e9ac8a2fa31,6,183.0,75.7,30.5,12.616666666666667,4.0,6,6,housewares,258.7,SP,sao paulo
3e35a8bb43569389d3cebef0ce820f69,2,55.8,28.88,27.9,14.44,5.0,1,1,drinks,84.67999999999999,SP,sao paulo
3e46a38ee171c503c3b4a3f23fe3bf0c,1,59.9,9.11,59.9,9.11,5.0,1,1,health_beauty,69.00999999999999,SP,sorocaba
3e51f9cbe317bc3a88f2c76583811ee4,1,76.09,8.69,76.09,8.69,5.0,1,1,health_beauty,84.78,SP,sao paulo
3e8bd881d92466e63ba9e3e809cd3c50,9,1862.38,187.43,206.93111111111114,20.825555555555557,4.625,8,7,electronics,2049.81,RJ,rio de janeiro
3ea00e1dea2b0659dbaf654735929220,7,505.0,144.97,72.14285714285714,20.71,4.857142857142857,7,2,cool_stuff,649.97,PR,curitiba
3ea08c48e851106d2f584349daba335f,1,170.0,22.94,170.0,22.94,4.0,1,1,baby,192.94,MG,barbacena
3ef37b7ca6dd2b80bd8af81a62504996,2,700.0,40.97,350.0,20.485,4.5,2,2,cool_stuff,740.97,SP,sao paulo
3f0e48d209018b466fcd3bb4ccfeb520,10,5399.0,255.79999999999998,539.9,25.58,3.9,9,3,pet_shop,5654.8,PR,curitiba
3f2af2670e104d1bcb54022274daeac5,7,973.6,360.58,139.0857142857143,51.51142857142857,3.5714285714285716,6,5,furniture_decor,1334.18,PR,terra boa
3f3486b61f45078d4f31ee5e43d8c5bb,39,3769.73,883.4,96.65974358974358,22.65128205128205,4.333333333333333,39,12,luggage_accessories,4653.13,SP,sao paulo
3f8034bfc6b8b4135534975d49f04c63,14,1273.9,249.03,90.99285714285715,17.787857142857142,3.357142857142857,11,7,baby,1522.93,PR,curitiba
3f84fefc07dc159b268d4a77d3e8c425,3,200.6,51.32,66.86666666666666,17.106666666666666,5.0,3,3,health_beauty,251.92,PR,fazenda rio grande
3f995f07c49d0d55a99d5c54957f7d81,43,3955.7,671.5,91.99302325581395,15.616279069767442,4.209302325581396,43,3,auto,4627.2,SP,itapecerica da serra
3f9be91358837bff69df67edfa3e42e8,7,569.7,132.36,81.38571428571429,18.90857142857143,4.428571428571429,7,4,pet_shop,702.0600000000001,PR,londrina
3f9c56764fabca627406093dcb3ef0b4,7,909.3000000000001,105.64999999999999,129.9,15.092857142857142,4.714285714285714,7,3,sports_leisure,1014.95,RJ,rio de janeiro
3fac58ce0ad699020c7944d53c41329c,16,1244.95,183.02,77.809375,11.43875,4.5625,10,13,construction_tools_lights,1427.97,SP,sao paulo
3fadb4cba4c35bce6a7eaf9872d5623a,5,209.5,68.02000000000001,41.9,13.604000000000003,3.2,3,1,health_beauty,277.52,RS,caxias do sul
3faf68a3b0af94b10bac70d86077be49,7,1322.93,119.16,188.99,17.02285714285714,4.571428571428571,7,3,Unknown / Uncategorized,1442.0900000000001,SP,holambra
3fd1e727ba94cfe122d165e176ce7967,36,2747.4,548.49,76.31666666666666,15.235833333333334,3.9722222222222223,35,12,sports_leisure,3295.8900000000003,SP,araraquara
3fe7120d6257285ac6a3ce7cb071ccec,2,199.98,28.28,99.99,14.14,3.5,2,1,health_beauty,228.26,MG,governador valadares
3fefda3299e6dfaea3466ef346a3571a,1,209.0,16.21,209.0,16.21,4.0,1,1,electronics,225.21,PR,curitiba
4003520d80d0bad1d5623f7aa3c63cda,1,70.0,16.74,70.0,16.74,1.0,1,1,baby,86.74,RJ,rio de janeiro
402916f742e5c740cc751493d9cf5053,10,1252.0,226.43,125.2,22.643,4.7,9,5,health_beauty,1478.43,MG,guanhaes
403aa86912527d730337ffcb0fb096ab,11,8959.89,204.62,814.5354545454545,18.60181818181818,4.0,11,6,telephony,9164.51,MG,belo horizonte
4049512728d969bec69f84088b012416,9,389.84,160.43,43.315555555555555,17.825555555555557,5.0,7,7,sports_leisure,550.27,MG,belo horizonte
404e1ba01358af4cd63f679b2c4d1fa1,12,373.9,177.82999999999998,31.15833333333333,14.819166666666666,5.0,8,7,pet_shop,551.73,MG,juiz de fora
406740ee611378a662d274c7d8c43c4a,10,1790.0,182.08,179.0,18.208000000000002,4.1,8,2,fixed_telephony,1972.08,ES,vitoria
406822777a0b9eb5c50e442dd4cd3ec5,46,3548.09,901.12,77.13239130434783,19.589565217391304,4.355555555555555,44,18,toys,4449.21,SP,tatui
4091f77d8c768fc3e81c20761471761d,8,1079.0,230.87,134.875,28.85875,2.75,8,6,baby,1309.87,SP,sao paulo
40d54b51e962dbe09cabbcfd33298dee,31,6785.5599999999995,537.69,218.8890322580645,17.344838709677422,3.903225806451613,30,13,health_beauty,7323.25,SP,santo andre
40db9e9aa57f7bb151bcda6b0f9bdbb7,12,23168.0,655.99,1930.6666666666667,54.66583333333333,2.3636363636363638,12,9,auto,23823.99,PE,recife
40ec8ab6cdafbcc4f544da38c67da39a,2,117.8,39.2,58.9,19.6,5.0,2,1,housewares,157.0,PR,francisco beltrao
411f3b52d857390502ee4e4d5ceabc2d,30,1804.01,378.71,60.13366666666666,12.623666666666667,4.2592592592592595,21,13,construction_tools_construction,2182.72,SP,ribeirao pires
4125d9385a25e82d2f72d3a0fd55bc3f,1,42.9,18.4,42.9,18.4,5.0,1,1,housewares,61.3,SP,santos
412a4720f3e9431b4afa1476a1acddbe,22,2058.1,511.06,93.55,23.23,4.2727272727272725,21,8,sports_leisure,2569.16,SP,campinas
4170f6a9367e6b5d6401d03ce6d54569,5,568.78,93.03,113.756,18.606,4.2,4,3,computers_accessories,661.81,DF,brasilia df
417a1e6c7321084d2a0ae0d023cfad93,1,48.9,12.48,48.9,12.48,5.0,1,1,housewares,61.379999999999995,RS,imigrante
41958cbd3335433c8740300e8cd600d5,1,32.99,7.39,32.99,7.39,5.0,1,1,small_appliances,40.38,SP,sao paulo
41ab63a91b8b264e8c8780368bf1dd5b,13,2571.95,302.27,197.84230769230768,23.25153846153846,4.230769230769231,12,9,small_appliances,2874.22,MG,belo horizonte
41b14765bd56c8ad10971074380f9c0c,10,395.5,119.13,39.55,11.913,4.1,8,2,computers_accessories,514.63,SP,santo andre
41b39e28db005d9731d9d485a83b4c38,223,16306.75,3757.77,73.12443946188341,16.850986547085203,4.246636771300448,187,126,bed_bath_table,20064.52,SP,santo andre
41b86b552e54e3a7009596125aa8b167,11,1595.3,234.61,145.02727272727273,21.328181818181818,4.363636363636363,10,11,sports_leisure,1829.9099999999999,SP,sao paulo
41c2bad7229b0c25e6becf179ebf63ff,23,782.0,189.92,34.0,8.257391304347825,4.956521739130435,20,4,books_general_interest,971.92,RN,natal
41c9d3997dd3c072c31139dc5bb5761f,3,998.8,111.74000000000001,332.93333333333334,37.24666666666667,4.333333333333333,3,1,stationery,1110.54,MG,araxa
41da412d33e8da4f22baf55cb1bde82c,21,862.9,374.16,41.09047619047619,17.81714285714286,4.714285714285714,15,10,sports_leisure,1237.06,ES,domingos martins
41e0fa5761c886a630994a55c12087e7,5,423.6,68.31,84.72,13.662,5.0,5,2,health_beauty,491.91,SP,guaruja
4200ddf1967c5e41e48db62bc6d4b5ac,42,734.8,487.93,17.495238095238093,11.617380952380952,4.243243243243243,22,25,bed_bath_table,1222.73,SP,sao bernardo do campo
4221a7df464f1fe2955934e30ff3a5a1,5,849.5,239.54,169.9,47.908,4.8,5,1,baby,1089.04,BA,bahia
422be4cc81a457fdb46f47edeb968ae5,1,239.9,77.47,239.9,77.47,5.0,1,1,furniture_decor,317.37,SP,ibitinga
427165bf50f8ca07efc7bdc2bfcf1688,5,1603.5,89.4,320.7,17.880000000000003,3.2,5,3,health_beauty,1692.9,SP,americana
42b6488f5b8246d9141712abd4b1b693,2,247.99,41.81,123.995,20.905,4.0,2,2,health_beauty,289.8,PR,maringa
42b729f859728f5079499127a9c2ef37,131,4096.96,1299.96,31.274503816793892,9.923358778625955,4.364341085271318,103,18,health_beauty,5396.92,SP,sao paulo
42bde9fef835393bb8a8849cb6b7f245,39,7574.0,767.37,194.2051282051282,19.676153846153845,4.282051282051282,34,15,toys,8341.37,DF,brasilia
42d4b7e70819438f5ada61c965e92d7e,3,49.6,51.18,16.533333333333335,17.06,1.0,1,2,auto,100.78,GO,goiania
42ef3192a9ff87a22d1867b74b3ee205,23,1354.0900000000001,301.88,58.87347826086957,13.125217391304348,4.6521739130434785,23,20,toys,1655.9700000000003,SP,santo andre
42fa4ee7240e9b8eb4576358ec142ba7,22,3845.7,518.77,174.80454545454543,23.580454545454543,4.809523809523809,22,7,Unknown / Uncategorized,4364.469999999999,RS,caxias do sul
42fb44130ac3134cde8e35cf8ec7df25,2,43.8,25.48,21.9,12.74,5.0,2,2,fashion_bags_accessories,69.28,SP,pinhalzinho
430315b7bb4b6e4b3c978f9dfa9b0558,20,2864.4,550.16,143.22,27.508,4.0,19,13,housewares,3414.56,SP,sao paulo
4305fe92735c8a43d154ff6dd2b8d927,19,2606.1,393.54,137.16315789473683,20.71263157894737,4.105263157894737,17,5,sports_leisure,2999.64,MG,coronel fabriciano
431050a06a317f2b38168dec3dcd2b46,10,1370.0,206.15,137.0,20.615000000000002,4.5,10,5,health_beauty,1576.15,SP,sao paulo
431af27f296bc6519d890aa5a05fdb11,124,12974.6,2128.45,104.63387096774194,17.16491935483871,3.796747967479675,116,20,health_beauty,15103.05,SP,ribeirao preto
4324dd16853115efb0fd9d0d131ba6f4,18,1052.25,327.22,58.458333333333336,18.178888888888892,4.277777777777778,12,6,computers_accessories,1379.47,SP,sao jose do rio pardo
432c37c9dfba871172ec162e20118b8c,55,2679.87,934.93,48.72490909090909,16.998727272727272,4.290909090909091,44,16,cool_stuff,3614.7999999999997,DF,brasilia
432c67955c0acd1fd6b0b5d678766a71,1,389.0,60.65,389.0,60.65,5.0,1,1,health_beauty,449.65,SP,sao paulo
43402bdf22aa2310e8f99e2f94f78628,5,649.95,187.15,129.99,37.43,2.8,4,3,furniture_bedroom,837.1,SP,ribeirao pires
4342d4b2ba6b161468c63a7e7cfce593,2,528.9,34.54,264.45,17.27,1.0,2,2,watches_gifts,563.4399999999999,RJ,rio de janeiro
436bf27f2f18474fc6047702e9f8a866,1,29.9,14.52,29.9,14.52,5.0,1,1,baby,44.42,SP,campinas
4371b634e0efc0e22b09b52907d9d469,111,8168.0,1477.01,73.58558558558559,13.306396396396396,4.4363636363636365,101,39,sports_leisure,9645.01,SP,sao paulo
43753b27d77860f1654aa72e251a7878,1,23.9,42.38,23.9,42.38,5.0,1,1,furniture_decor,66.28,BA,barro alto
4391ea5c5990502176a1dcda44a2373d,5,2349.0,135.3,469.8,27.060000000000002,4.8,3,3,air_conditioning,2484.3,RS,porto alegre
439a47cc365d6e3bd526812ea9de3c29,13,1186.5,224.43,91.26923076923077,17.263846153846153,4.0,8,5,bed_bath_table,1410.93,SP,mogi das cruzes
43a1d4bab73b816e44ef4e4facd9f9b5,1,189.9,15.5,189.9,15.5,4.0,1,1,health_beauty,205.4,PR,maringa
43a5d4a57af536fddc96d08be3afdfcb,1,75.0,24.83,75.0,24.83,1.0,1,1,home_confort,99.83,MG,varginha
43b2c864251aa0ce4030c746984e088a,2,94.8,34.52,47.4,17.26,3.0,2,2,housewares,129.32,DF,brasilia
43f8c9950d11ecd03a0304a49e010da6,41,4249.59,557.63,103.64853658536586,13.600731707317074,4.560975609756097,41,21,consoles_games,4807.22,SP,carapicuiba
44073f8b7e41514de3b7815dd0237f4f,151,18380.64,3138.85,121.72609271523179,20.78708609271523,3.7466666666666666,142,76,health_beauty,21519.489999999998,DF,brasilia
440dd6ab244315c632130ecfb63827b1,92,13089.0,2046.68,142.27173913043478,22.246521739130436,3.891304347826087,91,28,sports_leisure,15135.68,SP,votuporanga
443d880f15cbd3572885e1d44bf2c478,2,94.8,30.2,47.4,15.1,2.0,1,1,furniture_decor,125.0,SP,marilia
4450bd8327d471c4a11a83d1445b1b62,1,199.0,15.56,199.0,15.56,5.0,1,1,health_beauty,214.56,SP,cotia
446cc09cdbb130904da114e807dbec40,3,252.8,54.17,84.26666666666667,18.05666666666667,4.666666666666667,3,3,party_supplies,306.97,SP,sao paulo
44717f64ec2a457979cf83c429077666,3,107.0,63.91,35.666666666666664,21.30333333333333,5.0,2,2,construction_tools_lights,170.91,RS,santa rosa
447d377bdb757058acb569025ee18a93,1,64.99,18.02,64.99,18.02,5.0,1,1,stationery,83.00999999999999,RS,carazinho
44ed138eca6214d572ce1d813fb0049b,3,129.79,56.01,43.26333333333333,18.669999999999998,4.666666666666667,2,2,health_beauty,185.79999999999998,RS,canoas
44f091b5abab8018f682fce8124b85e5,3,354.4,34.78,118.13333333333333,11.593333333333334,3.6666666666666665,3,3,sports_leisure,389.17999999999995,SP,sao paulo
45213867cefbf2cd4c6177e10216a951,14,4955.42,433.74,353.9585714285714,30.981428571428573,3.857142857142857,14,9,musical_instruments,5389.16,SP,araras
4559697a8f7e637227c2eeaed843baff,39,3486.3,703.22,89.3923076923077,18.03128205128205,4.205128205128205,39,3,home_appliances,4189.52,SP,presidente prudente
455befea1bb853c75ccbca94cff26e5c,1,19.99,22.06,19.99,22.06,3.0,1,1,health_beauty,42.05,RJ,resende
455c5640e8c5bd1b2ee85c0158f85727,8,6729.5,457.39,841.1875,57.17375,4.5,8,7,musical_instruments,7186.89,SC,luiz alves
455f46ef09a9e45667e2981df84b5cc2,1,29.9,18.31,29.9,18.31,4.0,1,1,electronics,48.209999999999994,SP,sorocaba
457fe919b032a3f7dadba6fb92cf7855,12,1104.89,141.22,92.07416666666667,11.768333333333333,4.833333333333333,9,8,bed_bath_table,1246.1100000000001,SP,paulinia
458c6fa920810ce2492da71bc26d9eec,2,756.76,105.61,378.38,52.805,2.5,2,1,health_beauty,862.37,SP,catanduva
458d868c9642f55f18f04e951a3fdde6,2,2718.0,104.75,1359.0,52.375,5.0,2,1,health_beauty,2822.75,RS,porto alegre
45a3d05fb00435e52a28859dd03703b3,1,1299.0,24.79,1299.0,24.79,5.0,1,1,toys,1323.79,SP,guarulhos
45ba18c210d42734ec52c0c1c574e9ee,38,5099.44,924.3299999999999,134.1957894736842,24.324473684210524,4.052631578947368,35,27,baby,6023.7699999999995,SP,sao roque
45c20d94d9171b0bcfab3c955e47d67b,4,129.45999999999998,81.11,32.364999999999995,20.2775,4.5,4,4,housewares,210.57,SP,cordeiropolis
45d33f715e24d15a6ccf5c17b3a23e3c,58,4518.49,864.98,77.905,14.91344827586207,4.172413793103448,56,31,computers_accessories,5383.469999999999,SP,sorocaba
461ff5303b6c9c1a4a07f40c5aece516,3,102.69999999999999,58.73,34.23333333333333,19.576666666666664,3.6666666666666665,3,2,health_beauty,161.42999999999998,PR,pinhais
466222e777149751370e7e98fb623b0c,1,87.9,17.55,87.9,17.55,5.0,1,1,auto,105.45,RJ,rio de janeiro
4677a5437afda5fa7140b927b07be1cc,11,3415.7,420.0,310.5181818181818,38.18181818181818,4.363636363636363,11,9,auto,3835.7,PR,japira
46dc3b2cc0980fb8ec44634e21d2718e,523,122811.38,11351.5,234.82099426386233,21.704588910133843,4.263565891472868,503,183,toys,134162.88,RJ,rio de janeiro
46ef1a25845fc051c2998d878354810c,5,250.41,98.04,50.082,19.608,4.4,5,4,housewares,348.45,MG,claudio
4736e9d642ef4257cd7622516931eb51,20,1078.8700000000001,370.90000000000003,53.94350000000001,18.545,4.15,16,12,air_conditioning,1449.7700000000002,SP,piracicaba
47648caee88ccfe951fbb27fbf7b4cbe,3,1564.99,68.0,521.6633333333333,22.666666666666668,3.6666666666666665,3,3,auto,1632.99,SP,diadema
478bfe564db21eeb44386606aa30b650,3,182.70000000000002,48.1,60.900000000000006,16.033333333333335,4.666666666666667,3,3,pet_shop,230.8,MG,pedro leopoldo
47efca563408aae19bb7206c2d969ea9,11,2383.0,408.55,216.63636363636363,37.14090909090909,4.363636363636363,11,4,auto,2791.55,PI,teresina
47f55702f598c7c6cc8458b0fbc1c49a,1,75.0,19.77,75.0,19.77,5.0,1,1,Unknown / Uncategorized,94.77,MG,dores de campos
48162d548f5b1b11b9d29d1e01f75a61,89,20109.39,2042.44,225.948202247191,22.94876404494382,3.8202247191011236,66,42,garden_tools,22151.829999999998,SP,piracicaba
4830e40640734fc1c52cd21127c341d4,212,9490.5,3011.92,44.76650943396226,14.207169811320755,4.183962264150943,204,52,housewares,12502.42,SP,sao paulo
48328ec9a579151d9cc6a86d4a59336c,1,1099.0,97.78,1099.0,97.78,2.0,1,1,cool_stuff,1196.78,RS,canoas
483ca627d131e18f988349b1655c0acd,1,264.0,19.73,264.0,19.73,5.0,1,1,health_beauty,283.73,SP,mogi mirim
48436dade18ac8b2bce089ec2a041202,147,11821.11,2840.9,80.41571428571429,19.325850340136054,4.129251700680272,134,22,cool_stuff,14662.01,SP,volta redonda
485452467ff670447e84a8370c3fc898,3,175.7,139.74,58.56666666666666,46.580000000000005,4.666666666666667,3,3,Unknown / Uncategorized,315.44,SC,taio
4867209cb29b56b92893d7bde3ce8012,1,150.0,19.15,150.0,19.15,4.0,1,1,health_beauty,169.15,SP,jau
4869f7a5dfa277a7dca6462dcf3b52b2,1148,226987.93,20019.13,197.72467770034842,17.43826655052265,4.139473684210526,1124,94,watches_gifts,247007.06,SP,guariba
48985c61529077fa4f1e38bcff0f2ed3,7,879.3000000000001,148.07,125.61428571428573,21.15285714285714,4.428571428571429,7,2,health_beauty,1027.3700000000001,RS,porto alegre
48b6c3f4c6a93171da04b75313f2130f,2,290.26,37.8,145.13,18.9,5.0,2,2,signaling_and_security,328.06,SP,osvaldo cruz
48bad451945f5227341793478d6353ea,3,307.0,77.49000000000001,102.33333333333333,25.830000000000002,4.0,3,2,books_general_interest,384.49,SP,sao paulo
48e5ee06fb2dc74df1c711a9b6dfac2a,3,57.0,45.3,19.0,15.1,5.0,1,1,construction_tools_construction,102.3,MG,oliveira
48e954b2da4f6a750c844173b347ed40,6,397.79999999999995,159.01,66.3,26.501666666666665,4.166666666666667,2,2,drinks,556.81,RS,porto alegre
48efc9d94a9834137efd9ea76b065a38,34,345.6,320.40000000000003,10.164705882352942,9.423529411764706,5.0,33,17,fashion_bags_accessories,666.0,PR,curitiba
48fb026ed7455a42f5d3e9390ed5088e,9,489.73,191.54,54.41444444444445,21.28222222222222,2.888888888888889,9,9,auto,681.27,RJ,barra mansa
49067458c68f7701fd334ce326accbe0,37,1047.6499999999999,573.85,28.314864864864862,15.50945945945946,3.324324324324324,17,15,costruction_tools_garden,1621.5,MG,juiz de fora
4917cee8d902e13428c3ec4b1ca6f315,31,5103.9,1074.44,164.64193548387095,34.65935483870968,4.161290322580645,31,7,home_appliances_2,6178.34,SC,blumenau
491a5ada3aa1678414e990262c4bbdc1,1,1420.0,15.58,1420.0,15.58,5.0,1,1,dvds_blu_ray,1435.58,SP,sao paulo
49383af7ab774e4e8f3000f49c83dc4b,12,660.0,242.23,55.0,20.18583333333333,4.583333333333333,8,1,bed_bath_table,902.23,SP,taubate
4965a7002cca77301c82d3f91b82e1a9,1,8.49,7.87,8.49,7.87,5.0,1,1,pet_shop,16.36,SP,sorocaba
497709c2976a8fa308730a2dec5b0726,2,76.0,18.04,38.0,9.02,5.0,1,1,stationery,94.03999999999999,SP,diadema
4978a02ea9c8be7a9b5480680f40334e,19,2356.61,340.23,124.0321052631579,17.90684210526316,3.5789473684210527,18,14,construction_tools_construction,2696.84,SP,sao paulo
499185655c29ecfdbfe776ef7cf875b5,1,89.0,17.33,89.0,17.33,4.0,1,1,bed_bath_table,106.33,RS,porto alegre
4992e76a42cb3aad7a7047e0d3d7e729,73,2171.2,992.36,29.742465753424653,13.593972602739726,3.8767123287671232,56,22,housewares,3163.56,SP,sao paulo
499ec63c58e51296c9cf57edcfe1c8a8,5,365.0,47.93,73.0,9.586,4.8,5,1,computers_accessories,412.93,SP,sao paulo
49cdc90518a4f82676b38b3c1aa43ff6,5,1539.5,82.61,307.9,16.522,3.8,5,5,auto,1622.11,SP,sao paulo
49e7217cfe4e427191c378ec626d8737,13,2868.8,352.09000000000003,220.6769230769231,27.083846153846157,4.153846153846154,12,9,housewares,3220.8900000000003,MG,formiga
49f8d2ea7b718d0ce587d34207caf2b4,1,149.9,15.36,149.9,15.36,5.0,1,1,pet_shop,165.26,SP,sao bernardo do campo
4a1917ef994878940e1fb03eeb787ad7,3,768.0,78.62,256.0,26.206666666666667,2.6666666666666665,2,2,fixed_telephony,846.62,DF,brasilia
4a1f694197d05fe70026b016a7316b41,23,907.77,370.98,39.46826086956521,16.129565217391306,4.391304347826087,14,12,furniture_decor,1278.75,SP,pedreira
4a23adac87cf538689fa600d976f78b2,3,405.0,35.41,135.0,11.803333333333333,4.333333333333333,3,1,furniture_decor,440.40999999999997,SP,sao paulo
4a3ca9315b744ce9f8e9374361493884,1949,196882.12,34338.31,101.01699332991278,17.61842483324782,3.8287493513233004,1772,394,bed_bath_table,231220.43,SP,ibitinga
4a3ccda38b2129705f3fb522db62ca31,73,16169.09,1339.72,221.49438356164384,18.35232876712329,3.808219178082192,64,43,construction_tools_safety,17508.81,SP,marilia
4a5b36211b1f51bf7eaa5c10a57fa483,1,139.19,16.07,139.19,16.07,5.0,1,1,auto,155.26,RJ,sao goncalo
4a82168aaef173cbb6e46ae88728f919,4,512.0,100.39,128.0,25.0975,4.0,4,2,health_beauty,612.39,PR,irati
4a82c4af97ffc0fb2dc26bfdc03b1842,3,143.7,67.2,47.9,22.400000000000002,5.0,3,3,Unknown / Uncategorized,210.89999999999998,MG,lagoa da prata
4aba391bc3b88717ce08eb11e44937b2,28,7286.88,760.5600000000001,260.2457142857143,27.162857142857145,4.0,27,25,sports_leisure,8047.4400000000005,BA,arraial d'ajuda (porto seguro)
4aba6a02a788d3ec81c03137144d9a80,1,89.9,15.38,89.9,15.38,5.0,1,1,health_beauty,105.28,SC,canoinhas
4b0fdb526525f9890eb145bf1534640e,20,2419.0,535.21,120.95,26.7605,3.95,18,10,bed_bath_table,2954.21,SP,ibitinga
4b1eaadf791bdbbad8c4a35b65236d52,5,960.0899999999999,68.95,192.01799999999997,13.790000000000001,2.6,5,4,consoles_games,1029.04,SP,ribeirao preto
4b39558c138930b9e5489c93b6df5fe3,5,1096.7,132.4,219.34,26.48,4.6,4,3,computers_accessories,1229.1000000000001,SE,aracaju
4b5f66b7adcf57f1ecc0d3c07dd6b177,38,6381.78,734.18,167.9415789473684,19.320526315789472,4.081081081081081,23,10,computers_accessories,7115.96,PR,vendas@creditparts.com.br
4b90495391ac0bd181a80a459df1e718,1,248.0,18.11,248.0,18.11,4.0,1,1,furniture_decor,266.11,RS,bage
4b9750c8ad28220fe6702d4ecb7c898f,221,15815.4,3358.45,71.56289592760182,15.196606334841627,4.352941176470588,217,33,baby,19173.85,SP,limeira
4b98b0428fc1932cc2514ef9ce2505e6,2,327.63,35.8,163.815,17.9,3.0,2,2,Unknown / Uncategorized,363.43,SP,taboao da serra
4ba52dfeba874da5b9ee7b17c7494f04,11,1463.0,204.91,133.0,18.62818181818182,4.363636363636363,11,11,books_technical,1667.91,SP,mogi das cruzes
4bcec44888b30ba9001234c534716d3f,5,146.0,63.23,29.2,12.645999999999999,4.6,5,2,health_beauty,209.23,SP,santo andre
4bde6149c15cf7e177b36fa060dd6de8,2,159.8,32.66,79.9,16.33,5.0,2,2,food,192.46,RS,carazinho
4be6b962d83299498bae2190f95d6566,12,508.8,182.29,42.4,15.190833333333332,4.181818181818182,11,6,small_appliances,691.09,SP,sao carlos
4be9ae93c4fc0f41713d71a4194ee1b3,1,109.9,27.07,109.9,27.07,5.0,1,1,sports_leisure,136.97,MG,divinopolis
4bf2f4ee540798a61f9636d12cd9cc80,30,4995.56,505.45,166.5186666666667,16.848333333333333,4.166666666666667,29,18,fashion_underwear_beach,5501.01,SP,assis
4bf658053d453036c70976bccb2c31b2,2,1742.99,81.57,871.495,40.785,4.5,2,2,Unknown / Uncategorized,1824.56,SP,sao jose do rio preto
4bfc7a4a1cf8d4d2121c27422d9e50b5,40,8124.4,1067.19,203.10999999999999,26.679750000000002,4.225,26,7,housewares,9191.59,SP,sao paulo
4c03b9dd4c11ee2cb35c96c49efc9420,48,6458.6,843.73,134.55416666666667,17.577708333333334,4.1063829787234045,48,5,toys,7302.33,SP,campo limpo paulista
4c18691b6037662be2df78a765d98ab5,67,3195.52,1120.99,47.694328358208956,16.731194029850748,3.8358208955223883,63,31,housewares,4316.51,SP,sao paulo
4c1c7281388a33dd06daac44f9fadbd1,5,188.32,81.59,37.664,16.318,4.8,5,5,toys,269.90999999999997,SP,marilia
4c2b230173bb36f9b240f2b8ac11786e,343,14474.57,4354.14,42.19991253644315,12.694285714285716,3.75811209439528,258,20,sports_leisure,18828.71,SP,sao paulo
4c498c7345e89aebad651544829beca0,47,4570.27,561.39,97.23978723404257,11.944468085106383,4.276595744680851,47,20,health_beauty,5131.660000000001,SP,carapicuiba
4c4d546adf3c3868fe19c9ec6e9ffda9,3,111.69999999999999,45.39,37.23333333333333,15.13,3.6666666666666665,2,2,pet_shop,157.08999999999997,PR,maringa
4c60877808f4318ef1107fbeb8f89afa,2,118.0,32.63,59.0,16.315,4.0,2,2,computers_accessories,150.63,SP,atibaia
4c61e37f664c3c88aff092aa5ac779d7,8,788.3100000000001,119.86,98.53875000000001,14.9825,4.0,7,3,consoles_games,908.1700000000001,RJ,niteroi
4c8545742faaf58fafd5fd14d25d75cf,4,3020.0,196.31,755.0,49.0775,4.5,4,4,auto,3216.31,SP,fernandopolis
4c8b8048e33af2bf94f2eb547746a916,23,1882.45,385.43,81.84565217391305,16.757826086956523,3.4782608695652173,19,19,bed_bath_table,2267.88,SP,ibitinga
4cc43a222a0f94910728b62b97a8c5f8,1,108.5,12.26,108.5,12.26,3.0,1,1,perfumery,120.76,SP,ribeirao preto
4cc4fd4fdd406a85bbdc1f824b731bd7,2,539.98,31.24,269.99,15.62,5.0,1,1,auto,571.22,PR,toledo
4ce8b55b4bfa4659184e7becc1fba3f2,2,199.0,59.870000000000005,99.5,29.935000000000002,3.0,2,2,auto,258.87,PR,fazenda rio grande
4cf490a58259286ada5ba8525ba9e84a,7,1075.3,142.55,153.6142857142857,20.364285714285717,3.4285714285714284,7,6,cool_stuff,1217.85,SP,tabatinga
4d0041cdbe51b4617d95c70b19decc74,8,5235.200000000001,230.29,654.4000000000001,28.78625,4.5,8,6,auto,5465.490000000001,MG,juiz de fora
4d232b78ab7ef10393dc3807d827bc0d,5,1475.0,214.99,295.0,42.998000000000005,4.4,5,2,auto,1689.99,MG,belo horizonte
4d600e08ecbe08258c79e536c5a42fee,7,3816.17,142.96,545.1671428571428,20.422857142857143,4.428571428571429,7,7,watches_gifts,3959.13,PR,entre rios do oeste
4d6d651bd7684af3fffabd5f08d12e5a,389,42999.0,7786.76,110.53727506426735,20.017377892030847,4.201030927835052,363,70,sports_leisure,50785.76,SP,jau
4d9fea3499bdc22aa4da4e339365f215,2,192.54000000000002,30.2,96.27000000000001,15.1,5.0,2,1,perfumery,222.74,SP,sao paulo
4da0e408c99d2fdc2126dc9fce518060,54,3026.0,938.73,56.03703703703704,17.38388888888889,4.444444444444445,44,30,sports_leisure,3964.73,PR,cornelio procopio
4dab98ca6cd6d3df586203cefd28a042,1,154.9,18.33,154.9,18.33,5.0,1,1,fashion_bags_accessories,173.23000000000002,RS,porto alegre
4dbd95a08b31ede5c82d3f861cb1ce1a,4,370.78000000000003,93.14,92.69500000000001,23.285,4.75,4,4,books_general_interest,463.92,PR,curitiba
4dc2e811a1760953cb7c6a590b498943,1,175.0,24.84,175.0,24.84,5.0,1,1,luggage_accessories,199.84,SP,itapui
4dc646b9b9e8e411ef48ba000ea3ac6f,5,289.7,63.56,57.94,12.712,2.4,4,4,perfumery,353.26,SP,valinhos
4ddeb3e828550cddc8d45c8bc36ab2d1,1,152.0,12.45,152.0,12.45,5.0,1,1,cool_stuff,164.45,SP,sao paulo
4de6e4ba574aa9dfdc824bc44dc47fdd,14,451.1,253.32,32.221428571428575,18.094285714285714,4.071428571428571,14,12,health_beauty,704.4200000000001,PR,colombo
4deebb3199eeafb282ae33229144f94b,5,779.7,141.79,155.94,28.357999999999997,3.4,4,3,signaling_and_security,921.49,SP,sao paulo
4e06067cc08b3f41d837768d392c3ee3,46,941.72,572.53,20.47217391304348,12.446304347826086,4.173913043478261,31,28,perfumery,1514.25,MG,betim
4e0d109ccfba9a1151c103049880c857,2,279.89,67.84,139.945,33.92,3.0,2,2,watches_gifts,347.73,RJ,sao joao de meriti
4e17c65a516f69d023a2ae78b84f28d6,74,7639.26,1155.54,103.23324324324325,15.615405405405404,4.081081081081081,61,47,health_beauty,8794.8,SP,suzano
4e2627090e6e5b9fabba883a37897683,1,39.9,11.72,39.9,11.72,,1,1,furniture_decor,51.62,MG,belo horizonte
4e326052e5dbba8adcd512f3450a307e,6,570.0,85.96,95.0,14.326666666666666,1.6666666666666667,3,1,christmas_supplies,655.96,SP,sao paulo
4e42581f08e8cfc7c090f930bac4552a,2,98.0,53.8,49.0,26.9,1.0,1,1,kitchen_dining_laundry_garden_furniture,151.8,SP,portoferreira
4e480be820e37de1444325ff358c9296,2,430.3,143.44,215.15,71.72,5.0,1,1,auto,573.74,MG,tres coracoes
4e5725ba188db8252977a4f0227bd462,24,1865.09,364.27,77.71208333333333,15.177916666666667,3.5416666666666665,21,13,computers_accessories,2229.3599999999997,SP,ribeirao preto
4e6015589b781adaa5ce7f1892d06bb1,3,684.0,56.5,228.0,18.833333333333332,3.6666666666666665,3,1,sports_leisure,740.5,SP,guaruja
4e7c18b98d84e05cbae3ff0ff03846c2,88,9038.9,2823.46,102.71477272727272,32.08477272727273,4.160919540229885,81,31,small_appliances,11862.36,SP,jaboticabal
4e85b538b0dad58852641540686d0e14,4,361.97999999999996,74.36,90.49499999999999,18.59,3.75,4,4,garden_tools,436.34,SP,sao jose dos campos
4e8dacf3d38f281ae26c3e0321d92d88,9,2055.46,140.57999999999998,228.38444444444445,15.619999999999997,2.888888888888889,8,4,Unknown / Uncategorized,2196.04,SP,sao paulo
4e922959ae960d389249c378d1c939f5,446,45338.42,7147.18,101.65565022421524,16.02506726457399,3.9027149321266967,412,134,computers_accessories,52485.6,SP,jacarei
4e92348462c75b6c842b994ce84a0ed4,1,69.9,15.59,69.9,15.59,5.0,1,1,health_beauty,85.49000000000001,RS,cachoeirinha
4ea2f12dbe91deeacd2c1e74f069a6e6,6,210.2,70.07,35.03333333333333,11.678333333333333,4.833333333333333,4,4,perfumery,280.27,SP,sao paulo
4eb61f060e7dcc1d5a80d806c35cc541,8,1313.0,153.12,164.125,19.14,3.875,8,3,home_appliances_2,1466.12,SP,sao paulo
4ebdc7e6cd6102a022dadc49156d4ea8,32,928.6999999999999,369.2,29.021874999999998,11.5375,3.75,29,23,furniture_decor,1297.8999999999999,SP,sao paulo
4eeb99008a0f59d2c7759c59f9a346eb,2,1282.0,38.95,641.0,19.475,4.5,2,2,telephony,1320.95,SP,embu das artes
4ef4c39cf3c24f326434cf0b2e48046a,8,792.0,109.51,99.0,13.68875,3.875,7,2,sports_leisure,901.51,SP,sao paulo
4f0d637c1197fd65405ebd755ac9f86b,2,199.8,32.67,99.9,16.335,5.0,2,2,health_beauty,232.47000000000003,SP,taboao da serra
4f1f1c8666cdb6442f775c4e8caed465,2,944.98,125.41,472.49,62.705,5.0,2,2,toys,1070.39,MG,belo horizonte
4fae87d32467e18eb46e4a76a0a0b9ce,1,100.9,19.9,100.9,19.9,5.0,1,1,construction_tools_safety,120.80000000000001,RS,ronda alta
4fb41dff7c50136976d1a5cf004a42e2,3,1230.0,66.77,410.0,22.256666666666664,4.0,3,3,watches_gifts,1296.77,BA,feira de santana
4fe2f67634d00c021aa01f96b6f2d68e,2,86.8,32.04,43.4,16.02,5.0,2,2,health_beauty,118.84,PR,maringa
5011f0d93373a4c5753adf58ca77af8d,21,859.52,363.67,40.92952380952381,17.317619047619047,3.6666666666666665,11,3,food_drink,1223.19,SP,santos
503c1de08ae81a2d86f17951b204db55,22,4906.99,414.90999999999997,223.045,18.859545454545454,4.409090909090909,22,2,baby,5321.9,SP,sao paulo
5058e8c1e82653974541e83690655b4a,77,9812.83,3008.63,127.43935064935064,39.07311688311688,3.08,62,30,office_furniture,12821.46,SP,itaquaquecetuba
5075aaa8404020ae6aa8bf4792099b41,15,1572.88,299.27,104.85866666666668,19.95133333333333,4.133333333333334,10,5,drinks,1872.15,MG,pocos de caldas
50770d25768b0486d89be26afca3108f,6,171.76999999999998,76.08999999999999,28.62833333333333,12.681666666666665,4.0,6,5,books_general_interest,247.85999999999996,SP,santo andre
508808d438fe2ff972ed13bb8f4a82e2,10,234.84,111.19999999999999,23.484,11.12,4.6,9,9,housewares,346.03999999999996,SP,sao paulo
50a7e551a7b3f8d37cd6e32d8bfbe5ea,1,140.0,27.96,140.0,27.96,5.0,1,1,drinks,167.96,SP,sao caetano do sul
50bf89f1349bc0409a268c3a49678009,1,179.9,102.57,179.9,102.57,5.0,1,1,furniture_decor,282.47,SP,jaci
50c9975695009e5e6473912e83a6d1da,68,3964.4,2919.55,58.300000000000004,42.934558823529414,3.985074626865672,50,36,sports_leisure,6883.950000000001,MG,claudio
51209b446b2073894bdc0face6c73ffc,4,359.6,79.28,89.9,19.82,4.0,2,1,furniture_decor,438.88,ES,vila velha
512d298ac2a96d1931b6bd30aa21f61d,12,7401.94,321.93,616.8283333333333,26.8275,4.25,11,8,musical_instruments,7723.87,RJ,rio de janeiro
513a54369b6a8a6602fcb0e129c6d78d,2,47.8,14.86,23.9,7.43,4.5,2,1,computers_accessories,62.66,SP,sao bernardo do campo
5145090ab595c0d0b8557199f5701fbf,4,1459.6,197.85,364.9,49.4625,4.25,4,4,bed_bath_table,1657.4499999999998,PR,curitiba
5151aea44289d6c6b090ee31c2132508,7,1315.3,167.17,187.9,23.881428571428568,1.8333333333333333,7,1,air_conditioning,1482.47,SP,marilia
515d781150feed28a6ac091bb0e3cb8c,6,1002.35,152.37,167.05833333333334,25.395,4.166666666666667,6,3,cool_stuff,1154.72,MS,campo grande
5160d23075764e18e07c1f4a87fad743,38,2359.0,478.64,62.078947368421055,12.59578947368421,4.447368421052632,33,29,toys,2837.64,SP,sao bernardo do campo
516e7738bd8f735ac19a010ee5450d8d,82,6463.19,1442.5,78.81939024390243,17.591463414634145,4.609756097560975,74,52,health_beauty,7905.69,RJ,rio de janeiro
51702dc2a3e106c76dbff722b5bf0726,14,2705.1,581.94,193.22142857142856,41.56714285714286,4.357142857142857,13,8,furniture_decor,3287.04,SP,conchal
5194c22ed1f616ec0c0f33c571542879,4,245.6,80.85,61.4,20.2125,4.25,4,3,home_appliances_2,326.45,MG,santa rita do sapucai
519a7aa428f18d125a283cf8c014fdd6,3,79.69999999999999,73.1,26.566666666666663,24.366666666666664,4.0,3,1,furniture_living_room,152.79999999999998,SC,rio do oeste
51a04a8a6bdcb23deccc82b0b80742cf,1,167.99,31.93,167.99,31.93,1.0,1,1,electronics,199.92000000000002,SP,braganca paulista
51e0557bc7b86de13e946c60ee91ce39,1,45.8,17.6,45.8,17.6,5.0,1,1,health_beauty,63.4,MG,belo horizonte
51e4e89242cbb846c2deff3dc015650e,16,822.58,353.17,51.41125,22.073125,4.625,16,10,garden_tools,1175.75,RS,rio grande
51ed72984a04e5dd35c2b27e77179038,7,1294.3,198.93,184.9,28.41857142857143,3.5714285714285716,7,4,home_appliances_2,1493.23,SP,sao jose do rio preto
51f108f62cb87d61918159902c8f8583,3,303.73,75.03,101.24333333333334,25.01,4.333333333333333,3,2,books_technical,378.76,PR,cascavel
52092ddbd3a58c450a4459bf051b2287,6,351.7,75.35,58.61666666666667,12.558333333333332,4.333333333333333,6,4,sports_leisure,427.04999999999995,SP,dois corregos
520b493b57809f446cb0a233bb3e25c7,73,3698.9,1063.97,50.66986301369863,14.574931506849316,4.383561643835616,63,28,housewares,4762.87,SP,santos
522620dcb18a6b31cd7bdf73665113a9,178,56690.49,4583.17,318.48589887640446,25.748146067415732,3.914285714285714,172,38,consoles_games,61273.659999999996,PR,cascavel
5236605f4d4b0b3e4df85b850393fca0,5,265.3,82.18,53.06,16.436,4.8,5,4,sports_leisure,347.48,SP,sao paulo
52454f90d4c30c016768db02f88c1a74,5,80.5,67.17,16.1,13.434000000000001,3.6,3,4,pet_shop,147.67000000000002,SP,campinas
52562a9f449c3dc3d53f5f5b9ed74903,14,3266.6,444.03999999999996,233.32857142857142,31.717142857142854,4.785714285714286,14,4,sports_leisure,3710.64,RN,parnamirim
525e75a6fb1454a2325ab1734bcec221,10,607.17,112.22,60.717,11.222,4.0,9,3,auto,719.39,SP,barueri
5275ca25d0358ca73864e0ae41be1320,4,409.6,69.22,102.4,17.305,4.75,4,3,stationery,478.82000000000005,SP,guarulhos
527801b552d0077ffd170872eb49683b,92,17942.8,2062.56,195.0304347826087,22.41913043478261,4.483516483516484,90,26,books_general_interest,20005.36,SP,garca
52831e5990d0771cb4951d6f12928167,1,65.0,13.12,65.0,13.12,3.0,1,1,sports_leisure,78.12,SP,tupa
528bcf6680c36dddf07620bd35b33a6f,2,969.98,43.86,484.99,21.93,4.5,2,2,health_beauty,1013.84,SP,sao paulo
528ce32f560edd11add4169f6a5b65be,2,59.8,15.3,29.9,7.65,5.0,2,2,Unknown / Uncategorized,75.1,SP,sao roque
52956b80ae65fda598f06f6b9943e7a9,3,792.0,66.85,264.0,22.28333333333333,4.0,3,1,perfumery,858.85,PR,maringa
52a50b42accf164f9f019941e5759d9b,4,139.96,57.059999999999995,34.99,14.264999999999999,4.75,4,2,food_drink,197.02,SP,monte alegre do sul
52a52b9f656520e99716f5bc40f661c8,8,783.1,148.12,97.8875,18.515,4.125,7,6,furniture_decor,931.22,SP,sao carlos
52ac6f920b7280e4c6d30dd94de6259b,7,5657.3,726.59,808.1857142857143,103.79857142857144,3.2857142857142856,6,5,office_furniture,6383.89,PR,pinhais
52b53f7061969fe471d119b6195da864,1,90.0,8.37,90.0,8.37,5.0,1,1,perfumery,98.37,SP,itajai
52bb00821bcdd358a5a5a27e1f6be5a1,2,349.8,38.629999999999995,174.9,19.314999999999998,4.5,2,2,musical_instruments,388.43,SP,osasco
52d76513f0c4d97f3b99570e2c94ee31,28,8153.1,889.26,291.1821428571429,31.759285714285713,3.88,19,15,industry_commerce_and_business,9042.36,RS,novo hamburgo
52f0fe436a347ddad7ed5f9aa4e27eaa,21,1452.49,436.34000000000003,69.16619047619048,20.77809523809524,3.4761904761904763,19,15,computers_accessories,1888.83,SP,sao paulo
52f6f9f13ba19504c02781132a049e75,1,199.0,23.13,199.0,23.13,3.0,1,1,furniture_decor,222.13,PR,curitiba
52f976b17ea7f2f087f56dcc419328f6,6,7630.0,862.65,1271.6666666666667,143.775,3.6666666666666665,6,5,sports_leisure,8492.65,PR,california
52f9db5cfb423382a2fa5c9e39303202,22,1218.78,345.75,55.39909090909091,15.715909090909092,4.318181818181818,21,7,home_appliances,1564.53,SP,echapora
5305693ffae2d3463377b1f6fe67b15a,1,93.56,12.99,93.56,12.99,5.0,1,1,Unknown / Uncategorized,106.55,SP,penapolis
53088c75f948b48a7ece173ac17f0c12,3,261.70000000000005,54.53,87.23333333333335,18.176666666666666,5.0,3,2,health_beauty,316.23,RS,triunfo
530ec6109d11eaaf87999465c6afee01,101,12682.11,2597.05,125.56544554455446,25.713366336633666,4.316831683168317,94,28,sports_leisure,15279.16,PR,cascavel
53243585a1d6dc2643021fd1853d8905,400,217940.44,12856.58,544.8511,32.14145,4.128140703517588,348,23,telephony,230797.02,BA,lauro de freitas
53336f97ddbe53e2a617d07b17447b95,1,599.5,75.33,599.5,75.33,5.0,1,1,home_appliances_2,674.83,SP,sao paulo
533d46c1b06970e99f09523a61df4972,2,159.98,32.64,79.99,16.32,4.5,2,1,electronics,192.62,SP,itapetininga
5343d0649eca2a983820bfe93fc4d17e,110,9819.02,2375.07,89.26381818181818,21.591545454545457,3.638888888888889,70,48,furniture_decor,12194.09,SP,santo andre
534a01cc6df1e034e05c32028a291fa2,5,235.59,59.86,47.118,11.972,4.4,5,4,housewares,295.45,SP,jundiai
535bf14f36346c7f59d87cece104d70c,1,50.0,7.77,50.0,7.77,4.0,1,1,construction_tools_lights,57.769999999999996,RJ,rio de janeiro
537eb890efff034a88679788b647c564,171,4617.9,2475.54,27.005263157894735,14.476842105263158,4.175438596491228,158,46,furniture_decor,7093.44,RJ,rio de janeiro
538caafddff204241cecbf3a02e6b3cf,8,128.4,90.41,16.05,11.30125,2.75,8,5,baby,218.81,SP,sao paulo
539ed9e19811677513447759be5eccfc,2,32.83,31.09,16.415,15.545,3.0,2,2,construction_tools_construction,63.92,MG,belo horizonte
53b0300ca793f9834cd69c0678d35ee8,10,1662.15,137.31,166.215,13.731,5.0,5,5,construction_tools_construction,1799.46,SP,indaiatuba
53d00c40e32aeb924a84ce72b1af869d,17,2165.85,296.22,127.40294117647058,17.424705882352942,4.352941176470588,17,9,bed_bath_table,2462.0699999999997,SP,ibitinga
53e4c6e0f4312d4d2107a8c9cddf45cd,512,29587.77,9696.16,57.78861328125,18.9378125,4.080392156862745,463,159,housewares,39283.93,SP,pedreira
54065e9aef7e9e9c2dc23b7594db021a,12,7079.0,242.78,589.9166666666666,20.231666666666666,4.333333333333333,12,10,cool_stuff,7321.78,RJ,rio de janeiro
5415337f1863452476d42d9f14a16a61,1,44.9,23.45,44.9,23.45,3.0,1,1,furniture_decor,68.35,MG,belo horizonte
54219883e72aad869adfb2a54b7bfa0f,5,6750.0,829.55,1350.0,165.91,3.2,5,3,toys,7579.55,SP,sorocaba
542917da124346b47ea1ac79a93ce454,20,1303.9,363.18,65.19500000000001,18.159,4.15,20,13,health_beauty,1667.0800000000002,PR,curitiba
544863df86ed3b78a04e0820d41430ee,1,23.9,15.27,23.9,15.27,5.0,1,1,stationery,39.17,ES,serra
54583ab379489add547fe47b628db589,10,2240.0,151.07999999999998,224.0,15.107999999999999,4.8,10,6,baby,2391.08,SP,sao bernardo do campo
54965bbe3e4f07ae045b90b0b8541f52,81,10351.7,2076.2599999999998,127.79876543209878,25.632839506172836,3.0657894736842106,73,52,bed_bath_table,12427.960000000001,PR,foz do iguacu
54a1852d1b8f10312c55e906355666ee,202,17056.46,3361.57,84.4379207920792,16.641435643564357,4.3681592039801,198,47,sports_leisure,20418.03,SP,santa barbara d'oeste
54aa8463e87776b5612f4bdc4bd5d4de,7,649.3,123.53,92.75714285714285,17.647142857142857,3.857142857142857,7,4,fixed_telephony,772.8299999999999,MG,belo horizonte
54c04bdb5ec46762f8f08c7e8f86ed4a,19,3281.66,476.12,172.71894736842106,25.05894736842105,4.315789473684211,18,12,sports_leisure,3757.7799999999997,SC,florianopolis
55029529919c0123526150bd26ca8f20,7,453.95,134.88,64.85,19.268571428571427,4.714285714285714,7,6,sports_leisure,588.8299999999999,MG,contagem
553a440137d6e0cf776aee0bb83ac9f5,2,144.8,30.34,72.4,15.17,1.0,2,2,musical_instruments,175.14000000000001,SP,limeira
5563732abe64c3036cb97ad924128dd1,3,404.0,37.6,134.66666666666666,12.533333333333333,4.666666666666667,2,3,health_beauty,441.6,SP,guarulhos
5566627eab3fe93fd6ee08798226101a,5,85.5,102.31,17.1,20.462,4.4,5,4,perfumery,187.81,PR,sao jose dos pinhais
556a6409838156ea299c9d1f9e2dde43,4,1362.8,86.84,340.7,21.71,3.25,4,4,housewares,1449.6399999999999,PR,curitiba
557f22c76691849db52d2abccf0015d0,13,799.87,308.67,61.52846153846154,23.743846153846157,3.3333333333333335,12,4,computers_accessories,1108.54,GO,morrinhos
5587130f9850696ed7fafbc91c2cee44,2,69.8,33.69,34.9,16.845,5.0,2,2,housewares,103.49,SP,sao paulo
559d56f3b8f0bc2e5a9a62fe2ce2a39f,2,385.0,48.72,192.5,24.36,2.5,2,2,baby,433.72,SC,joinville
55a5b51f93f2b70ea513f5a047b0262a,41,4002.3,847.08,97.61707317073171,20.66048780487805,4.487804878048781,39,5,sports_leisure,4849.38,MG,sao joao del rei
55bb6fe5bebe5012e2d7d9928e1128ff,16,1816.55,576.47,113.534375,36.029375,3.5625,15,11,stationery,2393.02,SP,bauru
55c26bcb609f480eb7868594245febb5,6,664.4000000000001,161.82999999999998,110.73333333333335,26.971666666666664,4.0,6,4,stationery,826.23,SP,tabatinga
55c96925041a14097b6a7825554f4ad5,6,170.0,45.89,28.333333333333332,7.648333333333333,4.666666666666667,5,5,furniture_decor,215.89,SP,sao paulo
55d3daac7c404d59e51c2aa2f4dc5a23,28,4480.6,1309.88,160.02142857142857,46.78142857142858,3.9285714285714284,21,7,signaling_and_security,5790.4800000000005,SP,sao paulo
55dedd83e501d8248880557d9073cbfd,9,1055.3,110.78999999999999,117.25555555555555,12.309999999999999,4.888888888888889,8,8,health_beauty,1166.09,RJ,rio de janeiro
55f7a3319d80f7fdf078b8f03e6725fe,22,3013.78,406.67,136.99,18.485,3.772727272727273,22,4,auto,3420.4500000000003,SP,osasco
562f8cfc51f265411f487d07e9c40e7f,13,766.9200000000001,199.32999999999998,58.99384615384616,15.333076923076922,4.538461538461538,13,4,cool_stuff,966.25,MG,belo horizonte
562fc2f2c2863ab7e79a9e4388a58a14,265,8659.25,4224.96,32.676415094339625,15.943245283018868,4.247148288973384,255,36,telephony,12884.21,SP,campinas
5656537e588803a555b8eb41f07a944b,185,7931.26,3324.29,42.871675675675675,17.969135135135136,3.8216216216216217,171,72,electronics,11255.55,DF,brasilia
5659d77e8d90378e39b960ad5956f64e,2,182.48000000000002,30.65,91.24000000000001,15.325,2.5,2,2,health_beauty,213.13000000000002,SP,taubate
56642bcb79900e777d68e91915cb4267,56,3657.64,814.15,65.315,14.538392857142856,3.767857142857143,48,8,health_beauty,4471.79,SP,sao paulo
5670f4db5b62c43d542e1b2d56b0cf7c,22,6630.09,582.5600000000001,301.3677272727273,26.480000000000004,4.409090909090909,22,14,perfumery,7212.650000000001,SP,sao paulo
56db5c0782e8f7ddc9343f9576ff6d16,2,734.8,57.15,367.4,28.575,3.0,2,2,air_conditioning,791.9499999999999,SC,palhoca
56e361f411e38dcef17cdc2a3d99628b,10,1298.0,1857.7600000000002,129.8,185.776,4.5,5,4,signaling_and_security,3155.76,SP,guarulhos
56f413900b5166ab4d730e9ac0b12cb0,3,151.79,42.45,50.596666666666664,14.15,4.666666666666667,3,2,sports_leisure,194.24,SP,sorocaba
570d4583587a5fe2d47c7be89b91ad27,2,125.25,23.67,62.625,11.835,5.0,2,2,health_beauty,148.92000000000002,SP,sao paulo
5721089ba9214e80074f27d5a03fc0eb,7,245.92999999999998,66.64,35.13285714285714,9.52,5.0,5,4,cool_stuff,312.57,SP,sao paulo
5733d806668f8712c24b9abaefbfa642,2,243.8,85.88,121.9,42.94,5.0,2,2,construction_tools_safety,329.68,SP,chapeco
5741dc2bf5044c34d0698681c5081bed,3,89.69999999999999,34.05,29.899999999999995,11.35,5.0,3,2,perfumery,123.74999999999999,SP,sao jose dos campos
575df70bde3f9f2b30bf8d2e9910d725,34,5410.05,753.37,159.11911764705883,22.157941176470587,4.117647058823529,27,17,furniture_decor,6163.42,SP,sao jose do rio preto
577719699805dd125d5b6fdde5943bba,8,1077.8000000000002,209.56,134.72500000000002,26.195,4.375,8,8,housewares,1287.3600000000001,RS,nova petropolis
578fa3a9cb6b6dceab39231ad59cdaca,3,150.0,37.2,50.0,12.4,3.6666666666666665,3,2,books_technical,187.2,CE,fortaleza
5795aebfe331fbcd02a2c4b679fb7952,6,1280.0,156.09,213.33333333333334,26.015,3.8333333333333335,6,3,health_beauty,1436.09,SC,palhoca
579891617139df7d8671d373f0669622,8,280.3,128.2,35.0375,16.025,4.5,8,7,books_general_interest,408.5,RJ,rio de janeiro
57a834594e1e9e9219603bfec184eadc,1,139.0,27.05,139.0,27.05,5.0,1,1,pet_shop,166.05,RS,santa rosa
57c764b4a836300be881e2ff86e449f9,29,1156.1000000000001,457.39,39.865517241379315,15.77206896551724,4.25,28,11,housewares,1613.4900000000002,SP,ribeirao preto
57d2ba47f7a3209aa347532ae75c1165,2,318.0,140.24,159.0,70.12,4.0,2,2,sports_leisure,458.24,SC,sao bento do sul
57df9869a600bd6b7c405f2a862eccfb,5,125.0,72.21000000000001,25.0,14.442000000000002,4.4,5,1,housewares,197.21,MG,santa rita do sapucai
57e632711dec9ec14ca7546769483e7e,65,6350.06,1207.98,97.69323076923078,18.584307692307693,4.446153846153846,62,20,health_beauty,7558.040000000001,SC,navegantes
57fe6232e67823593374a2281d7a8af8,8,178.68,105.36,22.335,13.17,4.75,8,7,books_general_interest,284.04,SP,capivari
582d4f8675b945722eda7c0cb61ba4c7,71,4702.96,980.97,66.23887323943661,13.816478873239436,4.112676056338028,59,25,electronics,5683.93,SP,bertioga
585175ec331ea177fa47199e39a6170a,1,3549.0,53.47,3549.0,53.47,5.0,1,1,computers,3602.47,MG,montes claros
586a871d4f1221763fddb6ceefdeb95e,2,198.0,41.48,99.0,20.74,1.0,1,1,furniture_decor,239.48,RS,porto alegre
5882820ef11c4c068eea0677a7a879b4,14,9925.5,739.31,708.9642857142857,52.80785714285714,4.153846153846154,14,6,furniture_decor,10664.81,RS,caxias do sul
58c851d1a3c7cd3da329eb59453fed44,2,268.99,24.270000000000003,134.495,12.135000000000002,5.0,2,1,pet_shop,293.26,SP,rio claro
58e4b302b54937e55a678c4d15111da4,1,49.9,14.52,49.9,14.52,5.0,1,1,health_beauty,64.42,PR,colombo
58f1a6197ed863543e0136bdedb3fce2,45,6833.0,1070.69,151.84444444444443,23.793111111111113,4.155555555555556,44,11,watches_gifts,7903.6900000000005,MG,conselheiro lafaiete
59417c56835dd8e2e72f91f809cd4092,18,36459.0,1198.77,2025.5,66.59833333333333,4.277777777777778,18,9,small_appliances,37657.77,SP,limeira
594f9aaa48e5bf431f011ddc5669b0d5,38,3248.8,887.61,85.49473684210527,23.35815789473684,4.578947368421052,37,24,stationery,4136.41,MG,contagem
5962468f885ea01a1b6a97a218797b0a,6,674.0,91.74,112.33333333333333,15.29,4.666666666666667,6,4,stationery,765.74,PR,curitiba
596849622429351f47b32e6cae1055ff,13,1069.8,153.1,82.29230769230769,11.776923076923076,4.083333333333333,13,11,telephony,1222.8999999999999,SP,mogi das cruses
5996cddab893a4652a15592fb58ab8db,1,810.0,70.75,810.0,70.75,5.0,1,1,garden_tools,880.75,SP,presidente prudente
59b22a78efb79a4797979612b885db36,133,27184.5,4897.57,204.39473684210526,36.82383458646616,3.9696969696969697,125,67,housewares,32082.07,MG,uberlandia
59bbc819b99a733f02f0d6b49d1c253d,2,139.8,22.950000000000003,69.9,11.475000000000001,5.0,2,1,housewares,162.75,SP,campinas
59cd88080b93f3c18508673122d26169,12,392.33,175.38,32.69416666666667,14.615,4.75,10,10,Unknown / Uncategorized,567.71,SP,praia grande
59cea8e446d3834393058e7e0666b6fb,10,696.6,204.54,69.66,20.454,4.6,10,5,computers_accessories,901.14,PR,maringa
59de1d4c8c057c2a53acd4ca66531af2,1,135.0,21.75,135.0,21.75,5.0,1,1,computers_accessories,156.75,PR,curitiba
59fb871bf6f4522a87ba567b42dafecf,125,21178.600000000002,2013.58,169.42880000000002,16.10864,4.256,123,23,health_beauty,23192.18,SP,sao paulo
5a05a16bb50629ee31afab8a6d4c2674,15,794.3,281.18,52.95333333333333,18.745333333333335,4.0,14,5,housewares,1075.48,RS,caxias do sul
5a32c398a06c345440bf2a683b017ad3,1,34.9,15.23,34.9,15.23,5.0,1,1,books_general_interest,50.129999999999995,RJ,rio de janeiro
5a413ade68e8f8d93071a7f52a64cb9e,14,778.9,153.77,55.635714285714286,10.983571428571429,4.642857142857143,14,4,health_beauty,932.67,SP,sao paulo
5a4236931428800e9d9cc04af0987118,3,44.97,45.69,14.99,15.229999999999999,5.0,1,1,housewares,90.66,SP,sao paulo
5a425cc503b39b262a847fd6212bf53b,14,1340.6000000000001,251.28,95.75714285714287,17.94857142857143,4.461538461538462,14,8,toys,1591.88,PR,londrina
5a6a02f419701fc8c605af71d4fc57a4,11,600.5,113.91,54.59090909090909,10.355454545454545,4.818181818181818,10,9,books_general_interest,714.41,SP,americana
5a8e7d5003a1f221f9e1d6e411de7c23,179,11042.1,2666.7,61.687709497206704,14.89776536312849,4.189944134078212,137,69,furniture_decor,13708.8,SP,campinas
5a93f3ab0ef4c84ed5e1b5dbf23978bc,43,2299.2799999999997,652.9399999999999,53.471627906976735,15.184651162790697,4.813953488372093,38,8,baby,2952.22,SP,monteiro lobato
5a9b3bcab695173c820e53934574ae80,1,139.0,64.77,139.0,64.77,5.0,1,1,furniture_decor,203.76999999999998,SP,salto
5a9c0859cb00fd8aa4db443837f0a700,2,208.0,47.59,104.0,23.795,4.5,2,2,health_beauty,255.59,SC,treze tilias
5ab05b6d86d417796c69ffd6774ec832,12,1886.1000000000001,256.75,157.175,21.395833333333332,3.6666666666666665,10,2,health_beauty,2142.8500000000004,SP,assis
5abb8ea023c77787f2c15da891c8d384,13,2241.0,746.2,172.3846153846154,57.400000000000006,3.923076923076923,13,5,cine_photo,2987.2,SC,joinville
5acd070dd3fe441bbb2ec1f1ede515ee,8,764.17,122.2,95.52125,15.275,2.75,7,5,Unknown / Uncategorized,886.37,SP,jundiai
5b07547f10dd980738a1a27f685af669,14,1134.6000000000001,185.47,81.04285714285716,13.247857142857143,4.5,13,3,health_beauty,1320.0700000000002,SP,guarulhos
5b0cc932433fa5184b5b94bfe6bcc256,17,1437.8,556.29,84.5764705882353,32.722941176470584,3.4705882352941178,12,4,furniture_bedroom,1994.09,SP,ibitinga
5b179e9e8cc7ab6fd113a46ca584da81,36,5173.5,665.64,143.70833333333334,18.49,3.5142857142857142,34,9,housewares,5839.14,SP,sao paulo
5b2e94f2c22b39ccc24d34ad0f669672,10,949.78,390.36,94.978,39.036,4.9,10,5,auto,1340.1399999999999,SP,sao paulo
5b33b527da3c5b969cc99dc435cad09a,17,1872.79,365.55,110.16411764705882,21.50294117647059,4.117647058823529,16,7,electronics,2238.34,PR,paranavai
5b35136197710e16ac5e7b7c2bd4ea85,9,3104.2000000000003,246.08999999999997,344.91111111111115,27.34333333333333,2.5555555555555554,7,5,housewares,3350.2900000000004,RJ,rio de janeiro
5b51032eddd242adc84c38acab88f23d,14,3280.0,268.95,234.28571428571428,19.210714285714285,3.7857142857142856,12,9,furniture_decor,3548.95,MG,borda da mata
5b581417df4480f632484ba681e53944,12,1641.6,572.41,136.79999999999998,47.70083333333333,3.5,11,9,toys,2214.0099999999998,SC,florianopolis
5b664594895aefb418afaee6d40a9a23,22,1008.8,226.38,45.85454545454545,10.29,3.6363636363636362,16,3,construction_tools_construction,1235.1799999999998,RJ,petropolis
5b67882648febfb6e1225e6ad7164f6b,30,6813.4800000000005,618.94,227.116,20.631333333333334,4.033333333333333,27,24,sports_leisure,7432.42,PR,umuarama
5b8154610ebb21fb90eb587365e673df,40,9048.05,1048.67,226.20125,26.21675,4.175,37,17,computers_accessories,10096.72,SP,sao jose dos campos
5b85809efd0d0e4dea1a9544e1280ed9,14,1804.6000000000001,292.76,128.9,20.91142857142857,4.357142857142857,12,8,health_beauty,2097.36,SP,presidente prudente
5b925e1d006e9476d738aa200751b73b,63,7748.5,1053.34,122.9920634920635,16.719682539682537,4.603174603174603,63,8,sports_leisure,8801.84,SP,sao paulo
5b92bfa4120daa27c574daa2e386c693,1,14.0,10.96,14.0,10.96,3.0,1,1,auto,24.96,SP,sorocaba
5b97c06a046398e7005b2b7c0d707a92,3,1139.97,198.44,379.99,66.14666666666666,4.0,3,1,musical_instruments,1338.41,MG,joao pinheiro
5bba18b40e8c973b0f32e748004775b0,1,739.98,44.82,739.98,44.82,5.0,1,1,furniture_decor,784.8000000000001,SP,itajobi
5bc237df65098fe211bb4818f4d26d78,2,126.80000000000001,57.09,63.400000000000006,28.545,4.5,2,2,computers_accessories,183.89000000000001,MG,uberlandia
5bc24d989e71e93c33e50a7782431b0e,17,3148.0,588.53,185.1764705882353,34.61941176470588,4.352941176470588,17,9,auto,3736.5299999999997,MG,campo do meio
5bc55dbe2f12b6af6d83ed46023e0dc8,21,2992.1,417.28,142.48095238095237,19.87047619047619,2.3333333333333335,17,9,sports_leisure,3409.38,MG,coronel fabriciano
5bf397d04035b5f45cc41e82ec106803,4,1525.0,47.28,381.25,11.82,4.25,3,2,small_appliances,1572.28,SP,sao paulo
5bffbafbb22daf6d3bfc216a46db8708,23,5239.7,454.5,227.81304347826085,19.76086956521739,4.695652173913044,21,8,computers_accessories,5694.2,RJ,nilopolis
5c030029b5916fed0986310385ec9009,10,4164.4,915.5,416.43999999999994,91.55,4.9,7,6,housewares,5079.9,SC,sao jose
5c243662ce92d84573bfaff24c3e3700,100,32862.02,1775.64,328.62019999999995,17.7564,4.1313131313131315,98,24,health_beauty,34637.659999999996,SP,sao paulo
5c3460cd3e8a984382ae254e7dd20d9f,10,775.76,198.54,77.576,19.854,4.7,9,5,baby,974.3,SP,sao jose do rio preto
5c6d4016c2a288f074fa0848a2b653d2,34,3100.0,498.13,91.17647058823529,14.650882352941176,4.205882352941177,31,16,computers_accessories,3598.13,SP,sao paulo
5c853bb56f70f4d14218944bae111d7a,24,263.13,251.06,10.96375,10.460833333333333,4.041666666666667,23,12,furniture_decor,514.19,SP,cotia
5ca5d579b5857ee8709479b1047cecc3,1,169.99,8.05,169.99,8.05,1.0,1,1,consoles_games,178.04000000000002,SP,sao paulo
5cbbd5a299cab112b7bf23862255e43e,38,2726.06,659.15,71.73842105263158,17.346052631578946,4.315789473684211,36,22,housewares,3385.21,PR,pinhais
5cf13accae3222c70a9cac40818ae839,155,14293.300000000001,3002.88,92.21483870967742,19.37341935483871,4.461038961038961,148,34,pet_shop,17296.18,MG,patos de minas
5cf1ec37aea089f45110c70653a166ab,2,35.0,28.580000000000002,17.5,14.290000000000001,5.0,2,1,Unknown / Uncategorized,63.58,SP,sao paulo
5d0363b33554b373851fc1622e4d5f3c,94,6548.79,2175.48,69.66797872340426,23.143404255319147,4.085106382978723,93,54,auto,8724.27,SP,atibaia
5d043cd5512d4bd2f88e5ccdd5736c38,1,650.0,64.91,650.0,64.91,2.0,1,1,sports_leisure,714.91,SP,sao paulo
5d378b73ab7dd6f0418d743e5dcb0bd1,6,11254.0,358.7,1875.6666666666667,59.78333333333333,3.8333333333333335,6,3,Unknown / Uncategorized,11612.7,SP,sao paulo
5d3bb11474a06bdc23fb9e89f1164ee0,32,3654.6,524.22,114.20625,16.381875,3.9375,31,10,furniture_decor,4178.82,SP,assis
5d505d2298ad549e4e4e835562fa0c1e,2,249.8,28.339999999999996,124.9,14.169999999999998,5.0,2,1,sports_leisure,278.14,SP,birigui
5d76d80a2f5f39c891b996a1bf4c9853,6,1238.5,171.25,206.41666666666666,28.541666666666668,4.833333333333333,6,5,electronics,1409.75,SP,sao paulo
5d9dc90a686a8fddacffab6bab5653a3,12,3761.94,369.33,313.495,30.7775,4.166666666666667,12,5,sports_leisure,4131.27,SP,santana de parnaiba
5d9f3746e112e696f98ea22c56b3e912,1,1322.64,47.77,1322.64,47.77,5.0,1,1,garden_tools,1370.41,SP,sao paulo
5db42a6cd9bf1bf0d3aab9582767f168,1,200.0,19.33,200.0,19.33,5.0,1,1,housewares,219.32999999999998,ES,vitoria
5dc203c7b84a0e71e878a179de05fb9a,5,421.9,128.15,84.38,25.630000000000003,4.0,5,3,garden_tools,550.05,SP,pompeia
5dceca129747e92ff8ef7a997dc4f8ca,343,111126.73,13576.19,323.9846355685131,39.580728862973764,4.017699115044247,322,47,luggage_accessories,124702.92,SP,santa barbara d´oeste
5de1c80811ce7007f62f00d971236c09,2,76.8,30.950000000000003,38.4,15.475000000000001,5.0,2,2,Unknown / Uncategorized,107.75,SC,florianopolis
5debea795b07621e1f90532e18f96145,33,1883.78,504.35,57.084242424242426,15.283333333333333,4.2727272727272725,25,22,health_beauty,2388.13,PR,apucarana
5def4c3732941a971cba8fdee992ede1,6,134.8,66.24,22.46666666666667,11.04,4.5,5,5,costruction_tools_tools,201.04000000000002,SP,sao paulo
5e063e85d44b0f5c3e6ec3131103a57e,1,22.9,7.42,22.9,7.42,5.0,1,1,health_beauty,30.32,SP,sao paulo
5e105f5c9f63f5f1fd75d6cb942e55b1,8,1471.9,273.83,183.9875,34.22875,4.5,8,6,housewares,1745.73,SP,sao jose do rio preto
5e106d93b717c2682b9383da480364a1,1,445.9,21.71,445.9,21.71,5.0,1,1,computers_accessories,467.60999999999996,PR,santa terezinha de itaipu
5e25c632f9db6cfb8bc100421c2737b6,1,259.0,19.91,259.0,19.91,5.0,1,1,sports_leisure,278.91,SC,chapeco
5e49e3a44bdeb5aab2684258bbd4f525,3,507.0,52.769999999999996,169.0,17.59,4.666666666666667,3,2,sports_leisure,559.77,SC,balenario camboriu
5e9f5bd34e0830569f05c9d4f56e04a8,2,239.98,34.88,119.99,17.44,4.5,2,1,luggage_accessories,274.86,RS,porto alegre
5ee7fd217d08dfe5d3e2f51f96a12c9a,9,1165.5,269.68,129.5,29.964444444444446,3.4444444444444446,9,8,auto,1435.18,SP,vargem grande do sul
5eeb9c756d9780b96283e5a2ac6da334,9,2471.0,247.74,274.55555555555554,27.526666666666667,4.222222222222222,9,7,sports_leisure,2718.74,SP,ribeirao preto
5ef131ac72773e5b3f6c0d63cf424657,11,575.79,246.2,52.344545454545454,22.38181818181818,3.8181818181818183,10,8,toys,821.99,SP,ribeirao preto
5f0057b677eb963672bf05dfa3f16c34,4,213.88,51.11,53.47,12.7775,5.0,4,4,audio,264.99,SP,sao paulo
5f06030071324cc52bf0304014ac7234,4,783.96,100.35000000000001,195.99,25.087500000000002,4.0,4,1,bed_bath_table,884.3100000000001,SP,marilia
5f1dc28029d2c244352a68107ec2b542,78,2807.3,996.16,35.991025641025644,12.771282051282052,4.428571428571429,62,36,health_beauty,3803.46,SP,sao paulo
5f2684dab12e59f83bef73ae57724e45,73,8870.970000000001,1109.75,121.52013698630138,15.202054794520548,3.7534246575342465,67,28,toys,9980.720000000001,SP,sao paulo
5f26c1408a65b42a7224cd463bdf3292,10,1139.8,217.29,113.97999999999999,21.729,4.8,10,9,health_beauty,1357.09,PR,arapongas
5f3ae9136c875522250f8184f253413a,45,1143.05,596.72,25.40111111111111,13.260444444444445,4.5777777777777775,42,24,books_technical,1739.77,SP,sao paulo
5f57db27027655e6c6a391601daa0258,1,98.0,53.04,98.0,53.04,5.0,1,1,auto,151.04,ES,viana
5f5a58930c3c35f3b5af264f34fb8c85,3,560.0,68.59,186.66666666666666,22.863333333333333,5.0,3,2,home_appliances_2,628.59,SP,ribeirao preto
5f5b43b2bffa8656e4bc6efeb13cc649,29,3677.2,555.45,126.8,19.153448275862072,4.448275862068965,27,18,stationery,4232.65,SP,sao paulo
5f67c6082caacb26e431a7b17940cece,14,1662.6,208.43,118.75714285714285,14.887857142857143,3.5714285714285716,13,3,computers_accessories,1871.03,PR,maringa
5f7300535881cef3b625fd683cf7d145,11,665.98,170.85,60.54363636363637,15.531818181818181,4.454545454545454,10,7,Unknown / Uncategorized,836.83,RS,canoas
5fd924b4836098a5be0ecf81ba054ce0,8,1148.8,135.54,143.6,16.9425,4.0,7,8,garden_tools,1284.34,SP,sao paulo
602044f2c16190c2c6e45eb35c2e21cb,55,3559.17,909.76,64.71218181818182,16.541090909090908,2.962962962962963,48,26,bed_bath_table,4468.93,SP,ibitinga
6025c79c035c3d772133b8b8238463b2,4,989.74,108.59,247.435,27.1475,5.0,2,3,auto,1098.33,PR,pinhais/pr
6039e27294dc75811c0d8a39069f52c0,74,13500.8,2334.7200000000003,182.44324324324324,31.550270270270275,3.864864864864865,63,10,electronics,15835.52,SP,osasco
60562ab00b8054280520d390c8c0045c,17,2943.0,304.09,173.11764705882354,17.88764705882353,4.764705882352941,17,5,auto,3247.09,SP,sao paulo
6061155addc1e54b4cfb51c1c2a32ad8,33,15633.4,879.91,473.73939393939395,26.663939393939394,4.696969696969697,28,15,pet_shop,16513.31,SP,campinas
606ce7768feac12c5e8bd58db8b08f0f,5,2916.6,102.26,583.3199999999999,20.452,4.8,5,5,watches_gifts,3018.86,SP,campinas
609e1a9a6c2539919b8205cf7c4e6ff0,130,6595.23,2687.19,50.73253846153846,20.67069230769231,3.598360655737705,87,69,bed_bath_table,9282.42,SC,brusque
60da8bfa7eebe230b7d66ac4082d79b3,3,86.6,38.67,28.866666666666664,12.89,4.333333333333333,3,2,computers_accessories,125.27,SP,fernando prestes
610f72e407cdd7caaa2f8167b0163fd8,17,13585.16,844.29,799.1270588235294,49.66411764705882,3.7058823529411766,16,16,bed_bath_table,14429.45,SP,sao paulo
612170e34b97004b3ba37eae81836b4c,110,23065.02,2307.06,209.68200000000002,20.973272727272725,4.427272727272728,107,48,watches_gifts,25372.08,RS,novo hamburgo
612a743d294c27884fb7b80d2b19ba35,3,3057.7000000000003,104.45,1019.2333333333335,34.81666666666667,4.333333333333333,2,2,furniture_decor,3162.15,PR,curitiba
615005a3ef192c00c6f0e977cee3d2bc,11,286.5,155.64,26.045454545454547,14.149090909090908,3.909090909090909,10,2,sports_leisure,442.14,SP,itu
615c3462099ffa940d37b17dfda19594,2,229.0,32.05,114.5,16.025,5.0,2,2,health_beauty,261.05,RJ,rio de janeiro
6179a28a13a726c29b3bf54c070dccab,1,300.0,61.27,300.0,61.27,5.0,1,1,luggage_accessories,361.27,MG,varginha
6187a137b2af59dfdbad8d9f8c373c14,2,74.8,30.22,37.4,15.11,3.0,2,1,bed_bath_table,105.02,SP,osasco
61b18775be84fb700a6b2d0ba097bf66,5,334.5,101.51,66.9,20.302,4.6,4,4,pet_shop,436.01,SP,araraquara
61c36f0fc4a47f9532e5512b66668e62,1,750.0,17.69,750.0,17.69,1.0,1,1,watches_gifts,767.69,SP,guarulhos
620c87c171fb2a6dd6e8bb4dec959fc6,778,112461.5,13816.68,144.55205655526993,17.75922879177378,4.26797385620915,722,124,health_beauty,126278.18,RJ,petropolis
6219ba2359cfb97f2e38fd4c321eb309,5,342.6,82.55,68.52000000000001,16.509999999999998,4.0,5,4,housewares,425.15000000000003,SP,sao paulo
6235903333ba7de1928c869e268e5964,1,94.06,41.42,94.06,41.42,5.0,1,1,drinks,135.48000000000002,SC,treze tilias
623ad9d0c1e14bb5464a8c72bff7b4af,1,95.0,38.96,95.0,38.96,4.0,1,1,Unknown / Uncategorized,133.96,MG,claudio
624f4ece8da4aafb77699233d480f8ef,54,9046.0,1705.55,167.5185185185185,31.58425925925926,4.185185185185185,52,9,furniture_decor,10751.55,SP,sao paulo
626ab1cd96932367f0eeec2e47046c12,3,1310.0,80.47,436.6666666666667,26.823333333333334,4.666666666666667,3,3,garden_tools,1390.47,SP,sao paulo
62760d278921b5f352461620d68a9cee,3,397.0,53.1,132.33333333333334,17.7,3.6666666666666665,3,2,furniture_decor,450.1,SP,salto
6288c69c4ce638e59925e59193f98b16,20,4196.8,270.21,209.84,13.510499999999999,4.25,20,6,toys,4467.01,SP,santo andre
62c50c1af4dfdc4149d25c5222043d39,17,2325.83,281.95,136.8135294117647,16.58529411764706,3.4705882352941178,12,4,fixed_telephony,2607.7799999999997,SP,sao paulo
62de60d81c55c29d76a6bce418b31cef,1,103.0,23.87,103.0,23.87,4.0,1,1,auto,126.87,SP,ibitinga
630008e0f062605a415d694489f6f82e,1,35.35,15.35,35.35,15.35,5.0,1,1,electronics,50.7,SP,sao paulo
63191ead8d3b2f937cd1996fdcbbad20,1,367.0,53.29,367.0,53.29,5.0,1,1,musical_instruments,420.29,SP,jundiai
63272377184e969942f7fff221be858d,2,149.7,66.53,74.85,33.265,5.0,2,2,housewares,216.23,SP,sao paulo
6338ea67c41078a46ad99cc009654956,44,2286.09,924.3,51.95659090909091,21.00681818181818,4.609756097560975,37,21,auto,3210.3900000000003,RS,farroupilha
633ecdf879b94b5337cca303328e4a25,6,1037.6000000000001,87.89,172.93333333333337,14.648333333333333,1.8,6,2,health_beauty,1125.4900000000002,SP,sao paulo
634964b17796e64304cadf1ad3050fb7,323,39114.1,5900.0,121.09628482972136,18.26625386996904,3.873065015479876,265,28,watches_gifts,45014.1,RJ,rio de janeiro
63704069d9bd3a75c1cf59babe56004a,1,59.3,7.39,59.3,7.39,1.0,1,1,drinks,66.69,SP,jundiai
638cba8be1fb599bbb76fd6948351eb3,22,535.4,268.27,24.336363636363636,12.194090909090908,4.7272727272727275,16,10,sports_leisure,803.67,SP,sao jose dos campos
63a79f5a7eb5cb48a7e5787b141c7993,11,815.1,200.82999999999998,74.10000000000001,18.257272727272724,4.545454545454546,11,6,toys,1015.9300000000001,MG,patos de minas
63b464dbf392c7b80d12d932fa7cafed,38,6622.0,860.84,174.26315789473685,22.65368421052632,3.763157894736842,36,17,furniture_decor,7482.84,SP,sao paulo
63b9ae557efed31d1f7687917d248a8d,7,139.5,102.81,19.928571428571427,14.687142857142858,4.428571428571429,5,6,furniture_decor,242.31,SP,sao jose do rio pardo
63ffcb71394dd8ea3872ed9ffda17c74,17,399.0,264.72,23.470588235294116,15.571764705882355,3.176470588235294,17,5,Unknown / Uncategorized,663.72,RJ,itaborai
640e21a7d01df7614a3b4923e990d40c,136,7528.89,2431.66,55.35948529411765,17.87985294117647,4.286764705882353,115,12,bed_bath_table,9960.55,SP,ibitinga
6426d21aca402a131fc0a5d0960a3c90,23,1209.64,384.18,52.593043478260874,16.703478260869566,4.173913043478261,23,9,bed_bath_table,1593.8200000000002,SP,ribeirao preto
643214e62b870443ccbe55ab29a4dccf,66,3229.23,891.48,48.927727272727275,13.507272727272728,4.409090909090909,65,31,fashion_bags_accessories,4120.71,SP,sao paulo
643c01d7c56a724bec0454f4780e8a3e,2,205.55,41.1,102.775,20.55,4.5,2,2,garden_tools,246.65,SC,joinville
6481e96574816ead57975da2c0f6d80d,43,3324.9,1015.96,77.3232558139535,23.62697674418605,4.1395348837209305,32,20,signaling_and_security,4340.860000000001,SP,sorocaba
64c9a1db4e73e19aaafd3286dc448c96,1,439.0,43.6,439.0,43.6,5.0,1,1,housewares,482.6,PR,curitiba
64cc804291f90c81f02bfc2bb58ff55a,2,517.6,46.54,258.8,23.27,5.0,2,2,furniture_decor,564.14,PR,curitiba
651530bf5c607240ccdd89a30c9c9712,1,199.9,24.55,199.9,24.55,4.0,1,1,fashion_bags_accessories,224.45000000000002,BA,ipira
651fe66032c9520ee5587f694908040d,7,464.0,128.73,66.28571428571429,18.389999999999997,4.0,7,6,fashion_bags_accessories,592.73,RS,alvorada
6524b847b982cd56bb5d4b02b776ee42,2,779.8,55.14,389.9,27.57,4.0,1,1,computers_accessories,834.9399999999999,SP,campinas
6548c2550b6e2d8f18053216e1c7b6f3,5,217.7,69.85000000000001,43.54,13.970000000000002,5.0,3,3,housewares,287.55,SP,diadema
655220df33262c7e0c4949a147366f94,15,2245.0,681.53,149.66666666666666,45.43533333333333,4.2,13,3,luggage_accessories,2926.5299999999997,SP,diadema
6560211a19b47992c3666cc44a7e94c0,1996,120702.83,27348.11,60.47235971943888,13.701457915831664,3.9489641232945933,1819,254,watches_gifts,148050.94,SP,sao paulo
6561d6bf844e464b4019442692b40e02,1,41.9,7.55,41.9,7.55,5.0,1,1,sports_leisure,49.449999999999996,SP,franco da rocha
6562efe88ce0826a4ca4f189f03b4b84,20,1076.0,282.32,53.8,14.116,3.95,8,6,furniture_decor,1358.32,PR,maringa
656591be56071d4c9ef4e5fee78a578a,11,1702.0,319.2,154.72727272727272,29.018181818181816,4.636363636363637,7,3,office_furniture,2021.2,SP,santo andre
657969cca82e884d272385ec0ef06edd,3,139.70000000000002,51.86,46.56666666666667,17.286666666666665,4.666666666666667,3,3,sports_leisure,191.56,RS,estancia velha
659e8466eb3ff1b0e8740d74fb7bbedd,14,1486.8,393.2,106.2,28.085714285714285,4.5,11,9,health_beauty,1880.0,BA,eunapolis
65a7c0788e4d632ccb5e1b594b87f0bb,9,266.7,117.42,29.633333333333333,13.046666666666667,4.111111111111111,3,6,drinks,384.12,SP,sao paulo
65b081a070633e057c462abdd6fb9dd8,20,1885.09,441.58,94.2545,22.079,4.35,19,16,perfumery,2326.67,GO,morrinhos
65c255b299faf2d12050937cc219c46c,2,88.2,21.88,44.1,10.94,4.5,2,1,perfumery,110.08,SP,sao paulo
65febd49fd28ec955651299159b1f527,38,4136.71,948.67,108.8607894736842,24.965,4.342105263157895,33,14,housewares,5085.38,SP,sao paulo
6601ee6383e7f452be71929f8de48bbb,2,153.6,28.34,76.8,14.17,4.0,2,2,perfumery,181.94,SP,ribeirao pretp
6614814a00d344b846ae209f95ee7e3f,1,13.0,12.69,13.0,12.69,1.0,1,1,art,25.689999999999998,SP,macatuba
661ad5fcc28cdfb8bcadb12bb2272475,7,209.92999999999998,119.78,29.99,17.111428571428572,5.0,4,1,pet_shop,329.71,SC,balneario camboriu
6624bc09786f0e41ae48dfc5eeb1a9e2,1,89.54,17.47,89.54,17.47,5.0,1,1,garden_tools,107.01,MG,belo horizonte
6650fcccd8cd2f7e55ffa524f30c4c59,2,339.8,96.31,169.9,48.155,3.0,2,2,luggage_accessories,436.11,SP,sao paulo
668bf321538e5072858eaef6087ce027,1,19.9,8.11,19.9,8.11,5.0,1,1,housewares,28.009999999999998,PR,pinhais
66922902710d126a0e7d26b0e3805106,155,14267.3,3197.63,92.04709677419355,20.629870967741937,4.474025974025974,150,20,pet_shop,17464.93,MG,belo horizonte
669ae81880e08f269a64487cfb287169,185,13133.87,3351.33,70.99389189189189,18.115297297297296,4.1521739130434785,161,16,sports_leisure,16485.2,SC,rio do sul
66dc1b1632bd6a3e508510c5b3492107,41,3542.19,689.71,86.39487804878048,16.82219512195122,3.4878048780487805,36,20,sports_leisure,4231.9,SP,jau
66e0557ecc2b4dbea057e93f215f68d8,30,12141.0,487.42,404.7,16.247333333333334,4.033333333333333,30,18,consoles_games,12628.42,SP,sao paulo
66fd84ee7528c0c0de85d0f44a73d5ab,21,1438.11,453.19,68.48142857142857,21.58047619047619,2.9047619047619047,11,9,computers_accessories,1891.3,RS,campina das missoes
670a9dda115b5a88b18cfadee8de2332,11,918.9000000000001,183.09,83.53636363636365,16.644545454545455,4.454545454545454,11,10,fashion_bags_accessories,1101.99,SP,ribeirao preto
670c26e0f1bf8d0576271d5cfaec6d2b,86,6250.1,1680.37,72.67558139534884,19.539186046511627,4.348837209302325,77,15,sports_leisure,7930.47,PR,maringa
671585f5a2af58b6e276bc01003c0d2b,27,1244.0,448.11,46.074074074074076,16.596666666666668,4.703703703703703,27,5,housewares,1692.1100000000001,PR,curitiba
67225bff54a172ff67579aaf583efd78,8,1238.0,155.10999999999999,154.75,19.388749999999998,4.5,8,7,sports_leisure,1393.11,PA,marechal candido rondon
674207551483fec113276b67b0d871ff,1,119.9,13.94,119.9,13.94,5.0,1,1,housewares,133.84,SP,sorocaba
6750d71153f00fc58829af2a8ef1bcf1,6,3514.0,112.5,585.6666666666666,18.75,4.166666666666667,6,6,sports_leisure,3626.5,RJ,rio bonito
67883baaae6134ee81b271a542613728,19,8167.9,328.12,429.8894736842105,17.269473684210528,4.105263157894737,19,16,watches_gifts,8496.02,SP,sao paulo
679769a98cfcc6da877c8486ff1c13f3,21,7029.0,438.39,334.7142857142857,20.875714285714285,4.571428571428571,21,2,health_beauty,7467.39,MG,ipatinga
67bf6941ba2f1fa1d02c375766bc3e53,20,5062.0,1257.94,253.1,62.897000000000006,4.3,15,4,office_furniture,6319.9400000000005,PR,curitiba
6806dad1da97bfb5a9038eac6881f706,14,1477.0,306.26,105.5,21.875714285714285,4.071428571428571,10,9,auto,1783.26,PR,guaratuba
681fce914360217db47784ae28905a96,24,4127.33,444.47,171.97208333333333,18.519583333333333,3.869565217391304,23,9,perfumery,4571.8,PR,araucaria
6824a69c9ea0313eba299dd4a2dba09a,7,666.9,117.18,95.27142857142857,16.740000000000002,4.714285714285714,6,6,construction_tools_construction,784.0799999999999,MG,formiga
685b870da5b52a710782c9c0fefbeb5b,2,627.0,43.98,313.5,21.99,2.0,2,2,musical_instruments,670.98,SP,sao bernardo do campo
6860153b69cc696d5dcfe1cdaaafcf62,84,3827.63,1490.6,45.56702380952381,17.745238095238093,4.156626506024097,74,22,construction_tools_construction,5318.23,SP,capivari
6861de0f40cacb0602e473c51639f980,8,674.0,275.73,84.25,34.46625,2.625,5,2,office_furniture,949.73,PR,curitiba
686886775c8f6b1191c7b953fb52708c,1,189.0,13.62,189.0,13.62,5.0,1,1,furniture_decor,202.62,SP,pedreira
6879c4d287a8dd06b11f54ea8f78e4da,6,527.67,149.46,87.945,24.91,4.333333333333333,6,3,health_beauty,677.13,SP,osasco
688756f717c462a206ad854c5027a64a,99,5837.67,1908.05,58.96636363636364,19.27323232323232,3.7916666666666665,81,40,housewares,7745.72,SP,guarulhos
68ca56ce86830f3d31b1b7ec6a54da3e,5,599.6899999999999,123.33999999999999,119.93799999999999,24.668,4.0,5,4,stationery,723.03,PR,guaratuba
68f86ba270525243e68ae74044f992b9,11,777.5,186.7,70.68181818181819,16.972727272727273,4.363636363636363,10,7,health_beauty,964.2,RJ,rio de janeiro
6902157ee16728322d61a1321fa79e58,2,159.8,31.630000000000003,79.9,15.815000000000001,3.0,2,1,telephony,191.43,SP,sao paulo
693660429f9dc4ff704eb3d88dad54d7,2,124.0,24.119999999999997,62.0,12.059999999999999,4.0,2,1,electronics,148.12,SP,santo andre
695051e2981c8b19e77cafe450d5bdf3,1,169.76,12.69,169.76,12.69,5.0,1,1,Unknown / Uncategorized,182.45,SP,osasco
6973a06f484aacf400ece213dbf3d946,108,10418.72,1287.87,96.46962962962962,11.924722222222222,3.6448598130841123,89,12,computers_accessories,11706.59,SP,sao jose dos campos
698624c6632eeba1774924dbea24c700,1,19.9,15.23,19.9,15.23,5.0,1,1,Unknown / Uncategorized,35.129999999999995,SP,sao paulo
6989574bd97d9773f10d232b6c07da59,7,2478.3999999999996,321.1,354.0571428571428,45.871428571428574,4.857142857142857,7,4,luggage_accessories,2799.4999999999995,PR,curitiba
698f5fa55a5f73d0740e9d9a773e8093,6,120.0,83.99,20.0,13.998333333333333,4.833333333333333,4,2,health_beauty,203.99,RJ,rio de janeiro
69a43819c758c65a5befb0b471c954d7,3,299.85,100.91,99.95,33.63666666666666,4.0,2,3,fashion_bags_accessories,400.76,PR,apucarana
69b5eaa096c3f9d1e5c398c597f567d6,2,938.0,49.02,469.0,24.51,5.0,2,1,housewares,987.02,SP,birigui
6a0cbc8af2e8abd1bdfb777943d174c6,34,3788.15,729.0,111.41617647058824,21.441176470588236,4.03030303030303,34,5,sports_leisure,4517.15,SP,batatais
6a3139c7bf09ece22a4713d956acbe5e,1,61.9,14.74,61.9,14.74,5.0,1,1,sports_leisure,76.64,SP,sao sebastiao da grama/sp
6a38087bc8ad4f89ff453561005f6dea,22,1833.43,547.92,83.33772727272728,24.905454545454543,4.409090909090909,15,3,computers_accessories,2381.35,GO,anapolis
6a51fc556dab5f766ced6fbc860bc613,31,7217.87,747.14,232.83451612903227,24.101290322580645,4.129032258064516,24,18,air_conditioning,7965.01,SP,marilia
6a53b90c3ad9e0b56d9fe5c69165fff5,4,139.78,55.0,34.945,13.75,3.5,2,2,baby,194.78,PR,curitiba
6a8a889bde935bafa76d7848782dfaf9,30,860.8199999999999,367.79999999999995,28.694,12.259999999999998,3.933333333333333,26,6,small_appliances,1228.62,SP,sao paulo
6a8b085f816a1f75f92dbac6eb545f8f,133,5884.17,2154.05,44.24187969924812,16.195864661654138,4.165413533834586,125,70,auto,8038.22,SP,bebedouro
6aa3928696eab49a19a466e665a649fd,22,2075.0,335.68,94.31818181818181,15.258181818181818,4.545454545454546,18,12,health_beauty,2410.68,RJ,nova iguacu
6b15924333bd1a741595fe981ea04822,21,614.3199999999999,240.14000000000001,29.25333333333333,11.435238095238097,4.666666666666667,21,5,health_beauty,854.4599999999999,SP,sao caetano do sul
6b1c4d4d9ccf0be3d8544eb0e71e5318,1,1699.0,60.04,1699.0,60.04,5.0,1,1,computers_accessories,1759.04,RS,porto alegre
6b243f80ed07b10f0e8aa0f21a205f3c,89,6260.1,1547.3,70.33820224719102,17.385393258426966,4.022471910112359,79,31,sports_leisure,7807.400000000001,PR,curitiba
6b2612338467c08c9b25f0cc55b1578d,1,92.9,20.97,92.9,20.97,4.0,1,1,agro_industry_and_commerce,113.87,PR,marialva
6b333a05bf188ef3e1f1662a86bd9855,13,3990.91,563.97,306.9930769230769,43.38230769230769,4.384615384615385,12,9,auto,4554.88,DF,brasilia
6b3bd31ad8fcda4b2635ec9f3ff2ecdf,42,4063.9,737.97,96.75952380952381,17.570714285714285,3.9285714285714284,35,19,sports_leisure,4801.87,RJ,rio de janeiro
6b536a23086fba0d58c08d68814397f6,22,1996.8,359.74,90.76363636363637,16.35181818181818,4.045454545454546,18,5,sports_leisure,2356.54,RJ,niteroi
6b803197e03abd5056b4313306b4f29d,12,407.0,123.62,33.916666666666664,10.301666666666668,4.833333333333333,7,5,food,530.62,SP,sao paulo
6b89abe95848c850399130d149a39b63,8,1135.2,330.53,141.9,41.31625,4.375,8,2,Unknown / Uncategorized,1465.73,GO,piracanjuba
6b90f847357d8981edd79a1eb1bf0acb,47,3322.08,737.65,70.68255319148936,15.69468085106383,4.361702127659575,45,12,health_beauty,4059.73,SP,guarulhos
6b9b80d53ba3676eafe60268a810b5a1,9,783.7,157.51000000000002,87.07777777777778,17.501111111111115,4.222222222222222,9,3,sports_leisure,941.21,SP,belo horizonte
6ba4733aa33f6386e9fb0c0fd3993b38,3,149.79,60.09,49.93,20.03,4.666666666666667,3,3,Unknown / Uncategorized,209.88,RS,torres
6bb0724edf0b62fb91ac404873a97241,18,3653.0,763.52,202.94444444444446,42.41777777777778,4.5,17,10,electronics,4416.52,SP,cotia
6bb62a4912377c7bfe7cb17b406bc7e6,6,739.52,105.87,123.25333333333333,17.645,4.5,4,5,construction_tools_safety,845.39,SP,jundiai
6bb66d9870c2e01c05655c7ed0e7ee13,3,269.0,52.02,89.66666666666667,17.34,3.6666666666666665,3,1,Unknown / Uncategorized,321.02,SP,sao paulo
6bbcb8924baf70b7fe2fe2097e8cd407,11,2382.5,264.33,216.5909090909091,24.029999999999998,4.545454545454546,10,7,party_supplies,2646.83,SC,blumenau
6bcb2352a2a0c38b845f598298ab9d26,1,15.9,15.1,15.9,15.1,5.0,1,1,computers_accessories,31.0,PR,maringa
6bd503a8230299c9316fb0f726933927,5,324.28999999999996,129.6,64.85799999999999,25.919999999999998,4.6,4,5,perfumery,453.89,GO,morrinhos
6bd69102ab48df500790a8cecfc285c2,5,8070.0,289.02,1614.0,57.803999999999995,3.0,5,3,agro_industry_and_commerce,8359.02,SP,sao paulo
6bef34c5be6f2bbd70aa5165f6df94b1,2,1198.0,132.88,599.0,66.44,2.0,2,1,consoles_games,1330.88,SC,timbo
6c12e40690c335dbc2f68a4134d30dc1,18,9139.2,485.06,507.73333333333335,26.947777777777777,4.0625,16,12,sports_leisure,9624.26,PR,castro
6c177e38df6d3f34182b1f1d427231bf,54,8112.89,1002.16,150.23870370370372,18.558518518518518,4.148148148148148,53,20,telephony,9115.050000000001,PR,curitiba
6c17baf138731a4aaacc3210adf2037b,5,538.8,89.92,107.75999999999999,17.984,5.0,4,5,perfumery,628.7199999999999,SP,franca
6c1b6d0c604b776f844125f911eb7377,4,327.07,56.14,81.7675,14.035,4.0,4,3,auto,383.21,SP,sao paulo
6c6cc59a5c00cacc5054ca06d65cc282,1,1107.0,148.71,1107.0,148.71,5.0,1,1,pet_shop,1255.71,RS,santa maria
6c6e3d67f969468f3bfd33f827a31222,6,224.0,92.41,37.333333333333336,15.401666666666666,4.833333333333333,5,4,computers_accessories,316.40999999999997,PR,maringa
6c77cd583b36a13aacccf2b3ee23e233,1,18.9,12.79,18.9,12.79,5.0,1,1,furniture_decor,31.689999999999998,SP,marilia
6c7d50c24b3ccd2fd83b44d8bb34e073,126,8445.960000000001,2677.83,67.03142857142858,21.252619047619046,4.44,112,12,furniture_decor,11123.79,SP,presidente prudente
6c9875b2f94ba781186f0c1aed8d1687,4,25.0,38.05,6.25,9.5125,5.0,2,2,pet_shop,63.05,SP,brotas
6c99c983ce3b6ba0ab813e6790e81691,9,546.75,205.76,60.75,22.862222222222222,3.7777777777777777,9,5,toys,752.51,MG,uberlandia
6cd68b3ed6d59aaa9fece558ad360c0a,157,11188.57,2529.89,71.26477707006369,16.113949044585986,4.445859872611465,149,54,luggage_accessories,13718.46,MG,belo horizonte
6cf476a4ca74498db55cbccdaa9dcfb6,6,624.94,166.66,104.15666666666668,27.776666666666667,3.0,5,4,fashion_underwear_beach,791.6,SP,sao paulo
6d04126aba80df143fd038e711b8fd96,1,89.99,18.87,89.99,18.87,1.0,1,1,sports_leisure,108.86,RJ,rio de janeiro
6d1b9c9579132c87d2703ec38c30f2c5,4,299.69,67.7,74.9225,16.925,4.5,4,3,baby,367.39,PR,curitiba
6d22a1fcebb6dd08c9cd90b92a93e8d0,13,723.7,222.73,55.66923076923077,17.13307692307692,4.3076923076923075,12,9,health_beauty,946.4300000000001,SC,joinville
6d2f2e3b539480db1e0842b3a4e32e6e,6,305.96,168.3,50.99333333333333,28.05,4.333333333333333,3,2,furniture_decor,474.26,SP,guarulhos
6d66611d7c44cc30ce351abc49a68421,174,13428.6,3216.66,77.17586206896551,18.48655172413793,3.9302325581395348,164,59,musical_instruments,16645.260000000002,SP,sao paulo
6d7f8d9d594e28796b6b3205b00f459c,3,417.9,59.11,139.29999999999998,19.703333333333333,3.6666666666666665,3,2,furniture_decor,477.01,PR,curitiba
6d803cb79cc31c41c4c789a75933b3c7,66,8711.4,1213.67,131.9909090909091,18.388939393939395,4.2727272727272725,58,17,sports_leisure,9925.07,SP,sao joaquim da barra
6d988d6174a2c27441597174f8905515,23,371.73,365.47,16.16217391304348,15.89,4.260869565217392,19,6,housewares,737.2,PR,maringa
6da1992f915d77be95d7fa48b36904af,9,261.0,122.66,29.0,13.628888888888888,3.6666666666666665,7,1,Unknown / Uncategorized,383.65999999999997,SP,sao paulo
6dc9bec584588412a6a338830946a3e4,1,280.0,84.96,280.0,84.96,2.0,1,1,furniture_decor,364.96,SP,sao paulo
6dd7dce75cd55c1ce255dc38d9f0cd46,1,75.0,21.33,75.0,21.33,4.0,1,1,cool_stuff,96.33,SC,palhoca
6ddc28b61be28373b4503a1f61cf98a9,11,1732.9,167.19,157.53636363636363,15.19909090909091,4.181818181818182,11,10,toys,1900.0900000000001,SP,sao paulo
6df688df543f90e9b38f4319e75a9d88,55,1891.76,769.4399999999999,34.39563636363636,13.989818181818181,4.509090909090909,39,23,health_beauty,2661.2,MG,belo horizonte
6e0908ef4d4efadbc3cc2b74ea477cb0,11,589.4499999999999,160.82999999999998,53.58636363636363,14.62090909090909,4.090909090909091,8,5,furniture_decor,750.28,RJ,rio de janeiro
6e13dd869aa7185f601c941423abcc8f,6,522.0,76.08,87.0,12.68,4.833333333333333,5,2,health_beauty,598.08,SP,sao paulo
6e1862e15f33d9994bc25922a85e1efc,12,668.49,110.83,55.7075,9.235833333333334,4.666666666666667,7,7,signaling_and_security,779.32,SP,rio claro
6e386f64c84e482f0b9abf960797ee1b,29,12209.3,611.51,421.0103448275862,21.08655172413793,4.607142857142857,29,13,health_beauty,12820.81,SP,sao paulo
6e4a902d1054e4e17aa6eab87fac1c75,8,586.57,109.13,73.32125,13.64125,4.25,7,4,home_appliances,695.7,SP,sorocaba
6e4f5ff6b086632ba8dcb558fb10249e,5,838.9,214.35,167.78,42.87,3.4,5,3,home_appliances_2,1053.25,RS,flores da cunha
6e864f5c4669eff3d98140a07cc50202,13,740.59,191.77,56.96846153846154,14.751538461538463,4.461538461538462,13,5,books_general_interest,932.36,SP,sao paulo
6eb94e1466490d327a09abf8f3552a50,9,1372.95,214.27,152.55,23.80777777777778,4.75,9,3,health_beauty,1587.22,SP,jundiai
6ebf4eceee4dd9847201c82e77ef8123,1,59.9,22.13,59.9,22.13,5.0,1,1,health_beauty,82.03,RJ,rio de janeiro
6ec1a01e866584bb679eb9b098345919,31,3998.91,795.85,128.99709677419355,25.67258064516129,4.241379310344827,30,16,health_beauty,4794.76,SP,santos
6edacfd9f9074789dad6d62ba7950b9c,216,12966.4,2905.88,60.029629629629625,13.453148148148149,4.3842592592592595,205,142,furniture_decor,15872.279999999999,SP,guarulhos
6ee85be3693ed79a8e80718743d80655,5,147.5,88.97,29.5,17.794,3.2,5,1,electronics,236.47,SP,sao paulo
6eeed17989b0ae47c9f11ece6f38ea90,3,557.0,119.01,185.66666666666666,39.67,3.6666666666666665,3,2,auto,676.01,SP,sao paulo
6f1a1263039c76e68f40a8e536b1da6a,5,178.69,74.5,35.738,14.9,2.6,2,1,food,253.19,SP,sao paulop
6f229cc508fc6915ed5c499efd93baa4,14,2654.8,333.88,189.62857142857143,23.84857142857143,4.428571428571429,13,12,sports_leisure,2988.6800000000003,RJ,rio de janeiro
6f835fd4be26989b1b064399da346143,2,197.8,31.450000000000003,98.9,15.725000000000001,5.0,2,1,health_beauty,229.25,PR,curitiba
6f83d9e4da896daae20b9b6b2d3ff8d2,11,765.19,219.85,69.56272727272727,19.986363636363635,4.363636363636363,11,5,housewares,985.0400000000001,PR,pinhalao
6f892e20a171e98efe17fdb971ff319b,50,6049.0,857.49,120.98,17.1498,3.8979591836734695,41,5,telephony,6906.49,SP,sao paulo
6fa9202c10491e472dffd59a3e82b2a3,3,7014.24,925.01,2338.08,308.33666666666664,4.333333333333333,3,1,housewares,7939.25,SP,sorocaba
6fc26fe110feebd80a433e1f012a84f9,72,4150.87,977.19,57.65097222222222,13.572083333333333,4.014705882352941,35,19,furniture_decor,5128.0599999999995,SP,fernandopolis
6fd52c528dcb38be2eea044946b811f8,84,7743.0199999999995,1138.56,92.17880952380952,13.554285714285713,3.5,67,48,bed_bath_table,8881.58,SP,sao paulo
7008613ea464bad5cb9b83456e1e6a8f,152,7538.7,2949.34,49.59671052631579,19.403552631578947,4.291390728476821,123,19,sports_leisure,10488.04,SC,canoinhas
700f03c207639c22d933381ff60b35c2,4,1189.8600000000001,136.45,297.46500000000003,34.1125,4.0,4,3,pet_shop,1326.3100000000002,SP,barretos
70125af26c2d6d4ef401a1d02ae7701f,8,371.2,258.42,46.4,32.3025,4.625,5,3,sports_leisure,629.62,GO,goiania
70126eecc6aa1274392a1743866e9678,3,97.39999999999999,47.34,32.46666666666666,15.780000000000001,5.0,3,2,toys,144.74,SP,barueri
701938c450705b8ae65fc923b70f35c7,111,11879.289999999999,3771.6,107.02063063063062,33.97837837837838,3.7545454545454544,74,9,furniture_living_room,15650.89,SP,s jose do rio preto
702835e4b785b67a084280efca355756,1,7.6,10.96,7.6,10.96,5.0,1,1,Unknown / Uncategorized,18.560000000000002,MG,juiz de fora
7040e82f899a04d1b434b795a43b4617,223,9213.7,3123.26,41.3170403587444,14.005650224215248,3.5863636363636364,208,59,audio,12336.960000000001,SP,sao paulo
70849ca4f400aaabb62cb7462a6f1428,12,909.58,233.66,75.79833333333333,19.471666666666668,4.416666666666667,12,9,musical_instruments,1143.24,MG,belo horizonte
709e16e2b25c7474d980076c6bfc4806,80,5151.9,1226.96,64.39874999999999,15.337,4.525,60,39,health_beauty,6378.86,SP,birigui
70a12e78e608ac31179aea7f8422044b,323,29963.53,5523.72,92.766346749226,17.101300309597523,3.794392523364486,312,119,computers_accessories,35487.25,SP,jacarei
70b52a4cfc823994561b00bad161b4ed,10,585.0,100.35,58.5,10.035,4.5,8,1,auto,685.35,SP,sao paulo
70bf57d811208f8923b41bbd499a67a4,7,780.8000000000001,88.93,111.54285714285716,12.704285714285716,4.142857142857143,7,3,cool_stuff,869.73,SP,franco da rocha
70c0fda4c313d87115644d39e62eec60,1,25.99,37.09,25.99,37.09,5.0,1,1,housewares,63.08,PE,caruaru
70c27847eca8195c983ed7e798c56743,98,12077.52,1451.66,123.24000000000001,14.812857142857144,4.204081632653061,77,20,pet_shop,13529.18,RJ,rio de janeiro
70c4eedec9cb4a85cda2f3f9673557b4,1,239.9,13.18,239.9,13.18,5.0,1,1,computers_accessories,253.08,SP,sao paulo
70ee69419916dc13e3aed619061f996c,1,45.0,8.72,45.0,8.72,3.0,1,1,furniture_decor,53.72,SP,mogi das cruzes
70eea00b476a314817cefde4aad4f89a,112,31424.75,2724.91,280.578125,24.32955357142857,4.378378378378378,106,30,sports_leisure,34149.66,SP,itatiba
70f7e8018e3d46c748c92f026aa2585a,2,239.8,37.88,119.9,18.94,5.0,1,2,health_beauty,277.68,SP,sao paulo
70f84699be677ec988d1fa824aef7d90,5,1588.3,116.14,317.65999999999997,23.228,4.6,5,4,musical_instruments,1704.44,MG,sete lagoas
71039d19d4303bf9054d69e9a9236699,38,3537.2,621.45,93.08421052631579,16.353947368421053,3.6842105263157894,35,26,toys,4158.65,SP,sao paulo
710e3548e02bc1d2831dfc4f1b5b14d4,137,22369.25,3742.66,163.27919708029196,27.318686131386862,3.463235294117647,131,33,furniture_decor,26111.91,PR,rolandia
71271995e85f5b8530be99ed54a91b89,6,582.0,92.15,97.0,15.358333333333334,3.0,6,1,housewares,674.15,RS,porto alegre
712e6ed8aa4aa1fa65dab41fed5737e4,85,39385.0,6764.82,463.3529411764706,79.58611764705881,3.4642857142857144,77,23,auto,46149.82,SC,videira
712efd3b68f9686dc856b84abd0f21ae,1,139.0,17.16,139.0,17.16,4.0,1,1,baby,156.16,PR,curitiba
7139dc5186aa238b006e066d8fbab2e4,24,1712.0,535.93,71.33333333333333,22.330416666666665,4.086956521739131,22,11,furniture_decor,2247.93,SP,amparo
713e3a23ca5e47786eb6f0d99f94cfac,4,1126.0,87.03,281.5,21.7575,4.75,4,4,baby,1213.03,PR,curitiba
7142540dd4c91e2237acb7e911c4eba2,328,37181.94,6843.74,113.35957317073172,20.865060975609754,4.0552147239263805,316,265,auto,44025.68,SP,penapolis
714b9a1332840f257b49f476bea4e341,6,1499.94,158.15,249.99,26.358333333333334,3.3333333333333335,6,2,computers_accessories,1658.0900000000001,SP,monte alto
71592660bbcb6a4664e97b6f8b68babc,7,2027.18,173.37,289.59714285714284,24.767142857142858,4.428571428571429,6,6,computers_accessories,2200.55,SP,sao jose do rio preto
71593c7413973a1e160057b80d4958f6,5,299.5,45.85,59.9,9.17,3.4,2,2,furniture_decor,345.35,SP,sao paulo / sao paulo
715bbd5ba4e6b74cb0d2f29eb45058b0,64,4043.3,1272.58,63.1765625,19.8840625,4.46875,62,28,watches_gifts,5315.88,SP,serra negra
7178e1eaa97257d8b6d4b80efd77a025,1,167.9,16.81,167.9,16.81,5.0,1,1,costruction_tools_tools,184.71,SP,tatui
7178f9f4dd81dcef02f62acdf8151e01,215,36795.4,4385.04,171.14139534883722,20.39553488372093,4.046728971962617,202,57,health_beauty,41180.44,SC,videira
717b78b0950b51ed00b1471d858b0edc,5,138.6,81.15,27.72,16.23,4.0,5,2,housewares,219.75,SP,alambari
718539d38d07dd351c76db862760e2e2,43,1273.01,634.6,29.604883720930232,14.758139534883721,4.488372093023256,35,13,pet_shop,1907.6100000000001,SP,campinas
71dc18fd8cbf5fd77f45dd8b427abb34,9,1080.0,149.4,120.0,16.6,5.0,4,1,garden_tools,1229.4,PR,curitiba
7202e2ba20579a9bd1acb29e61fe71f6,53,12085.699999999999,1131.51,228.03207547169808,21.349245283018867,3.9423076923076925,51,19,telephony,13217.21,SP,franca
720e6cf846ea7572cbb66b743fb91e6c,1,54.0,14.55,54.0,14.55,5.0,1,1,health_beauty,68.55,SP,mogi das cruzes / sp
7210cd29727d674c00741e5e387b3ccd,13,729.0899999999999,145.09,56.083846153846146,11.160769230769231,3.6923076923076925,9,7,food,874.18,SP,sao paulo
72146da5774cabf2632faedcae097a76,6,200.94,110.49,33.49,18.415,4.333333333333333,4,4,signaling_and_security,311.43,PR,marechal candido rondon
7238a95bb63ef7e498389fb863b834a1,15,2265.7,569.41,151.04666666666665,37.96066666666666,4.733333333333333,15,6,baby,2835.1099999999997,SP,limeira
7238f877570096ae403c51898fa64566,3,1200.0,49.519999999999996,400.0,16.506666666666664,5.0,3,1,cool_stuff,1249.52,SP,santana de parnaiba
723a46b89fd5c3ed78ccdf039e33ac63,1,66.64,23.4,66.64,23.4,4.0,1,1,auto,90.03999999999999,RS,"novo hamburgo, rio grande do sul, brasil"
723cd880edaacdb998898b67c8f9da30,12,2136.5299999999997,413.1,178.04416666666665,34.425000000000004,4.166666666666667,11,8,bed_bath_table,2549.6299999999997,SP,ibitinga
72431a818f97fe6ab9c81eee3e297e54,1,229.9,19.49,229.9,19.49,5.0,1,1,auto,249.39000000000001,SP,rio das pedras
725af026f869236a8dd0ceb98564d156,5,810.72,125.94999999999999,162.144,25.189999999999998,4.4,5,4,housewares,936.6700000000001,MG,claudio
725c32fa80c2faacc4fc88450d27314e,93,7838.88,1327.78,84.28903225806452,14.277204301075269,4.538461538461538,89,36,toys,9166.66,SP,sao paulo
7299e27ed73d2ad986de7f7c77d919fa,358,34107.44,6804.49,95.27217877094972,19.00695530726257,4.430167597765363,335,88,consoles_games,40911.93,MG,araguari
729b2d09b2a0bdab221076327f13d050,60,1805.21,934.6999999999999,30.086833333333335,15.578333333333331,4.583333333333333,48,21,health_beauty,2739.91,SP,mineiros do tiete
729f06993dac8e860d4f02d7088ca48a,113,19885.18,4913.09,175.97504424778762,43.478672566371685,4.330357142857143,94,17,housewares,24798.27,SP,limeira
72bc2cce903c872fe376a8faaa81d237,18,2149.2,255.77,119.39999999999999,14.209444444444445,4.444444444444445,17,6,books_technical,2404.97,SP,sao paulo
72c38a04bd6a1c3dbc5298425a0db86d,5,647.3,113.35,129.45999999999998,22.669999999999998,3.8,4,4,computers_accessories,760.65,PR,cascavel
72c5da29406b4234927b81855e7b64f6,31,11798.69,853.78,380.6029032258065,27.541290322580643,4.129032258064516,31,6,construction_tools_construction,12652.470000000001,SP,guarulhos
72c73be2b085b9d57650dd53eb2004c9,1,29.4,17.92,29.4,17.92,5.0,1,1,auto,47.32,SP,sao paulo
730937bf88cb151eb2eb849f642fc213,26,2821.2,455.96999999999997,108.5076923076923,17.537307692307692,4.423076923076923,22,5,sports_leisure,3277.1699999999996,SP,rio claro
7315baebc0572ff220d226283dc66728,2,49.849999999999994,26.369999999999997,24.924999999999997,13.184999999999999,4.0,2,2,Unknown / Uncategorized,76.22,SP,sao carlos
731ef20c231d9a7103a425e83fd91271,3,1692.0,505.6,564.0,168.53333333333333,3.6666666666666665,2,1,kitchen_dining_laundry_garden_furniture,2197.6,SC,lages - sc
734def04b237117a09321dd6d8f3f2a2,2,1252.43,28.8,626.215,14.4,5.0,2,2,musical_instruments,1281.23,SP,araras
7354220fb240bde543b3c40c060d41e7,7,672.0,165.13,96.0,23.59,4.571428571428571,7,6,computers_accessories,837.13,DF,brasilia
7357b52d27cbaa90f81a96cbc1279396,12,1328.02,217.81,110.66833333333334,18.150833333333335,4.333333333333333,12,3,housewares,1545.83,MG,lagoa santa
739c7d7be81f63812dea0d1b1451c651,2,77.5,71.8,38.75,35.9,4.0,2,2,housewares,149.3,PB,campina grande
73a63f72308aa20a46f4b1632018f196,35,7640.8,997.3000000000001,218.30857142857144,28.494285714285716,4.323529411764706,27,15,garden_tools,8638.1,PR,curitiba
73b8eb4a9a729d4019b24ed1be748cbf,7,568.9,86.6,81.27142857142857,12.37142857142857,4.857142857142857,7,6,auto,655.5,SP,campinas
73da1880b39c71de2b262bc7720c1494,2,398.0,46.99,199.0,23.495,5.0,2,1,housewares,444.99,SP,sao carlos
740205fedfe4e90ca6857bc77db0f2b4,1,229.9,21.93,229.9,21.93,5.0,1,1,small_appliances,251.83,SP,caxias do sul
7402d13c03a7e91366337cd1de471144,3,473.89,110.9,157.96333333333334,36.96666666666667,4.333333333333333,3,2,kitchen_dining_laundry_garden_furniture,584.79,PR,cambe
741f8c587cb4248ebc5b779a0e8e0e51,5,89.95,67.69,17.990000000000002,13.538,4.0,5,5,housewares,157.64,SP,santo andre
744dac408745240a2c2528fb1b6028f3,83,22322.6,1877.8,268.9469879518072,22.624096385542167,4.554216867469879,78,75,watches_gifts,24200.399999999998,PR,colombo
74636e24f01da9268b0ed88dacd8513e,4,776.0,272.61,194.0,68.1525,4.0,4,2,housewares,1048.6100000000001,SP,sao paulo
747c1cdcd1737dcfbd1547f6eb6f2cf3,2,193.1,29.27,96.55,14.635,2.5,2,2,bed_bath_table,222.37,SP,ibitinga
747e73c01a4593d4cf60dcf970fd2689,3,2217.99,123.77000000000001,739.3299999999999,41.25666666666667,4.333333333333333,3,3,watches_gifts,2341.7599999999998,PE,vitoria de santo antao
74871d19219c7d518d0090283e03c137,7,550.04,87.87,78.57714285714285,12.552857142857144,5.0,6,6,sports_leisure,637.91,SP,sao paulo
7494d0dcba8551df6cf37f1b905dc2f7,1,45.9,17.07,45.9,17.07,3.0,1,1,computers_accessories,62.97,SP,santos
749e7cdabbaf72f16677859e27874ba5,1,41.9,19.84,41.9,19.84,1.0,1,1,Unknown / Uncategorized,61.739999999999995,SP,guarulhos
74a9b9bddf14ece02beb81f52c41a88d,2,95.0,22.06,47.5,11.03,3.5,2,2,cool_stuff,117.06,SP,sao paulo
74bafed391319577bce6f4d2acc0589a,3,1847.0,237.73,615.6666666666666,79.24333333333333,2.6666666666666665,3,2,health_beauty,2084.73,SP,sao paulo
74c7dec0a384d8a05950e629bd23bde9,4,97.78,52.01,24.445,13.0025,4.25,4,2,health_beauty,149.79,SP,mogi guacu
750303a20e9c56b2a6bc45cdce0b897d,56,7876.0,1288.82,140.64285714285714,23.014642857142857,4.339285714285714,53,37,sports_leisure,9164.82,GO,goiania
751bdc4d83a466c7206cd42e8f426b03,68,6520.96,1020.02,95.89647058823529,15.000294117647059,3.712121212121212,51,37,sports_leisure,7540.98,SP,ribeirao pires
751e274377499a8503fd6243ad9c56f6,2,218.0,17.84,109.0,8.92,5.0,1,1,construction_tools_safety,235.84,SP,campinas
75745ef7bc7d4f3ea3380f6f5303f514,3,228.4,48.92,76.13333333333334,16.30666666666667,5.0,3,3,toys,277.32,DF,brasilia
7586919161935337bf6b6d7ff5779648,18,1664.71,330.22,92.48388888888888,18.345555555555556,3.1666666666666665,11,8,sports_leisure,1994.93,RJ,rio de janeiro
75a4764c108403a7a0575140cb22287c,9,716.9,210.15,79.65555555555555,23.35,4.777777777777778,5,3,housewares,927.05,RS,caxias do sul
75d34ebb1bd0bd7dde40dd507b8169c3,67,12656.33,1313.44,188.90044776119402,19.60358208955224,3.985074626865672,57,15,telephony,13969.77,BA,salvador
75fbb52eda0cbc24f479d3b2fbfa8d3e,41,1094.19,900.26,26.687560975609756,21.957560975609756,4.487804878048781,38,35,dvds_blu_ray,1994.45,GO,goiania
75fdd0a732287f9497b179f6bd445d32,1,59.9,16.18,59.9,16.18,5.0,1,1,Unknown / Uncategorized,76.08,SP,maua
761681a821d8275bc79f552116d06869,3,354.92,159.98000000000002,118.30666666666667,53.326666666666675,5.0,3,3,garden_tools,514.9000000000001,SP,sao paulo
762ed976527cddf02787edba70fffa2a,4,179.8,60.31999999999999,44.95,15.079999999999998,2.25,3,3,furniture_decor,240.12,PR,londrina
762fafdaa57a532ee0119731697579dd,5,206.7,54.17,41.339999999999996,10.834,5.0,5,4,toys,260.87,SP,itu
76623fde66e6b63b59440fd34160512d,3,65.4,23.34,21.8,7.78,4.0,3,3,fashion_bags_accessories,88.74000000000001,SP,guarulhos
7681ef142fd2c19048da7430856b5588,76,31211.81,2862.86,410.6817105263158,37.669210526315794,4.162162162162162,58,24,computers,34074.67,SP,guarulhos
76833248bbc0e65a0293ec62023e4396,2,2399.98,230.7,1199.99,115.35,5.0,2,2,industry_commerce_and_business,2630.68,SP,birigui
768a86e36ad6aae3d03ee3c6433d61df,17,587.46,180.24,34.5564705882353,10.602352941176472,4.647058823529412,17,8,toys,767.7,SP,sao paulo
768de2a4fc06aacecb9a586ccc30746a,13,442.7,221.01,34.05384615384615,17.00076923076923,4.384615384615385,13,2,cool_stuff,663.71,DF,brasilia
76c47a299e4a8fe992316a85865acbe9,10,1024.46,221.88,102.446,22.188,4.8,6,5,health_beauty,1246.3400000000001,SP,ribeirao preto
76d336555bb25f3165d2f0d6da719c40,1,165.0,11.76,165.0,11.76,3.0,1,1,sports_leisure,176.76,SP,sorocaba
76d5af76d0271110f9af36c92573f765,155,31944.6,3787.06,206.0941935483871,24.43264516129032,4.097402597402597,128,81,sports_leisure,35731.659999999996,SP,sao paulo
76d64c4aca3a7baf218bf93ef7fa768d,69,16911.8,3543.4900000000002,245.09855072463768,51.35492753623189,4.130434782608695,64,37,toys,20455.29,PR,curitiba
76de363de16dacc923eec8daf91df504,2,360.0,50.42,180.0,25.21,2.5,2,2,cool_stuff,410.42,SC,xaxim
76ea5315acb3f5f7ade3cd261faf922a,15,1087.06,224.02,72.47066666666666,14.934666666666667,4.266666666666667,15,12,auto,1311.08,SP,sao paulo
77128dec4bec4878c37ab7d6169d6f26,1,6.5,8.72,6.5,8.72,5.0,1,1,food_drink,15.22,SP,sao paulo
7722b1df1b0e383e000397b2c11e3e19,144,7046.6,2059.48,48.93472222222223,14.301944444444445,4.223776223776224,133,76,housewares,9106.08,SP,sao bernardo do campo
77530e9772f57a62c906e1c21538ab82,381,45676.6,8274.71,119.88608923884514,21.71839895013123,4.081364829396326,312,167,furniture_decor,53951.31,PR,curitiba
77714512e8d4dda9c234da8e3faf16e4,6,243.39999999999998,105.58,40.56666666666666,17.596666666666668,4.0,4,5,construction_tools_construction,348.97999999999996,SP,guarulhos
777a0c55737f34ffeb78010f7542ab41,6,452.5,75.83,75.41666666666667,12.638333333333334,4.333333333333333,6,3,health_beauty,528.33,SP,sao paulo
778323240ce2830d68aab11794e00bfb,3,189.98000000000002,52.45,63.326666666666675,17.483333333333334,4.333333333333333,3,2,health_beauty,242.43,SP,sao paulo
77a515caa36327151d1cc6c32a9f00e1,26,2217.39,396.19,85.28423076923076,15.238076923076923,4.423076923076923,26,19,stationery,2613.58,SP,diadema
77e4abfd739aed9c46480f90f81c0eb4,18,3736.99,355.21999999999997,207.61055555555555,19.734444444444442,4.777777777777778,18,9,stationery,4092.2099999999996,DF,brasilia
77fccaae319668a8ab6cd0fd16aec48c,12,1667.0,221.44,138.91666666666666,18.453333333333333,4.333333333333333,11,5,sports_leisure,1888.44,RJ,campos dos goytacazes
7813ea3ebd9411dc600b4dd01f7a97b9,9,1599.4,146.59,177.7111111111111,16.287777777777777,3.888888888888889,9,8,telephony,1745.99,SP,osasco
7816cd9c5b1238e320545f5bf7eb80e8,1,489.0,22.76,489.0,22.76,4.0,1,1,garden_tools,511.76,SP,araraquara
781a66c0d89e30814d49fe8b5e14cd07,1,115.0,21.3,115.0,21.3,1.0,1,1,cool_stuff,136.3,SP,campinas
782f78b632a43875dd5b53e3e49c9564,2,97.34,32.22,48.67,16.11,5.0,1,1,furniture_decor,129.56,SP,campinas
784ba75dd9d20200c4caed3d7a77141a,22,8142.33,600.02,370.1059090909091,27.273636363636363,3.8181818181818183,19,11,stationery,8742.35,SP,sao paulo
78744a20ee2f80ba64f6804c25def2b8,6,2715.0,353.85,452.5,58.975,4.166666666666667,6,3,furniture_decor,3068.85,PE,recife
78813699ffac347fe27dba345a5f1551,1,152.42,48.12,152.42,48.12,5.0,1,1,drinks,200.54,RS,bento goncalves
788e857f317e53de488d393e65a80f45,11,1210.0,184.95000000000002,110.0,16.813636363636366,4.909090909090909,11,4,stationery,1394.95,SP,sao paulo
788f22bafdd7ab0e1e79f19db72f16a4,2,125.80000000000001,26.240000000000002,62.900000000000006,13.120000000000001,4.5,2,2,auto,152.04000000000002,SP,sao paulo
78a4d36f65a019172c6154468831a69f,7,1545.5,223.4,220.78571428571428,31.914285714285715,4.285714285714286,7,1,kitchen_dining_laundry_garden_furniture,1768.9,SP,bauru
78ba5933c21686d1c2f64669c8c459e7,2,191.8,20.770000000000003,95.9,10.385000000000002,4.5,2,2,bed_bath_table,212.57000000000002,SP,mogi das cruzes
78c99c6dff4eeae5be99bf635ed21e3f,39,2030.88,664.89,52.073846153846155,17.048461538461538,4.333333333333333,31,15,sports_leisure,2695.77,SP,marilia
78ef7e885d17f35e2382a47aae8b8cce,3,388.0,65.44,129.33333333333334,21.813333333333333,4.666666666666667,3,3,books_technical,453.44,RS,santa cruz do sul
7901646fdd36a55f564ffaf2dbccaaf7,27,11857.08,621.75,439.1511111111111,23.02777777777778,4.444444444444445,22,12,garden_tools,12478.83,RJ,rio de janeiro
791cfcfe22fe4a771ece27f90017da92,1,298.13,17.85,298.13,17.85,1.0,1,1,computers_accessories,315.98,SP,ribeirao preto
79565f7d5603b24ddf07ade262547f2f,7,346.0,98.11,49.42857142857143,14.015714285714285,4.428571428571429,7,5,Unknown / Uncategorized,444.11,SP,araraquara
7957cac1a02f45d0a4a7e45626382ec2,1,343.0,21.64,343.0,21.64,4.0,1,1,health_beauty,364.64,PR,curitiba
7963e546f34e098b578f9ad102494601,1,60.99,21.23,60.99,21.23,5.0,1,1,sports_leisure,82.22,SP,sao paulo
7994081388d55b9cf976c050653dd359,1,120.0,14.6,120.0,14.6,5.0,1,1,computers_accessories,134.6,SP,sao paulo
7994b065a7ffb14e71c6312cf87b9de2,7,453.0,144.34,64.71428571428571,20.62,5.0,5,5,furniture_living_room,597.34,ES,cariacica / es
79a679c36c08d606b3fd47ead9de109b,7,935.0,137.22,133.57142857142858,19.602857142857143,2.7142857142857144,3,2,drinks,1072.22,SP,sao paulo
79b93a308a97792cf53ac75f46da00b5,1,99.9,16.14,99.9,16.14,5.0,1,1,luggage_accessories,116.04,RJ,rio de janeiro
79ebd9a61bac3eaf882805ed4ecfa12a,140,14783.09,3947.43,105.5935,28.19592857142857,4.021428571428571,133,113,furniture_decor,18730.52,PR,cascavel
79ed755314cfe6df0daef2c6cd3022cd,25,3907.5,459.16,156.3,18.366400000000002,4.695652173913044,23,12,garden_tools,4366.66,SP,rio claro
7a241947449cc45dbfda4f9d0798d9d0,66,7434.66,1874.98,112.64636363636363,28.40878787878788,3.7846153846153845,56,15,air_conditioning,9309.64,MG,jacutinga
7a2d2949aea47fab95fd98d6c9f618b1,12,1638.99,211.24,136.5825,17.603333333333335,4.25,11,5,pet_shop,1850.23,PR,curitiba
7a425d299613df3e613bcf9d2eaf5c49,18,1218.8,286.67,67.71111111111111,15.926111111111112,4.111111111111111,18,14,perfumery,1505.47,RJ,rio de janeiro
7a67c85e85bb2ce8582c35f2203ad736,1155,139658.69,20619.83,120.91661471861472,17.852666666666668,4.269398430688753,1145,146,cool_stuff,160278.52000000002,SP,sao paulo
7a704e63bb29c446869efde5d57524c8,1,94.49,15.41,94.49,15.41,5.0,1,1,auto,109.89999999999999,PR,francisco beltrao
7a91bf945c6fae0779f1c61ce97fe45c,4,634.6,65.17,158.65,16.2925,4.5,4,3,health_beauty,699.77,RJ,mesquita
7a9c12e235c36247c3c81f50d6ea9cea,5,983.9,115.69,196.78,23.137999999999998,4.6,5,5,toys,1099.59,SP,sao caetano do sul
7aa4334be125fcdd2ba64b3180029f14,237,16012.949999999999,4317.57,67.56518987341772,18.21759493670886,4.080508474576271,214,39,toys,20330.519999999997,SP,laranjal paulista
7aa538dd6e114e503a2e6154ea352253,5,1016.6800000000001,101.92,203.336,20.384,4.4,5,4,housewares,1118.6000000000001,SP,catanduva
7ab0dd5487bab2dc835337b244f689fb,1,12.5,10.96,12.5,10.96,5.0,1,1,bed_bath_table,23.46,SP,sao jose do rio preto
7ad32824caee82087b3e2e5f33b1bf32,180,22018.1,3477.7,122.32277777777777,19.320555555555554,3.785310734463277,147,74,bed_bath_table,25495.8,SP,ibitinga
7ad41305e96a6cab8294cd65891e9a86,2,180.0,57.6,90.0,28.8,5.0,2,2,sports_leisure,237.6,SP,rio bonito
7adbd3210a7b3cc2235e225eef33574d,3,131.9,72.96,43.96666666666667,24.319999999999997,4.666666666666667,3,2,housewares,204.86,SP,sao paulo
7ade73f1b9b4e965f9009a4c3a7e2c15,27,1835.3000000000002,439.45,67.97407407407408,16.275925925925925,4.777777777777778,26,12,computers_accessories,2274.75,SP,bauru
7b07b3c7487f0ea825fc6df75abd658b,96,9259.47,1292.69,96.4528125,13.465520833333334,4.395833333333333,91,65,sports_leisure,10552.16,SP,sao paulo
7b0df942f46435babab05d49b744b2c4,32,22600.63,672.15,706.2696875,21.0046875,4.387096774193548,32,16,musical_instruments,23272.780000000002,SP,braganca paulista
7b1222c3624aa89b9558b50a2594188c,22,10103.52,457.57,459.2509090909091,20.798636363636362,4.454545454545454,22,9,toys,10561.09,SP,sao jose do rio preto
7b3447b497e55af8c15fc7bd89d7b81a,1,49.9,20.75,49.9,20.75,5.0,1,1,sports_leisure,70.65,SP,sao paulo
7b3f6ce5c6c22e9b96e7581ebf0df6e1,1,29.8,12.69,29.8,12.69,3.0,1,1,Unknown / Uncategorized,42.49,SP,tambau
7b7ed56ae755e2880f2b69632e839c1e,5,321.5,135.1,64.3,27.02,4.2,5,4,housewares,456.6,GO,goiania
7b7f91e98f8c6def45a1407923304402,14,417.47,203.01999999999998,29.819285714285716,14.501428571428571,3.5,11,9,housewares,620.49,SP,osasco
7b8e8ec35bad4b0ef7e3963650b0a87b,5,2244.2799999999997,372.02,448.85599999999994,74.404,4.8,5,3,auto,2616.2999999999997,SC,tubarao
7b98de631987e26dd6d803490c43a13c,8,634.2,144.43,79.275,18.05375,4.625,8,5,construction_tools_construction,778.6300000000001,PR,loanda
7bac63f6603d382cc8d0832eb6c100a8,19,7751.95,362.65,407.9973684210526,19.086842105263155,4.0,19,11,sports_leisure,8114.599999999999,SP,sao paulo
7bb8fac2913a6064ec412e583c6d8b4d,1,109.0,16.52,109.0,16.52,5.0,1,1,Unknown / Uncategorized,125.52,SP,bauru
7bcd7c5f8631701474db233ccf1c094b,8,419.0,132.04,52.375,16.505,4.375,8,4,Unknown / Uncategorized,551.04,SP,sao paulo
7c1fea10b5b006671d608b1d7c446ec4,14,423.59999999999997,224.15,30.257142857142856,16.010714285714286,4.0,14,13,telephony,647.75,SP,boituva
7c4402417d51474d4d0cda9557340e40,1,119.9,27.69,119.9,27.69,5.0,1,1,housewares,147.59,SP,sao caetano do sul
7c4618c82226628831613e95e9c22f44,13,333.92999999999995,165.54,25.686923076923073,12.733846153846153,4.076923076923077,13,5,sports_leisure,499.4699999999999,SP,sao roque
7c462184585ae80bd6e5774c62ce50f2,2,60.0,17.64,30.0,8.82,3.0,1,1,baby,77.64,SP,campinas
7c4adcc13272c0e26fa23aac642adb7b,2,135.0,30.630000000000003,67.5,15.315000000000001,3.0,2,2,auto,165.63,RJ,sao goncalo
7c51de0ab286204ce75ff42bf7c10d92,4,759.0,149.64,189.75,37.41,4.5,4,3,health_beauty,908.64,SC,picarras
7c5b05cbdb5542049f38d90d7815b97d,23,993.97,298.92,43.21608695652174,12.996521739130435,4.565217391304348,21,10,books_imported,1292.89,SP,sao paulo
7c67e1448b00f6e969d365cea6b010ab,1355,186570.05,51236.64,137.690073800738,37.8130184501845,3.3511507052709724,973,197,office_furniture,237806.69,SP,itaquaquecetuba
7c9130f5f3729edd32aa059141d92484,4,126.0,67.15,31.5,16.7875,3.75,3,1,computers_accessories,193.15,SP,garca
7caa63f175b1cecbfaadd8b5ab9998c7,1,19.9,7.74,19.9,7.74,1.0,1,1,bed_bath_table,27.64,SP,sao paulo
7cb946b1ad19faebe28c3e86c2794ec3,1,25.0,15.1,25.0,15.1,5.0,1,1,health_beauty,40.1,MG,sete lagoas
7cf4ea70955b00d6b3c22542598e2715,1,189.9,14.91,189.9,14.91,5.0,1,1,small_appliances,204.81,SP,sao paulo
7d13fca15225358621be4086e1eb0964,571,112436.18000000001,8498.29,196.91099824868652,14.883169877408058,4.017605633802817,558,57,watches_gifts,120934.47,SP,ribeirao preto
7d294cf9a6a69dc6a0c3e540fff0e039,5,257.25,194.13,51.45,38.826,4.4,5,1,baby,451.38,SC,barra velha
7d456afc660226829370f3173d14520c,89,8118.25,1461.28,91.21629213483146,16.41887640449438,4.258426966292135,55,22,bed_bath_table,9579.53,SP,mogi das cruzes
7d484ca289afaac6bf5fc6a1e96d2226,2,183.2,65.22,91.6,32.61,4.0,2,2,toys,248.42,MS,campo grande
7d76b645482be4a332374e8223836592,183,3765.74,2522.0299999999997,20.57781420765027,13.78158469945355,3.9668508287292816,172,88,telephony,6287.7699999999995,SP,sao paulo
7d7866a99a8656a42c7ff6352a433410,5,147.89,59.49,29.577999999999996,11.898,4.4,5,4,party_supplies,207.38,SP,sao paulo
7d7d2b7a51328016102d4528c411d630,7,918.8,180.05,131.25714285714284,25.72142857142857,4.142857142857143,7,5,housewares,1098.85,SP,ibitinga
7d81e74a4755b552267cd5e081563028,1,32.5,7.49,32.5,7.49,4.0,1,1,construction_tools_construction,39.99,SP,sao paulo
7d948535954aaf8c5d39db007f74372e,4,194.0,43.8,48.5,10.95,3.75,4,3,fashio_female_clothing,237.8,SP,guaruja
7daca0837f033a41a6f3428c18657533,7,1228.98,168.16,175.56857142857143,24.02285714285714,3.5714285714285716,7,4,housewares,1397.14,SP,tanabi
7dc8c42cc750eeafea6c85712ffee9bf,50,6409.68,1035.41,128.1936,20.7082,4.26,41,16,housewares,7445.09,SP,sao paulo
7dc9a3355bae96dd82008b313d3a456c,1,899.0,50.62,899.0,50.62,5.0,1,1,pet_shop,949.62,MG,dores de campos
7ddcbb64b5bc1ef36ca8c151f6ec77df,334,54435.66,7767.09,162.98101796407187,23.254760479041916,3.97583081570997,325,19,cool_stuff,62202.75,SP,sao paulo
7dea6f73af847b42cc3985bd620f994d,2,324.0,56.17,162.0,28.085,4.0,2,2,kitchen_dining_laundry_garden_furniture,380.17,PR,cascavel
7df1fc11cc5cbc518b39faa60cf5d67c,5,1037.6,134.36,207.51999999999998,26.872000000000003,4.2,5,5,auto,1171.96,MS,campo grande
7e1fb0a3ebfb01ffb3a7dae98bf3238d,169,26169.53,2883.09,154.84928994082838,17.059704142011835,4.155688622754491,155,25,health_beauty,29052.62,SP,franca
7e26c750b4cb9f6766f58265ff9ebe95,27,1344.3,388.88,49.788888888888884,14.402962962962963,4.407407407407407,23,2,Unknown / Uncategorized,1733.1799999999998,MG,belo horizonte
7e3f87d16fb353f408d467e74fbd8014,93,4653.09,1415.28,50.03322580645161,15.218064516129031,4.161290322580645,91,19,computers_accessories,6068.37,SP,sao paulo
7e79d65b5c6f1f544b7daea036acf720,4,517.8,62.09,129.45,15.5225,4.5,4,2,toys,579.89,SP,sao caetano do sul
7e93a43ef30c4f03f38b393420bc753a,322,165981.49,5992.06,515.4704658385093,18.60888198757764,4.364485981308412,319,175,watches_gifts,171973.55,SP,barueri
7ea5bfa6c340f58f8e71fc1f0412b0d6,102,10838.41,1631.85,106.25892156862744,15.998529411764705,4.138613861386139,96,8,baby,12470.26,MG,belo horizonte
7ecd59e5e20407131822c1a68ac59c1f,29,1466.71,587.8100000000001,50.576206896551724,20.269310344827588,4.482758620689655,24,5,stationery,2054.52,DF,brasilia
7ecef8194babfec876ca720714327841,8,990.5,123.76,123.8125,15.47,4.25,7,5,construction_tools_construction,1114.26,SP,campinas
7f02656561b680def9986c0795a8a080,1,42.0,11.85,42.0,11.85,5.0,1,1,housewares,53.85,SP,sao paulo
7f152321c60a266edc53af1925ef96c1,20,3919.8,552.12,195.99,27.606,3.8,20,3,sports_leisure,4471.92,SC,criciuma
7f2617c58d5d06806987308b45654351,23,3656.8,326.47,158.9913043478261,14.194347826086958,3.869565217391304,22,2,sports_leisure,3983.2700000000004,SP,sao paulo
7f35f9daf223da737b78738fbae4d977,5,252.0,101.01,50.4,20.202,4.0,5,2,diapers_and_hygiene,353.01,SP,valinhos
7f40d06aa0b5f1aa4f41af8c0480e2ef,6,1309.94,125.67999999999999,218.32333333333335,20.946666666666665,4.833333333333333,6,4,toys,1435.6200000000001,SP,rio claro
7f5e4d5efad7e44b91115dd1decb65f3,9,179.9,77.42,19.98888888888889,8.602222222222222,5.0,3,2,computers_accessories,257.32,SP,jacarei / sao paulo
7f7b8245c336066a1f9933c359f11d77,43,2094.36,535.87,48.70604651162791,12.462093023255814,4.558139534883721,38,12,health_beauty,2630.23,SP,mogi mirim
7fc87cc3e89b3d1d5cabdca32f8485aa,14,2153.9,681.92,153.85,48.708571428571425,3.5714285714285716,14,9,office_furniture,2835.82,SP,guarulhos
7fdb0720c8d7c9075538b365dc8c3a22,10,1804.0,484.31,180.4,48.431,2.4,9,3,furniture_bedroom,2288.31,PR,toledo
7fe21dd00d2f4943ae09525efa2fd674,2,169.8,19.21,84.9,9.605,5.0,2,2,fashion_bags_accessories,189.01000000000002,RJ,rio de janeiro
7ff588a03c2aeae4fbd23f9ae64b760d,16,1182.2,221.18,73.8875,13.82375,4.6875,14,11,auto,1403.38,SP,guarulhos
800214c63934acd05d47e84214db8ba8,3,199.70000000000002,50.71,66.56666666666668,16.903333333333332,5.0,3,3,luggage_accessories,250.41000000000003,SC,jaragua do sul
804287717b9156fb7a787acd9af4fac1,1,18.8,15.1,18.8,15.1,5.0,1,1,toys,33.9,PR,maringa
8060d731897e33b5c5ae575ce1e209e1,5,199.5,91.45,39.9,18.29,4.8,5,1,sports_leisure,290.95,SP,blumenau
808d4348b916efa08e766ebad39f61eb,20,712.95,268.59,35.6475,13.429499999999999,4.6,20,10,perfumery,981.54,SP,sao paulo
8090490573c6c0aa343a7231ebcb8c86,26,3871.1200000000003,426.91,148.88923076923078,16.419615384615387,4.1923076923076925,26,9,health_beauty,4298.030000000001,SP,sao paulo - sp
809413606dbfe5deefd2db646693ef67,5,196.68,50.37,39.336,10.074,4.2,3,3,food_drink,247.05,SP,sao paulo
80ceebb4ee9b31afb6c6a916a574a1e2,1,6729.0,193.21,6729.0,193.21,,1,1,computers,6922.21,PR,londrina
80cfd480be3eb6d6267139f5cb793555,1,99.9,26.44,99.9,26.44,4.0,1,1,stationery,126.34,SP,sao paulo
80e6699fe29150b372a0c8a1ebf7dcc8,98,11119.66,2667.15,113.46591836734694,27.215816326530614,4.350515463917525,96,32,sports_leisure,13786.81,PR,pinhais
80f2cf9abf6b5a0e5c612b5eea6646e6,6,654.08,225.84,109.01333333333334,37.64,5.0,6,6,baby,879.9200000000001,SP,sao jose do rio preto
8132b9bd16876e1b0f8808d43825dd48,1,77.9,21.0,77.9,21.0,5.0,1,1,sports_leisure,98.9,SC,florianopolis
813348c996469b40f2e028d5429d3495,195,10813.53,3457.7000000000003,55.454,17.73179487179487,4.005208333333333,172,4,housewares,14271.230000000001,SP,jundiai
81336a0f57a33776419727a300249e90,18,1351.9,277.8,75.10555555555555,15.433333333333334,3.8333333333333335,15,10,sports_leisure,1629.7,SP,sao carlos
8160255418d5aaa7dbdc9f4c64ebda44,424,46368.39,7727.29,109.35941037735849,18.224740566037735,3.8544152744630074,380,57,bed_bath_table,54095.68,SP,ibitinga
817245bcc3badd82bbd222e0366951a6,44,5345.6,699.23,121.4909090909091,15.89159090909091,4.15,28,3,auto,6044.83,SP,bauru
81783131d2a97c8d44d406a4be81b5d9,9,761.8399999999999,113.15,84.64888888888888,12.572222222222223,4.555555555555555,8,3,toys,874.9899999999999,SP,sorocaba
817f85dbb65aa3e70831d90fe75cdf89,11,1552.27,231.62,141.11545454545455,21.05636363636364,4.545454545454546,11,6,toys,1783.8899999999999,SP,tiete
8185694b58b2ba6de20fd41ae608bbea,8,1372.3,230.26999999999998,171.5375,28.783749999999998,4.5,8,8,furniture_decor,1602.57,SP,tabao da serra
818d28f936e791926d33bcb6ee94ef79,4,111.6,62.68,27.9,15.67,4.0,4,4,telephony,174.28,SP,sao paulo
81a1104df0f08b59c68aa5b03cfe398e,72,9320.98,1794.45,129.45805555555555,24.922916666666666,4.314285714285714,72,17,garden_tools,11115.43,PR,sao jose dos pinhais
81ed90f07c0bacb7594940ba2ef676aa,2,223.9,33.56,111.95,16.78,4.5,2,2,bed_bath_table,257.46000000000004,MG,divinopolis
81f89e42267213cb94da7ddc301651da,52,3955.0,766.18,76.0576923076923,14.734230769230768,3.5384615384615383,46,4,perfumery,4721.18,SP,presidente prudente
820c7c9eaf76d2b226b6c242bcf3f34d,1,559.0,18.0,559.0,18.0,4.0,1,1,home_appliances_2,577.0,SP,sao paulo
820cc752a266cdc6c1a1e61dd4583330,15,2802.7999999999997,275.97,186.85333333333332,18.398000000000003,4.133333333333334,15,4,small_appliances,3078.7699999999995,PR,maringa
821fb029fc6e495ca4f08a35d51e53a5,25,17851.62,1365.55,714.0648,54.622,3.5,24,9,sports_leisure,19217.17,SP,sao paulo
822166ed1e47908f7cfb49946d03c726,108,3714.83,1821.12,34.396574074074074,16.862222222222222,3.9245283018867925,69,34,bed_bath_table,5535.95,RJ,tres rios
822b63912576852aea9a8436d72317b7,7,3465.9300000000003,149.34,495.1328571428572,21.334285714285716,4.857142857142857,6,4,consoles_games,3615.2700000000004,SP,mogi guacu
822bad9bc42b51213ba522fe87b7ab5d,18,5160.0,527.34,286.6666666666667,29.296666666666667,4.111111111111111,18,7,telephony,5687.34,SC,balneario camboriu
827f8f69dfa529c561901c4f2e0f332f,104,3408.39,1595.57,32.77298076923077,15.34201923076923,4.254901960784314,91,60,fashion_shoes,5003.96,PR,curitiba
82921991ff5b557b045605b8bbf08d49,1,18.9,18.23,18.9,18.23,5.0,1,1,telephony,37.129999999999995,SP,sao paulo
82bd0703a4aefd6b599e5bfdaed378fb,23,2394.28,378.13,104.09913043478262,16.440434782608694,3.8260869565217392,20,15,health_beauty,2772.4100000000003,SP,marilia
82cb9f452fe8334df74b22d37824b431,18,838.2,317.06,46.56666666666667,17.614444444444445,4.722222222222222,14,8,small_appliances,1155.26,RS,caxias do sul
82e0a475a88cc9595229d8029273f045,79,10748.02,1468.3799999999999,136.05088607594936,18.587088607594936,3.4936708860759493,41,38,furniture_decor,12216.4,SP,sao paulo
830379336fad8c6f3b15a4a3ddb5c66e,4,268.0,170.38,67.0,42.595,4.5,2,2,kitchen_dining_laundry_garden_furniture,438.38,SP,sao paulo
83353a83fd769dfafa4f21a72b15e3e5,5,579.5,94.83,115.9,18.966,3.8,5,5,sports_leisure,674.33,SP,sao paulo
834f3294fba9f932f56edc879193f925,66,39907.5,4299.92,604.6590909090909,65.15030303030304,4.545454545454546,66,3,cool_stuff,44207.42,SP,araraquara
834f8533b2ecb6598dd004ff3de7203a,45,4324.349999999999,926.31,96.09666666666665,20.584666666666667,3.8444444444444446,41,25,pet_shop,5250.66,SP,sao paulo
835f0f7810c76831d6c7d24c7a646d4d,48,4990.200000000001,932.0500000000001,103.96250000000002,19.417708333333334,3.3125,42,18,housewares,5922.250000000001,SP,sao paulo
83645b1645cdee8953ee54c29ceed564,14,978.9,266.2,69.92142857142856,19.014285714285712,4.428571428571429,14,11,baby,1245.1,PR,santa terezinha de itaipu
8378eb36b6b70c5734e83ad7b8cdc3b7,13,1714.8,241.87,131.90769230769232,18.605384615384615,3.769230769230769,7,3,home_construction,1956.67,SC,itajai
83a75eea11694e36e56dd0cb2240229a,3,487.0,42.47,162.33333333333334,14.156666666666666,5.0,3,1,Unknown / Uncategorized,529.47,SP,amparo
83b08de96980757220871b31bf6cffca,7,1304.17,454.21,186.31,64.88714285714285,4.285714285714286,5,4,construction_tools_construction,1758.38,RJ,rio de janeiro
83c465a786b06574376909b35ef6752a,3,281.4,49.06,93.8,16.353333333333335,5.0,3,2,bed_bath_table,330.46,SP,sao carlos
83c8aafbefb034674a70de0eac5b8954,2,134.9,50.97,67.45,25.485,5.0,2,2,auto,185.87,PR,francisco beltrao
83deb69e889cf80f82be1dc6d5f2d486,42,5363.01,913.64,127.6907142857143,21.753333333333334,4.357142857142857,40,14,musical_instruments,6276.650000000001,SC,florianopolis
83e197e95a1bbabc8c75e883ed016c47,54,6574.1900000000005,961.33,121.74425925925927,17.802407407407408,4.7407407407407405,46,19,books_general_interest,7535.52,RJ,mage
83f2b4881141ce3fcd4e985125d3279e,3,60.7,40.68,20.233333333333334,13.56,5.0,3,3,baby,101.38,SP,ribeirao preto
8444e55c1f13cd5c179851e5ca5ebd00,102,21480.96,1964.71,210.59764705882353,19.26186274509804,3.156862745098039,92,52,perfumery,23445.67,MG,congonhal
845e8036c3f7bf62099352f5ed910240,24,1584.6000000000001,460.64,66.025,19.19333333333333,3.8333333333333335,21,18,bed_bath_table,2045.2400000000002,RJ,rio de janeiro
8476243f92442881ddd5b578975cf115,12,7838.0,275.03,653.1666666666666,22.919166666666666,4.083333333333333,12,4,health_beauty,8113.03,RS,campo bom
84c945f15571830c1a91a33978e94009,2,51.98,26.060000000000002,25.99,13.030000000000001,4.5,2,1,housewares,78.03999999999999,SP,sao paulo
84deb808079d1be601c209c1e771b1cc,2,34.93,23.21,17.465,11.605,5.0,2,2,health_beauty,58.14,PR,curitiba
85044848b1b767db2a4a58526adef4b4,4,240.60000000000002,64.91,60.150000000000006,16.2275,3.25,4,3,telephony,305.51,SP,osasco
850857dfac77488c307e2b1cbd84ab5a,1,1599.0,39.72,1599.0,39.72,5.0,1,1,air_conditioning,1638.72,PR,cascavel
850913d59ce317156b00f3705f1c3edb,30,2183.0,518.9,72.76666666666667,17.296666666666667,3.5,29,9,telephony,2701.9,SP,atibaia
850f4f8af5ea87287ac68de36e29107f,191,45285.37,3097.35,237.09617801047122,16.21649214659686,4.288770053475936,186,42,toys,48382.72,SP,sao paulo
851773c885feb5e2da3b4f82bc2b17ce,10,585.3,251.82999999999998,58.529999999999994,25.183,4.2,10,8,health_beauty,837.1299999999999,SP,lencois paulista
855668e0971d4dfd7bef1b6a4133b41b,311,30849.22,7559.34,99.19363344051447,24.306559485530546,3.8306188925081432,300,72,baby,38408.56,SP,itatiba
8581055ce74af1daba164fdbd55a40de,427,64011.22,9462.76,149.90918032786885,22.161030444964872,4.265258215962441,380,32,auto,73473.98,SP,guarulhos
85cc55e048b6bcc90c75afe7f0e72f72,9,308.28,193.48,34.25333333333333,21.497777777777777,4.444444444444445,9,6,computers_accessories,501.76,RJ,barra mansa
85d9eb9ddc5d00ca9336a2219c97bb13,512,15107.24,8432.67,29.506328125,16.47005859375,4.210216110019647,499,63,computers_accessories,23539.91,MG,belo horizonte
85e7c62c1d6ea078c3897424f867a7c8,2,60.0,27.7,30.0,13.85,4.5,2,2,pet_shop,87.7,SC,itapema
85ecf03781da592876b7844acc1b729f,2,251.0,43.9,125.5,21.95,4.5,2,2,health_beauty,294.9,SP,sao paulo
8602a61d680a10a82cceeeda0d99ea3d,19,826.99,252.91,43.52578947368421,13.311052631578947,4.473684210526316,17,10,fashion_bags_accessories,1079.9,SP,sao paulo
8603f0038fe0e52fedd3382d266723de,10,2355.0,490.12,235.5,49.012,4.4,10,9,home_appliances_2,2845.12,SC,garopaba
8629a7efec1aab257e58cda559f03ba7,1,45.22,18.89,45.22,18.89,1.0,1,1,computers_accessories,64.11,GO,goiania
8629c241b3622ac12cd4118afdc8d394,13,1167.66,334.36,89.82000000000001,25.720000000000002,4.076923076923077,13,6,perfumery,1502.02,SP,ribeirao preto
863d2ebcd347ce4922de7a0f9a5581d6,18,1312.36,293.21999999999997,72.90888888888888,16.29,4.111111111111111,17,8,auto,1605.58,RJ,rio de janeiro
8648b1e89e9b349e32d3741b30ec737e,100,7228.75,1420.27,72.2875,14.2027,4.11,93,54,construction_tools_construction,8649.02,SP,jacarei
866558b3bccef2dbc6d29a2b5995016f,6,1519.3999999999999,351.35,253.23333333333332,58.55833333333334,4.666666666666667,5,4,furniture_decor,1870.75,PR,arapongas
86bb7c4b535e49a541baf3266b1c95b1,16,8162.4,324.82,510.15,20.30125,3.2,16,5,toys,8487.22,SP,franca
86bf77bdb52e615674772d5817c6212f,5,281.8,97.58,56.36,19.516,4.8,4,3,health_beauty,379.38,RS,viamao
86ccac0b835037332a596a33b6949ee1,208,15894.34,3905.61,76.41509615384615,18.776971153846155,4.033816425120773,178,71,watches_gifts,19799.95,SC,blumenau
86ff3eaef0267069cc891a2ed9d10a17,7,409.75,140.61,58.535714285714285,20.087142857142858,4.714285714285714,7,7,sports_leisure,550.36,SC,palhoca
870d0118f7a9d85960f29ad89d5d989a,61,3157.2,1270.83,51.75737704918033,20.83327868852459,4.016393442622951,45,18,furniture_living_room,4428.03,MG,pocos de caldas
87142160b41353c4e5fca2360caf6f92,339,31095.98,7218.33,91.72855457227139,21.293008849557523,4.3609467455621305,305,56,computers_accessories,38314.31,RS,porto alegre
8759e7aedd644f487315e5860962f162,3,627.0,166.34,209.0,55.446666666666665,3.6666666666666665,3,1,home_appliances,793.34,SP,santo andre
876182d1918783bbe15233febfbd4926,3,120.27,34.730000000000004,40.089999999999996,11.576666666666668,4.0,3,3,computers_accessories,155.0,SP,sao paulo
87b4428a334b8f676fd9a7f3bf544fb5,1,29.99,18.99,29.99,18.99,5.0,1,1,health_beauty,48.98,SP,guaimbe
87b740daf17b5d1be335a64164ec6842,11,12099.89,1254.94,1099.99,114.08545454545455,3.727272727272727,11,8,sports_leisure,13354.83,SP,suzano
87d30a6a0cbf89356e49324971ab1d24,17,2134.13,215.78,125.53705882352942,12.692941176470589,4.352941176470588,17,12,toys,2349.9100000000003,SP,sao paulo
87d3c3aeb3ead335511b3ce315eb341e,15,749.3499999999999,213.71,49.95666666666666,14.247333333333334,3.5,15,11,toys,963.06,SP,sao paulo
87d73636a3acf123e842bb890a4db036,1,269.9,43.71,269.9,43.71,5.0,1,1,furniture_bedroom,313.60999999999996,SP,nhandeara
87e24fc7052259b1f7f607d61c10d8be,7,7073.59,214.65999999999997,1010.5128571428571,30.66571428571428,3.857142857142857,7,6,telephony,7288.25,SP,sao paulo
87f3e35268860433e13d577825aada95,1,19.9,14.52,19.9,14.52,,1,1,furniture_decor,34.42,SP,bom jesus dos perdoes
880ce4951cf857ab1d9e0b75c1d856f4,1,178.9,18.82,178.9,18.82,5.0,1,1,auto,197.72,MG,belo horizont
883dd81e82754ac2c65e9790a7db8c9a,5,319.5,74.96000000000001,63.9,14.992,4.4,5,4,sports_leisure,394.46000000000004,PR,curitiba
88460e8ebdecbfecb5f9601833981930,300,31320.4,4938.19,104.40133333333334,16.46063333333333,3.3645484949832776,246,12,computers_accessories,36258.590000000004,PR,maringa
888faa8bfb0b159c37de6d898b961c31,23,2418.2999999999997,526.7,105.14347826086956,22.900000000000002,3.869565217391304,19,14,sports_leisure,2945.0,SC,braco do norte
889009a0ed0bb52c87819941192931b8,1,89.9,33.08,89.9,33.08,4.0,1,1,health_beauty,122.98,SP,lencois paulista
88ae906ea2acf6971f26c3e8b7cb4357,3,246.0,42.01,82.0,14.003333333333332,3.3333333333333335,3,1,perfumery,288.01,SP,sao paulo
88cd3681e0a2ba85e190f7d817629c4c,1,180.0,19.36,180.0,19.36,4.0,1,1,auto,199.36,SC,brusque
88cf19ec1fc2c58f161aee259d57142c,14,1372.97,234.71,98.06928571428571,16.765,4.5,14,11,small_appliances_home_oven_and_coffee,1607.68,SP,sao carlos
88ef59b51bdaa941d10a853429f2b6ce,2,252.9,41.8,126.45,20.9,2.0,2,2,agro_industry_and_commerce,294.7,PR,guaratuba
891071be6ba827b591264c90c2ae8a63,90,3763.35,1193.7,41.815,13.263333333333334,3.8555555555555556,85,27,fashion_bags_accessories,4957.05,SP,sao paulo
8931a84a914b3fe9b1ddaa4d704947ca,32,4668.3,424.59,145.884375,13.2684375,3.774193548387097,29,16,perfumery,5092.89,SP,sao paulo
8936ba0de1073ee888cb3185ae5dc661,1,389.99,22.22,389.99,22.22,5.0,1,1,garden_tools,412.21000000000004,SP,sao paulo
897060da8b9a21f655304d50fd935913,413,21740.51,6517.82,52.64046004842615,15.781646489104116,3.4743276283618583,304,99,computers_accessories,28258.329999999998,SP,ribeirao preto
89757206b887aed36f3e18d858460fea,2,120.5,55.64,60.25,27.82,5.0,2,2,stationery,176.14,SP,sao paulo
89a51f50b8095ea78d5768f34c13a76f,11,677.16,177.1,61.559999999999995,16.099999999999998,4.7272727272727275,10,10,perfumery,854.26,DF,brasilia
89ad3263c0931c47f976d7c5778e60f6,6,568.2,131.54,94.7,21.923333333333332,4.166666666666667,6,5,baby,699.74,SP,sao paulo
89bc797e2e29667aa035d4368f9b7f92,19,392.4,238.04,20.652631578947368,12.528421052631579,3.8947368421052633,16,12,telephony,630.4399999999999,SP,sao paulo
89c127985a8b130cfa45c1d36764017a,6,1334.67,107.02,222.44500000000002,17.836666666666666,3.4,6,5,cool_stuff,1441.69,SP,osasco
89d9a386b0b6e5fc8403071b03f7206a,5,167.0,68.25,33.4,13.65,3.4,2,1,Unknown / Uncategorized,235.25,SP,sao paulo
89dda63a3c907c468ec88c310ed91213,1,44.99,20.4,44.99,20.4,5.0,1,1,computers_accessories,65.39,SP,maua/sao paulo
89de2d6f23e9746ff309705b23581faa,8,340.0,160.08,42.5,20.01,2.7142857142857144,8,4,books_technical,500.08000000000004,PR,londrina
89f69225956f951295ca4c7fb1266553,12,1041.3,277.41,86.77499999999999,23.117500000000003,4.333333333333333,11,8,toys,1318.71,RJ,vassouras
8a130737016f838139d31878787a39c9,62,4222.03,842.2900000000001,68.09725806451613,13.585322580645162,4.354838709677419,56,7,home_construction,5064.32,SP,sao paulo
8a1ff5c35f6595a73fef4c7b96e4908a,2,1598.0,284.79999999999995,799.0,142.39999999999998,5.0,2,1,baby,1882.8,PR,sao  jose dos pinhais
8a207b6080964f3c1fc9d35bd6096ba4,3,553.7,176.34,184.5666666666667,58.78,5.0,2,2,furniture_bedroom,730.0400000000001,SP,jaci
8a2d12a90e92f012ce5226fc6592b653,18,1594.6499999999999,338.97,88.59166666666665,18.831666666666667,4.588235294117647,18,13,housewares,1933.62,PR,curitiba
8a32e327fe2c1b3511609d81aaf9f042,169,6101.12,2237.7400000000002,36.10130177514793,13.241065088757399,3.940119760479042,126,50,furniture_decor,8338.86,SP,sao paulo
8a40ae794fa3f9892cee24bd5af0488b,6,739.85,206.41,123.30833333333334,34.401666666666664,3.1666666666666665,6,4,telephony,946.26,PR,curitiba
8a43128d7f9a3db592b866e6861a6cce,4,990.5999999999999,67.89,247.64999999999998,16.9725,2.0,3,3,auto,1058.49,SP,sao paulo
8a432f4e5b471f8da497d7dc517666e2,106,7555.0,1965.11,71.27358490566037,18.53877358490566,4.201923076923077,95,48,bed_bath_table,9520.11,SP,presidente prudente
8a87611c08849ffeeccab52aa798b6c7,6,587.9,113.05,97.98333333333333,18.841666666666665,4.666666666666667,6,4,garden_tools,700.9499999999999,PR,curitiba
8a8835a43bda99fd37310ad76c457510,3,224.34,34.2,74.78,11.4,4.333333333333333,2,2,auto,258.54,SP,sao caetano do sul
8a9260f2b0340411d6d2a56bcf4f7378,9,1256.0,140.94,139.55555555555554,15.66,4.777777777777778,8,4,food,1396.94,MG,contagem
8ab42aa58097fd4668d60cc648225d5f,26,2616.75,593.64,100.64423076923077,22.83230769230769,4.153846153846154,20,15,bed_bath_table,3210.39,GO,goiania
8ae520247981aa06bc94abddf5f46d34,65,16320.99,1445.35,251.09215384615385,22.236153846153844,4.446153846153846,65,50,watches_gifts,17766.34,SC,navegantes
8b11118053756a9a2932f447e11fc1b5,1,79.99,11.17,79.99,11.17,3.0,1,1,fixed_telephony,91.16,SP,igaracu do tiete
8b181ee5518df84f18f4e1a43fe07923,1,27.9,27.08,27.9,27.08,5.0,1,1,health_beauty,54.98,SP,goioere
8b2492b7ff4468839593fafeed55bad9,45,3660.08,676.18,81.3351111111111,15.026222222222222,3.888888888888889,29,15,health_beauty,4336.26,RJ,sao goncalo
8b28d096634035667e8263d57ba3368c,151,9025.3,2507.74,59.77019867549669,16.60754966887417,3.8986486486486487,139,47,health_beauty,11533.039999999999,SP,sao jose dos campos
8b2d4ab22f42c5cfc338b846decfda60,9,458.0,185.32,50.888888888888886,20.59111111111111,4.777777777777778,6,3,sports_leisure,643.3199999999999,PR,fazenda rio grande
8b321bb669392f5163d04c59e235e066,1005,17262.94,13924.0,17.17705472636816,13.854726368159204,4.021978021978022,930,103,electronics,31186.94,SP,sao paulo
8b655f0855926bcb49f5835d38dfddf6,5,1089.5,73.31,217.9,14.662,4.8,5,3,stationery,1162.81,SP,osasco
8b87cd0d43d49b9bdf40f56229364d59,2,729.0,135.88,364.5,67.94,5.0,2,2,baby,864.88,SP,sao paulo
8b8cfc8305aa441e4239358c9f6f2485,15,11892.0,1218.7,792.8,81.24666666666667,4.2,15,6,cool_stuff,13110.7,PR,londrina
8b9d6eec4a7eb7d0f9d579ce0b38324d,52,4159.55,1667.3,79.99134615384615,32.06346153846154,4.115384615384615,48,7,furniture_living_room,5826.85,RJ,mesquita
8bb48dc19fccaa8613b6229bf7f452a2,95,4190.72,1857.3999999999999,44.11284210526316,19.55157894736842,4.336842105263158,82,47,costruction_tools_garden,6048.12,SP,assis
8bd0e3abda539b9479c4b44a691be1ec,12,425.75,212.27,35.479166666666664,17.68916666666667,1.75,6,6,health_beauty,638.02,RS,tres de maio
8bd0f31cf0a614c658f6763bd02dea69,35,4455.34,967.98,127.29542857142857,27.65657142857143,4.205882352941177,33,10,furniture_decor,5423.32,SP,sao paulo
8bdd8e3fd58bafa48af76b2c5fd71974,10,2135.83,178.39,213.583,17.839,4.9,10,5,toys,2314.22,SP,sao paulo
8c0de775f52fe41590b376a3b7c50f68,8,594.8000000000001,112.72,74.35000000000001,14.09,4.25,8,6,sports_leisure,707.5200000000001,SP,sumare
8c16d1f32a54d92897cc437244442e1b,118,5642.6,2112.07,47.81864406779661,17.898898305084746,4.327586206896552,108,25,computers_accessories,7754.67,SC,blumenau
8c351ed7c326c62123318f4f3246e906,2,114.9,35.76,57.45,17.88,5.0,2,1,computers_accessories,150.66,SP,praia grande
8c3b533c63cca56240f94f1e3a6b18ef,5,1849.5,610.32,369.9,122.06400000000001,1.6666666666666667,3,2,furniture_decor,2459.82,MG,belo horizonte
8c5e007d7bd5693fa1386ffefbc99f6c,24,1029.11,378.3,42.87958333333333,15.762500000000001,4.166666666666667,9,9,health_beauty,1407.4099999999999,SP,indaiatuba
8c91bfea4263b8fba54081460693e2a1,2,739.0,46.75,369.5,23.375,5.0,2,2,health_beauty,785.75,RS,horizontina
8c9348f33ae3dada25c99c99ade2af78,2,312.99,51.94,156.495,25.97,5.0,2,2,garden_tools,364.93,SP,carapicuiba
8ca1551acf9832a4cf467bbbac15851f,12,2176.4,266.54,181.36666666666667,22.21166666666667,3.6666666666666665,11,10,furniture_decor,2442.94,PR,campo largo
8ca5b19e0263150d2c57afdde2b3d011,4,180.60000000000002,44.08,45.150000000000006,11.02,4.75,3,2,Unknown / Uncategorized,224.68,SP,maua
8cb7c5ddf41f4d506eba76e9a4702a25,1,69.0,28.88,69.0,28.88,5.0,1,1,sports_leisure,97.88,GO,anapolis
8cbac7e12637ed9cffa18c7875207478,81,2955.98,1640.73,36.49358024691358,20.255925925925926,4.185185185185185,66,21,cool_stuff,4596.71,SC,jaragua do sul
8cc6a0e5738e61a87b03c78b2ba9db4b,24,13272.7,503.90000000000003,553.0291666666667,20.995833333333334,4.416666666666667,23,13,stationery,13776.6,MG,andradas
8ccf3cf69651cc1d8a02c8bfaf3b8568,2,250.0,38.629999999999995,125.0,19.314999999999998,3.5,2,1,computers_accessories,288.63,SP,rio claro
8cf21434553b02cbd37c0bbd07e041b0,1,49.99,23.22,49.99,23.22,4.0,1,1,auto,73.21000000000001,SC,sao jose
8d46553a36e68f95350a200c12f8f2e2,11,660.0,157.21,60.0,14.291818181818183,4.090909090909091,9,6,perfumery,817.21,SP,campinas
8d79c8a04e42d722a75097ce5cbcf2ef,27,2627.82,719.43,97.32666666666667,26.645555555555553,4.592592592592593,26,3,food,3347.25,CE,caucaia
8d899e15a5925f097cca50faa49b15e3,10,645.0,150.98000000000002,64.5,15.098000000000003,2.5,4,3,furniture_decor,795.98,SP,sao roque
8d92f3ea807b89465643c219455e7369,8,121.2,131.57,15.15,16.44625,1.0,3,3,Unknown / Uncategorized,252.76999999999998,SP,sao paulo
8d956fec2e4337affcb520f56fd8cbfd,227,10988.2,3313.85,48.40616740088106,14.598458149779736,4.202643171806168,210,52,sports_leisure,14302.050000000001,SP,sao bernardo do campo
8daab2245ebdc277c51098d01c5ad8ef,16,1604.59,284.05,100.286875,17.753125,4.625,16,4,costruction_tools_tools,1888.6399999999999,SP,sao paulo
8dd386be0767c330276ea6a3f96532d3,2,89.98,44.5,44.99,22.25,5.0,1,1,sports_leisure,134.48000000000002,SC,paulo lopes
8de8fe3af4449ed695d2434c933ed73e,1,2090.0,65.35,2090.0,65.35,5.0,1,1,home_appliances,2155.35,SP,sao paulo
8def3db7f272735afb2ecd03aeca09a7,2,196.0,33.64,98.0,16.82,5.0,2,1,fashion_bags_accessories,229.64,RJ,rio de janeiro
8dfbc5ff27df12f6cef751d3b9554222,4,226.0,90.12,56.5,22.53,4.5,4,4,garden_tools,316.12,PR,curitiba
8e29d051f810eb22959ede205b462b9f,2,599.8,213.48000000000002,299.9,106.74000000000001,4.0,2,1,pet_shop,813.28,SP,mirassol
8e2b3afb420011ef0c88c9d5f11ea526,11,1384.5,147.93,125.86363636363636,13.44818181818182,4.2727272727272725,11,3,sports_leisure,1532.43,SP,campinas
8e34331b7eedd03be4e5d965c1956225,5,145.0,65.44,29.0,13.088,4.8,5,5,books_general_interest,210.44,SP,sao paulo
8e4f041ff58e7845456d3482524014b3,2,133.8,48.59,66.9,24.295,3.0,2,2,baby,182.39000000000001,RS,porto alegre
8e670472e453ba34a379331513d6aab1,1,975.0,108.96,975.0,108.96,1.0,1,1,auto,1083.96,MG,juiz de fora
8e6cc767478edae941d9bd9eb778d77a,108,5929.35,2169.26,54.901388888888896,20.085740740740743,4.009433962264151,100,58,housewares,8098.610000000001,MG,araguari
8e6d7754bc7e0f22c96d255ebda59eba,129,14107.380000000001,1685.97,109.35953488372094,13.06953488372093,2.992248062015504,84,28,computers_accessories,15793.35,SP,sao jose dos campos
8e8a7ce9f2f970dc00e2acf6f6e199f6,64,8821.0,1147.78,137.828125,17.9340625,4.0,63,6,computers_accessories,9968.78,RJ,sao goncalo
8ea394aed8138685abe1eb9f25e1021d,2,1340.0,77.6,670.0,38.8,4.0,2,1,signaling_and_security,1417.6,SP,sorocaba
8eb88b0acb3f90a717ad659221471fa7,2,119.8,40.87,59.9,20.435,4.5,2,2,fashion_bags_accessories,160.67,SC,cacador
8ec76bb0965af3f007692b26fa9d6623,1,1999.0,29.75,1999.0,29.75,5.0,1,1,computers_accessories,2028.75,SC,criciuma
8ed8ea9a57c862f2c18c2fe41f601d56,19,3831.9,731.0699999999999,201.67894736842106,38.47736842105263,4.473684210526316,19,2,cool_stuff,4562.97,SC,blumenau
8f0fbe2cd4d472157dc1cdef6edecaa9,2,71.88,22.88,35.94,11.44,3.0,2,2,computers_accessories,94.75999999999999,SP,sao paulo
8f119a0aee85c0c8fc534629734e94fd,81,3578.88,1067.01,44.183703703703706,13.172962962962963,4.246913580246914,75,30,toys,4645.89,SP,barueri
8f2b51a30523cdecddc2f179f351c7d6,8,1027.9,148.32999999999998,128.4875,18.541249999999998,3.875,7,4,auto,1176.23,SP,sao paulo
8f2ce03f928b567e3d56181ae20ae952,172,21213.2,3756.6,123.33255813953488,21.840697674418603,4.116959064327485,151,78,sports_leisure,24969.8,SP,pirituba
8f54d64f28a993550aa7943f12572959,16,2755.5,377.62,172.21875,23.60125,3.8125,15,10,health_beauty,3133.12,MG,ipatinga
8f580d36c1e9d6fbce95283403c7d447,8,4813.25,180.15,601.65625,22.51875,4.375,8,7,auto,4993.4,SP,ribeirao preto
8f78f0903005064036736c7173a5c2ed,21,2113.7000000000003,632.25,100.65238095238097,30.107142857142858,3.4761904761904763,13,10,furniture_decor,2745.9500000000003,MG,tiradentes
8fb67a334bacec338885b4e9e1708073,1,59.9,38.52,59.9,38.52,5.0,1,1,furniture_decor,98.42,PR,toledo
8fb791022c1fc8909664f48ab7dc636d,5,8119.95,363.4,1623.99,72.67999999999999,4.2,5,4,home_appliances_2,8483.35,SP,sao paulo
8fbd63429be6d3e5e6d1a709b6464802,8,1061.4,179.57,132.675,22.44625,4.625,6,4,auto,1240.97,SP,santo andre
8fbe2ee446b97e128471be4ce983dc0d,3,148.5,40.0,49.5,13.333333333333334,3.0,3,3,health_beauty,188.5,SP,sorocaba
8fd3b4468f6425810648177996c14cbd,1,354.9,21.67,354.9,21.67,5.0,1,1,health_beauty,376.57,SP,sao jose do rio preto
8fdca8e349553f99bc738833a62c8802,29,989.34,380.88,34.115172413793104,13.133793103448276,4.357142857142857,22,4,electronics,1370.22,SP,sao paulo
8fe8786ee000001ab51d030dfd4a7bf1,5,2255.0,201.44,451.0,40.288,4.6,5,2,musical_instruments,2456.44,SC,paulo lopes
8fec2e460530482132c436cfb5439925,5,468.46,80.15,93.692,16.03,3.8,3,3,toys,548.61,SP,laranjal paulista
8ff1a9df749e454105c55cda13e79143,14,1400.6000000000001,277.21,100.04285714285716,19.800714285714285,3.727272727272727,13,9,housewares,1677.8100000000002,SP,marilia
8ff38bc3969e67c36c48343a07090f66,8,3472.0,387.56,434.0,48.445,2.5,2,1,auto,3859.56,SP,sao paulo
8fff28c4263ddec387f28d237fb42773,4,58.6,54.03,14.65,13.5075,5.0,2,2,bed_bath_table,112.63,SP,sao paulo
900ba814c251a692506d7834c1218441,86,28833.03,2334.43,335.2677906976744,27.14453488372093,4.226190476190476,86,7,health_beauty,31167.46,SP,salto
901b460cdce0c64e471230d7f2f9f3a3,5,1904.0,108.56,380.8,21.712,4.4,5,5,fashion_bags_accessories,2012.56,RS,porto alegre
902c99f1ac505c0d18778b61bcd636f7,3,123.47,81.82,41.156666666666666,27.27333333333333,5.0,3,3,housewares,205.29,SP,mogi guacu
903037660cf848a717166eb7a06d616e,59,7935.18,1083.99,134.49457627118645,18.37271186440678,3.8135593220338984,44,35,furniture_decor,9019.17,SP,sao paulo
90b36c5aeb728d5504a39f435bef0c5f,4,153.89,94.0,38.4725,23.5,5.0,4,3,health_beauty,247.89,SP,conchal
90b57083da5d803237da74daec6dcb2b,2,206.9,34.31,103.45,17.155,5.0,2,2,housewares,241.21,PR,curitiba
910a922b426b7ff95eaee129ad6c0e1f,2,119.8,31.16,59.9,15.58,5.0,2,1,sports_leisure,150.96,SP,sao jose do rio preto
913fd0ebba70bb919f7254a02239173c,1,159.9,19.22,159.9,19.22,1.0,1,1,auto,179.12,SC,blumenau
9140bd1d9de28b197dce077bdd687438,8,1258.87,184.06,157.35875,23.0075,4.125,6,5,sports_leisure,1442.9299999999998,SP,amparo
9140ef75cc8211c4035935e80e567204,1,49.9,22.28,49.9,22.28,5.0,1,1,pet_shop,72.18,PR,maringa
91543f9849d68d023e17194926598543,6,834.0,266.57,139.0,44.428333333333335,4.333333333333333,4,6,furniture_decor,1100.57,SC,blumenau
916748bc99315c2d202898ae58b1617e,32,369.40000000000003,377.11,11.543750000000001,11.7846875,4.34375,25,5,sports_leisure,746.51,SP,sorocaba
916c9de0b5ad957346eeeb12f332687e,27,5336.5,477.77,197.64814814814815,17.695185185185185,4.37037037037037,22,4,health_beauty,5814.27,PR,curitiba
918717417d88a9f9ae9735567e6c7682,4,345.70000000000005,43.52,86.42500000000001,10.88,5.0,4,3,health_beauty,389.22,SP,sao paulo
918f6fbcf3ab724d805867303e593a1b,3,79.69999999999999,32.88,26.566666666666663,10.96,4.333333333333333,2,2,electronics,112.57999999999998,SP,valinhos
9198786624eaeb375793215cad26cfa6,9,854.4,198.3,94.93333333333334,22.033333333333335,4.111111111111111,8,6,sports_leisure,1052.7,SC,rodeio
91f0eec23d4a61d7d7caeefa3f0ad1ca,11,2190.8,354.46,199.16363636363639,32.22363636363636,3.5454545454545454,11,2,auto,2545.26,SC,tubarao
91f5779a8731baca4809fdeade81803f,6,1971.46,145.63,328.57666666666665,24.271666666666665,3.8333333333333335,6,5,sports_leisure,2117.09,RJ,barra mansa
91f848e9f4be368f4318775aac733370,70,5668.61,1193.88,80.98014285714285,17.055428571428575,4.367647058823529,60,10,housewares,6862.49,SP,sao paulo
9200e6ce317b67196b6b0bad4d4bd567,1,36.9,14.52,36.9,14.52,3.0,1,1,furniture_decor,51.42,RJ,rio de janeiro
921323538c9f1c4e816f2720eac02bea,17,1401.84,240.36,82.46117647058823,14.138823529411766,4.0,15,10,sports_leisure,1642.1999999999998,SP,sao paulo
9261d76c62caaf0b24677c2ceb7f8f20,7,968.7,247.54000000000002,138.3857142857143,35.362857142857145,3.7142857142857144,6,4,housewares,1216.24,SC,palhoca
929f342384a6607afe143d789ade1316,4,209.4,63.36,52.35,15.84,5.0,4,4,housewares,272.76,PR,londrina
92c8bc6e8f925792247656fed09aad65,2,134.8,26.44,67.4,13.22,3.0,2,2,Unknown / Uncategorized,161.24,SP,sao paulo
92d14edfb62ee5ae7fdff70b0f4e7233,13,322.0,165.65,24.76923076923077,12.742307692307692,2.769230769230769,8,5,food_drink,487.65,SP,sao bernardo do campo
92eb0f42c21942b6552362b9b114707d,358,6416.41,4845.63,17.922932960893853,13.535279329608938,3.957865168539326,334,52,telephony,11262.04,SP,sao paulo
9315e491484b1b0081ca166fc164108d,1,29.99,30.41,29.99,30.41,3.0,1,1,housewares,60.4,PR,londrina
933446e9a59dece7ae9175103820ca8f,1,64.99,22.38,64.99,22.38,5.0,1,1,housewares,87.36999999999999,PR,curitiba
934ed5cd1b9c1c7382d0a94a94b9e639,1,125.85,26.62,125.85,26.62,5.0,1,1,Unknown / Uncategorized,152.47,PR,curitiba
939e6227d6964a11a70aa91243e418f2,4,425.0,63.25,106.25,15.8125,4.25,4,2,health_beauty,488.25,MG,conselheiro lafaiete
939f6e231201f26803cb5c3a3d2940b3,4,130.6,95.02000000000001,32.65,23.755000000000003,4.75,3,3,furniture_decor,225.62,SP,bauru
93b9a99027bd8bd6af682aff18dd19bf,20,1916.0,450.79,95.8,22.5395,4.157894736842105,19,15,furniture_decor,2366.79,SP,mairipora
93bef6edaa84956e8e575016449b6351,1,115.0,14.56,115.0,14.56,5.0,1,1,sports_leisure,129.56,SP,sao paulo
93dc87703c046b603023e75222018b45,34,8149.35,648.99,239.68676470588235,19.08794117647059,4.15625,33,25,watches_gifts,8798.34,MG,belo horizonte
94144541854e298c2d976cb893b81343,76,17286.28,1429.37,227.45105263157893,18.807499999999997,4.333333333333333,68,23,health_beauty,18715.649999999998,RS,viamao
941554c5757b73ba0e50aa7732310afc,4,107.69,58.66,26.9225,14.665,4.5,3,2,garden_tools,166.35,SP,sao paulo
94165aea8a35c3c21499cbcae239b16c,1,180.0,16.11,180.0,16.11,2.0,1,1,auto,196.11,MG,uberlandia
94231344608e603693b0a8891143f65d,3,722.0,102.17999999999999,240.66666666666666,34.059999999999995,4.0,3,3,housewares,824.18,SP,porto alegre
9449f25aeaf531019b76999ea49a6949,9,1979.55,170.49,219.95,18.943333333333335,4.222222222222222,9,8,health_beauty,2150.04,RJ,rio de janeiro
9485a23c0430ba1d58d359391606fce6,4,830.9,54.96,207.725,13.74,3.75,4,4,auto,885.86,SP,santo andre
94b9108d4b637ba65bb4f1e53cfcf8d8,8,234.95999999999998,99.13,29.369999999999997,12.39125,4.5,7,3,electronics,334.09,SP,guarulhos
94c49f20a123aeb9360dbf80ff912bf6,3,277.75,61.540000000000006,92.58333333333333,20.513333333333335,3.6666666666666665,3,2,toys,339.29,SP,sorocaba
94ca168e8bcb407ab85c5da308863027,5,224.3,87.36,44.86,17.472,5.0,5,4,health_beauty,311.66,SP,clementina
94d76e96eedd976258cd3278ce56d5f2,1,385.61,68.56,385.61,68.56,5.0,1,1,sports_leisure,454.17,SP,sao roque
94e93ce877be27a515118dbfd2c2be41,34,5436.58,853.46,159.8994117647059,25.101764705882353,4.03030303030303,29,18,housewares,6290.04,SP,votuporanga
951e8cef368f09bb3f3d03c00ca4702c,69,3993.31,1360.23,57.874057971014494,19.713478260869564,4.164179104477612,62,47,bed_bath_table,5353.54,SP,ibitinga
9523fb39dd240aa958e040f8183d64f3,1,146.99,21.3,146.99,21.3,1.0,1,1,construction_tools_safety,168.29000000000002,SP,sao paulo
9535a841eecebed61a9fb1ac1cbb5597,2,784.9,33.43,392.45,16.715,3.0,2,2,garden_tools,818.3299999999999,SP,sao paulo
9539213aa8e023c01937bef95dc006da,9,229.1,89.94,25.455555555555556,9.993333333333332,4.555555555555555,9,2,housewares,319.03999999999996,SP,sao paulo
954e95f20808d7e5d11f0de292d078e0,4,158.78,119.17999999999999,39.695,29.794999999999998,4.75,3,2,Unknown / Uncategorized,277.96,MG,joao monlevade
9558aa23f77a9e0a0eca83540999f43b,1,39.0,14.52,39.0,14.52,5.0,1,1,fashion_bags_accessories,53.519999999999996,PR,apucarana
955fee9216a65b617aa5c0531780ce60,1472,131836.71,24769.77,89.56298233695652,16.827289402173914,4.088235294117647,1261,103,furniture_decor,156606.47999999998,SP,sao paulo
9596c870880d900012f2e8e6e30d06d7,23,7625.35,1746.36,331.53695652173917,75.92869565217391,4.173913043478261,21,11,construction_tools_construction,9371.710000000001,MG,varginha
9599519be538b98748162a2b48248960,3,570.0,60.06,190.0,20.02,1.0,1,1,sports_leisure,630.06,SP,sao paulo
95b293867b5862941c9cd74f756a3c68,9,648.1,98.12,72.01111111111112,10.902222222222223,3.5555555555555554,9,5,telephony,746.22,SP,sao paulo
95cca791657aabeff15a07eb152d7841,1,9.99,18.23,9.99,18.23,5.0,1,1,sports_leisure,28.22,PR,palotina
95e03ca3d4146e4011985981aeb959b9,190,10865.16,3189.3,57.18505263157895,16.78578947368421,4.0,172,54,housewares,14054.46,RJ,rio de janeiro
95ec4458365c4d11f452ccf538377619,31,1866.76,436.67,60.21806451612903,14.086129032258064,4.266666666666667,27,15,furniture_decor,2303.43,SP,limeira
95f83f51203c626648c875dd41874c7f,65,3077.6600000000003,1554.14,47.34861538461539,23.909846153846157,3.2153846153846155,50,11,furniture_decor,4631.8,MG,borda da mata
960945e1a9535cbc0cd6ddd35fbe7ae8,29,3381.73,479.8,116.61137931034483,16.544827586206896,4.655172413793103,28,7,construction_tools_construction,3861.53,SP,sao paulo
9616352088dcf83a7c06637f4ebf1c80,97,5643.099999999999,1766.7,58.17628865979381,18.21340206185567,4.288659793814433,91,5,sports_leisure,7409.799999999999,PR,umuarama
961dff0a659b4561334372337dd897d9,3,7297.0,92.74,2432.3333333333335,30.91333333333333,4.666666666666667,3,3,cool_stuff,7389.74,RJ,rio de janeiro
9646c3513289980f17226a2fc4720dbd,76,2964.4,1187.83,39.00526315789474,15.629342105263158,4.342105263157895,69,23,computers_accessories,4152.23,SP,sao jose dos campos
96493fab2fbb13a14d0c0e8772eef5c3,64,18969.0,1212.23,296.390625,18.94109375,4.031746031746032,63,54,computers_accessories,20181.23,SP,sao paulo
964ff64dc05b13811c6d0f41e0aa5f6b,1,180.0,24.06,180.0,24.06,5.0,1,1,home_construction,204.06,SP,sao paulo
966cb4760537b1404caedd472cc610a5,67,45928.26,1504.31,685.4964179104478,22.45238805970149,4.134328358208955,67,15,watches_gifts,47432.57,SP,diadema
9674754b5a0cb32b638cec001178f799,95,4941.7300000000005,1196.15,52.0182105263158,12.591052631578949,4.052631578947368,84,40,small_appliances,6137.880000000001,SP,sao paulo
96804ea39d96eb908e7c3afdb671bb9e,39,3530.75,737.25,90.53205128205128,18.903846153846153,3.9743589743589745,37,5,sports_leisure,4268.0,MG,ibia
968268a686aa05d1f529fb07dff08130,12,4677.29,203.55,389.77416666666664,16.962500000000002,3.5,12,4,stationery,4880.84,SP,sao paulo
968ee78631915a63fef426d6733d7422,2,450.0,71.67,225.0,35.835,3.0,2,1,cool_stuff,521.67,RS,erechim
96e5dc09087bad639b4ee193104ec2e5,2,101.9,52.54,50.95,26.27,4.5,2,2,health_beauty,154.44,RJ,bom jardim
96f7c797de9ca20efbe14545bed63eec,3,138.60000000000002,38.37,46.20000000000001,12.79,1.0,1,1,perfumery,176.97000000000003,SP,cravinhos
972d0f9cf61b499a4812cf0bfa3ad3c4,86,7910.42,2100.73,91.98162790697674,24.427093023255814,2.9642857142857144,81,15,bed_bath_table,10011.15,SC,brusque
973f21788dfab357250f69a8dcb7ddee,19,819.0,490.03,43.10526315789474,25.791052631578946,2.473684210526316,9,10,sports_leisure,1309.03,MG,claudio
974cf2cb8f4b7add98709c30df02fe10,30,2694.7,497.2,89.82333333333332,16.573333333333334,4.166666666666667,30,9,computers_accessories,3191.8999999999996,SP,araraquara
97512d3fc193b2d1dfcdba0f9d1f0f8a,13,1458.8700000000001,341.55,112.22076923076924,26.273076923076925,4.3076923076923075,12,6,computers_accessories,1800.42,SP,sao paulo
977f9f63dd360c2a32ece2f93ad6d306,24,2730.07,891.85,113.75291666666668,37.16041666666667,3.9166666666666665,23,18,baby,3621.92,SP,tabatinga
979e9f8b5b39dd243a2550c8b05aecf0,4,525.0,46.88,131.25,11.72,5.0,3,2,health_beauty,571.88,SP,sao paulo
97e4a63591ca439a2b8b7efd20e6e19e,5,349.95,78.55,69.99,15.709999999999999,4.4,5,2,furniture_living_room,428.5,RJ,rio de janeiro
97e50a621f8e801f4baf69e08687c192,1,89.9,7.88,89.9,7.88,5.0,1,1,toys,97.78,SP,sao paulo
97e995629983723d11830a829bc2b246,5,499.5,99.37,99.9,19.874000000000002,4.8,5,5,books_technical,598.87,SP,lorena
9803a40e82e45418ab7fb84091af5231,18,4278.75,512.63,237.70833333333334,28.479444444444443,3.111111111111111,11,13,computers_accessories,4791.38,GO,rio verde
980640c45d7a4635885491d077167e4d,14,1004.29,242.37,71.735,17.312142857142856,4.642857142857143,14,12,fashion_bags_accessories,1246.6599999999999,SP,rio claro
98115075dd26cb8835946fc6086f5d30,4,434.96000000000004,56.24,108.74000000000001,14.06,4.75,4,3,furniture_decor,491.20000000000005,SP,ao bernardo do campo
984c273121e743dd14767befe6cb17f5,1,259.6,21.31,259.6,21.31,1.0,1,1,cool_stuff,280.91,SP,americana
9853a239ab7b7ebbdc3a21248d5b8e1f,4,242.0,68.2,60.5,17.05,3.75,4,4,housewares,310.2,PR,campo largo
985c92cc412091f8529c12d7f23d3fef,12,1368.5,238.13,114.04166666666667,19.844166666666666,4.75,12,9,health_beauty,1606.63,MG,sao joao del rei
989becdce12ebc39863c2bceab6f3ca1,15,6302.9,814.52,420.1933333333333,54.30133333333333,4.8,15,7,sports_leisure,7117.42,PR,curitiba
98dac6635aee4995d501a3972e047414,190,4115.75,2379.6,21.66184210526316,12.52421052631579,3.8882978723404253,89,61,housewares,6495.35,SP,sao paulo
98dddbc4601dd4443ca174359b237166,2,158.0,53.67,79.0,26.835,5.0,2,1,housewares,211.67000000000002,PR,sarandi
98e164d549402270247f3c96a1a158ef,2,162.7,24.72,81.35,12.36,2.5,2,2,cool_stuff,187.42,SP,sao paulo
98f52e1020fe788c10c0418de4393fec,1,21.6,15.1,21.6,15.1,4.0,1,1,sports_leisure,36.7,RJ,macae
99002261c568a84cce14d43fcffb43ea,36,4088.0,1100.33,113.55555555555556,30.56472222222222,3.7222222222222223,36,19,baby,5188.33,MT,cuiaba
9906e7aa42a3c067b7c9a564d01c4320,16,2619.0,496.59999999999997,163.6875,31.037499999999998,4.0625,12,2,sports_leisure,3115.6,PR,maringa
994f04b3718c2bab35c2adfa8afecd2a,55,3289.8,754.65,59.81454545454546,13.72090909090909,4.327272727272727,47,25,housewares,4044.4500000000003,SP,jaguariuna
9996ae921c50e8dff411ac69c0b4bb8b,3,29.700000000000003,43.67,9.9,14.556666666666667,2.3333333333333335,2,3,furniture_decor,73.37,SP,tupa
999f6d9a1c7c81f43be44c6b7d076210,2,28.0,22.83,14.0,11.415,4.5,2,1,garden_tools,50.83,SP,sao paulo
99a25c39b28a74d1151c35c18d178292,6,173.94,44.76,28.99,7.46,5.0,1,1,baby,218.7,SP,sao paulo
99a54764c341d5dc80b4a8fac4eba3fb,66,3578.7599999999998,1298.82,54.22363636363636,19.67909090909091,3.5076923076923077,44,31,housewares,4877.58,SP,sao paulo
99cd94252748d2bdde08e17858233602,2,159.8,21.520000000000003,79.9,10.760000000000002,4.5,2,1,pet_shop,181.32000000000002,SP,sao paulo
99eaacc9e6046db1c82b163c5f84869f,67,12642.28,1081.66,188.69074626865674,16.14417910447761,4.014925373134329,63,18,telephony,13723.94,SP,franca
9a03a4e9eb0b947652fae4f6121a3f5e,7,1497.0,185.22,213.85714285714286,26.46,3.857142857142857,7,4,baby,1682.22,SP,catanduva
9a1aea68d3efa00862ec88c0768037d0,8,1309.2,192.51,163.65,24.06375,4.375,7,3,home_appliances_2,1501.71,SP,catanduva
9a84ba99f5367fdbd4598363496f1ea2,15,2223.38,415.07,148.22533333333334,27.671333333333333,3.8,15,3,sports_leisure,2638.4500000000003,GO,luziania
9aa388272ee334b6ae07bc73706e254a,7,678.0,183.46,96.85714285714286,26.208571428571428,3.857142857142857,6,2,bed_bath_table,861.46,MG,muriae
9ac4f14370b1e24ddc58be041b7f99df,5,314.51,122.14,62.902,24.428,4.4,5,5,sports_leisure,436.65,GO,jaragua
9ac75591b69c3402684b6ce0310f22ee,1,60.5,9.17,60.5,9.17,5.0,1,1,housewares,69.67,SP,sao paulo
9add47bf45ce8e8c7db6b9cf670b1e09,43,4606.4400000000005,1082.76,107.12651162790699,25.18046511627907,4.261904761904762,41,11,furniture_decor,5689.200000000001,PR,fazenda rio grande
9b00cad94ef3078faf6fba2e792c158f,1,354.9,18.92,354.9,18.92,5.0,1,1,sports_leisure,373.82,MG,janauba
9b00ed88b7fdb95d6ff76e27c1b52d16,50,1567.88,567.8,31.3576,11.356,4.58,46,18,sports_leisure,2135.6800000000003,SP,sao paulo
9b013e03b2ab786505a1d3b5c0756754,220,8714.55,2556.28,39.61159090909091,11.619454545454547,4.0607476635514015,170,56,health_beauty,11270.83,SP,vicente de carvalho
9b1585752613ec342d03bbab9997ec48,3,4248.98,100.06,1416.3266666666666,33.35333333333333,3.6666666666666665,3,3,auto,4349.04,RJ,rio de janeiro
9b1ab052f5fca308ba743ac789ebb2e1,2,294.09000000000003,31.99,147.04500000000002,15.995,4.0,2,2,garden_tools,326.08000000000004,PR,pitanga
9b1f656ca3060f8af17a50d8a024b533,2,41.0,47.68,20.5,23.84,5.0,2,2,auto,88.68,SP,santos
9b522ba7eae9e1d04082f267144583cc,5,1478.6,132.95,295.71999999999997,26.589999999999996,4.8,3,2,garden_tools,1611.55,SP,sao paulo
9b76ad3d04236f76bc71c59470305e13,3,394.70000000000005,61.93,131.5666666666667,20.643333333333334,5.0,2,2,housewares,456.63000000000005,SP,boituva
9bade61a92bed55a25d2b67b9f4ed739,3,117.68,57.12,39.22666666666667,19.04,2.3333333333333335,2,1,baby,174.8,PR,sao jose dos pinhais
9baf5cb77970f539089d09a38bcec5c3,32,5989.68,531.66,187.1775,16.614375,4.4375,31,25,housewares,6521.34,SP,indaiatuba
9bc484c87d79cd4874e05ca182658045,8,970.0,105.12,121.25,13.14,4.25,8,8,construction_tools_construction,1075.12,SP,sao paulo
9bcdfa7b615b3abb9461d9e3ad9886ae,20,2126.07,397.72,106.30350000000001,19.886000000000003,4.6,14,10,sports_leisure,2523.79,SC,blumenau
9bf11dfc0bec77e5a23028043c3c5a8f,1,115.0,17.06,115.0,17.06,1.0,1,1,auto,132.06,MG,contagem
9c068d10aca38e85c50202e17b4a7e88,17,2658.9,449.93,156.40588235294118,26.466470588235296,4.125,17,13,auto,3108.83,MS,coxim
9c0e69c7bf2619675bbadf47b43f655a,200,32720.4,2823.42,163.602,14.1171,4.116161616161616,151,67,computers_accessories,35543.82,SP,sao jose dos campos
9c1c0c36cd23c20897e473901a8fb149,7,544.97,172.07,77.85285714285715,24.58142857142857,5.0,6,3,food_drink,717.04,SP,praia grande
9c3a1c416c765687bc79a04113269929,1,74.9,58.9,74.9,58.9,1.0,1,1,housewares,133.8,MG,carmo da mata
9c3c24eca51c52b91c1de727d2a2ae06,6,307.5,113.66,51.25,18.94333333333333,4.5,6,3,sports_leisure,421.15999999999997,RS,caxias do sul
9c4d31c7e46ab03a43fc06e3142afd4e,2,1218.9,43.82000000000001,609.45,21.910000000000004,4.5,2,2,toys,1262.72,RJ,rio de janeiro
9c54608f0996c32ae4743089d915f845,3,194.8,109.92,64.93333333333334,36.64,4.0,3,3,housewares,304.72,PR,loanda
9c57bc60cfad5ee62d35d3f1ce4593a1,1,180.0,15.43,180.0,15.43,1.0,1,1,pet_shop,195.43,PR,curitiba
9c690ceacd5c66731bf443ea810195cb,12,871.8,249.22,72.64999999999999,20.768333333333334,4.416666666666667,10,2,garden_tools,1121.02,MG,camanducaia
9c7fd21e0aa159b20da593371f08ff7c,8,798.3,123.5,99.7875,15.4375,3.375,7,5,fixed_telephony,921.8,SP,osasco
9cad4b68bb993ee401a3c5aaa2bc26dd,7,649.3000000000001,114.03,92.75714285714287,16.29,3.4285714285714284,5,4,health_beauty,763.33,SP,birigui
9cea4682e16655f7da87f406902e989e,9,87.75999999999999,131.47,9.75111111111111,14.607777777777777,2.3333333333333335,4,2,Unknown / Uncategorized,219.23,PR,araucaria
9cf787a239c1aa29dbd76f153dc13f9a,4,316.0,52.400000000000006,79.0,13.100000000000001,4.75,4,2,stationery,368.4,SP,franca
9d213f303afae4983637247556438ede,3,47.7,73.11,15.9,24.37,5.0,2,2,bed_bath_table,120.81,SP,ibitinga
9d39404483343dd55c7ae254494d8388,10,293.2,141.07999999999998,29.32,14.107999999999999,3.5,10,4,telephony,434.28,SP,sao paulo
9d489893ff6af05029671b785f54b998,6,298.7,102.53999999999999,49.78333333333333,17.09,4.166666666666667,5,5,construction_tools_lights,401.24,SP,leme
9d4db00d65d7760644ac0c14edb5fd86,99,9845.710000000001,1509.59,99.45161616161617,15.248383838383837,4.540816326530612,97,41,toys,11355.300000000001,SP,sorocaba
9d5604a1f112324ad6b2aa552122e0fb,17,421.5,340.48,24.794117647058822,20.02823529411765,3.6470588235294117,13,3,home_construction,761.98,SP,florianopolis
9d5a9018aee56acb367ba9c3f05d1d6a,78,10119.98,1671.41,129.74333333333334,21.428333333333335,4.435897435897436,66,22,baby,11791.39,GO,aparecida de goiania
9d681c7e12db302cb261e721040dde65,14,785.6,273.08,56.114285714285714,19.505714285714284,4.928571428571429,13,8,sports_leisure,1058.68,PR,curitiba
9d69ba0a7a626a64dc5db08e529559cf,1,19.3,18.24,19.3,18.24,5.0,1,1,food,37.54,SP,ribeirao preto
9d7a1d34a5052409006425275ba1c2b4,16,1054.82,277.05,65.92625,17.315625,3.75,13,12,stationery,1331.87,SP,franca
9da15f4a4ea758d9eeb49000dbe57e22,1,196.9,37.71,196.9,37.71,2.0,1,1,office_furniture,234.61,SP,osasco
9da1ca0bef29ee170e541927a5aeabdc,6,1484.3999999999999,127.63,247.39999999999998,21.271666666666665,3.0,6,2,cool_stuff,1612.0299999999997,SP,votuporanga
9dc79dd988ac42f4d56c340d7048420a,4,749.6,94.33,187.4,23.5825,4.75,4,3,health_beauty,843.9300000000001,SP,sao paulo
9dd459b29a14bf89d47183cf2cd0e4c7,2,180.0,18.82,90.0,9.41,5.0,2,2,auto,198.82,SP,sao paulo
9dd59e43f0c9f0553244e8f9c2fb247e,10,356.3,151.82,35.63,15.181999999999999,4.8,10,8,perfumery,508.12,PR,foz do iguacu
9dda5bbacd45e18d6485fee649205d09,22,1912.6000000000001,506.73,86.93636363636364,23.03318181818182,4.2272727272727275,19,18,furniture_decor,2419.33,MG,santa rita do sapucai
9de4643a8dbde634fe55621059d92273,81,17560.34,1722.07,216.79432098765432,21.260123456790122,4.530864197530864,72,5,housewares,19282.41,SC,joinville
9df5750209b83567ec144eb299d7d634,11,4917.0,259.3,447.0,23.572727272727274,4.0,11,8,garden_tools,5176.3,RS,sao leopoldo
9e25199f6ef7e7c347120ff175652c3b,1,12.5,14.52,12.5,14.52,4.0,1,1,housewares,27.02,SP,taubate
9e6229250fedbe05838fef417b74e7fb,77,12962.300000000001,1834.96,168.34155844155845,23.830649350649352,3.896103896103896,73,25,baby,14797.260000000002,SP,mirandopolis
9e6967d3cf386d284251784b18ccb485,11,517.67,137.23,47.060909090909085,12.475454545454545,3.6363636363636362,9,3,Unknown / Uncategorized,654.9,SP,sao caetano do sul
9e7c5f4d7770eab65738cca38f9efccf,2,184.8,38.08,92.4,19.04,3.5,2,2,toys,222.88,SP,sao paulo
9e94fa26a70ede4d26226e918e8706a2,1,62.8,9.94,62.8,9.94,5.0,1,1,housewares,72.74,SP,sao carlos
9e9b539eb2806acee3f5c28085c1db9f,3,967.0,72.47,322.3333333333333,24.156666666666666,3.6666666666666665,3,3,small_appliances,1039.47,MG,contagem
9ed65337433adfbedefd23dd76eaa494,6,1262.6,81.05,210.4333333333333,13.508333333333333,4.833333333333333,6,3,sports_leisure,1343.6499999999999,SP,sao paulo
9ef932e837d8b7f392c0bfee9d359dc2,1,59.9,19.66,59.9,19.66,3.0,1,1,Unknown / Uncategorized,79.56,SP,ibitinga
9f50216bfd01913736a55a11b55ea842,19,1354.0,317.1,71.26315789473684,16.689473684210526,4.473684210526316,17,14,computers_accessories,1671.1,SP,taubate
9f505651f4a6abe901a56cdc21508025,426,25912.84,5949.75,60.828262910798124,13.966549295774648,4.305687203791469,393,77,computers_accessories,31862.59,SP,sao paulo
9fbd5666d8618fa571c4230fafa09bd6,1,79.9,16.81,79.9,16.81,5.0,1,1,auto,96.71000000000001,SP,sao paulo
9fc70243fb26800cba56e8f014797004,7,466.6,104.7,66.65714285714286,14.957142857142857,4.571428571428571,6,2,garden_tools,571.3000000000001,MG,belo horizonte
9fe7c6641c79970ab48185498f547c09,1,130.0,34.71,130.0,34.71,5.0,1,1,luggage_accessories,164.71,SP,sao paulo
a00824eb9093d40e589b940ec45c4eb0,3,9399.97,379.49,3133.3233333333333,126.49666666666667,4.666666666666667,3,1,computers,9779.46,SP,bofete
a0415d9b25ede3c4b1e477e9916ffc03,9,3544.2,184.94,393.79999999999995,20.54888888888889,4.222222222222222,9,7,watches_gifts,3729.14,RJ,nova iguacu
a066df7361163e7ddc5d7452dd17448b,17,1078.3,266.32,63.42941176470588,15.665882352941177,4.470588235294118,15,6,telephony,1344.62,SP,franca
a06c8ff043abea0528ee44171e2140a2,8,514.5,92.42999999999999,64.3125,11.553749999999999,4.75,8,6,baby,606.93,MG,divinopolis
a080fc8a850289b27500f6b49cca2553,4,383.0,52.57,95.75,13.1425,4.75,4,4,auto,435.57,SP,sao paulo
a08692680c77d30a0b4280da5df01c5a,17,2433.0,227.91000000000003,143.11764705882354,13.406470588235296,5.0,6,4,computers_accessories,2660.91,SP,sao paulo
a09a13f18ed27932d08438aa6f12756e,1,29.9,16.11,29.9,16.11,3.0,1,1,garden_tools,46.01,RS,sapiranga
a0a14e50070f3225b3eabba5b85da517,4,176.2,72.44,44.05,18.11,4.5,4,1,furniture_living_room,248.64,PR,curitiba
a0d7fbb07bb5ebc3b05980e750db56f3,4,848.99,236.19,212.2475,59.0475,2.0,3,4,furniture_decor,1085.18,SP,ferraz de vasconcelos
a1040efe9ff4a6f93c28b0499eada8f5,1,1658.83,34.48,1658.83,34.48,5.0,1,1,construction_tools_safety,1693.31,SP,jundiai
a1043bafd471dff536d0c462352beb48,752,99309.23,31103.51,132.06014627659573,41.36105053191489,4.246666666666667,702,6,garden_tools,130412.73999999999,MG,ilicinea
a11a0e0ca67423425691db355cff69b0,2,448.9,28.080000000000002,224.45,14.040000000000001,5.0,2,2,auto,476.97999999999996,SP,indaiatuba
a13580f0e8f782b7a543885a0ef99f08,10,1304.9,258.78,130.49,25.877999999999997,4.4,10,5,perfumery,1563.68,RJ,rio de janeiro
a13aaf2d2886ab9fb30fb9a920160b8f,4,1011.52,74.31,252.88,18.5775,4.5,4,1,musical_instruments,1085.83,SC,joinville
a1474fd46fd3430168f7ec202da39408,14,2752.5,661.02,196.60714285714286,47.215714285714284,4.428571428571429,12,8,auto,3413.52,SP,pinhais
a150c540f572d0fb53992264bc5c10b5,1,119.9,15.59,119.9,15.59,4.0,1,1,consoles_games,135.49,SP,sorocaba
a1544b9ea0b2390e020537d4daa89049,8,841.2,107.33,105.15,13.41625,3.875,8,4,fashion_bags_accessories,948.5300000000001,SP,jundiai
a154d7316f158bb42e6fa18bbe3afd3a,2,139.8,50.33,69.9,25.165,3.0,2,1,Unknown / Uncategorized,190.13,SP,sao paulo
a17f621c590ea0fab3d5d883e1630ec6,78,2677.92,1094.35,34.332307692307694,14.030128205128204,4.175675675675675,63,34,sports_leisure,3772.27,SP,sorocaba
a1bea7061f61f6fdd9a85a6325ba1033,9,810.95,99.93,90.10555555555555,11.103333333333333,4.444444444444445,9,8,telephony,910.8800000000001,SP,carapicuiba / sao paulo
a1bea9970d8f65b240555f99c2214f7f,1,75.0,27.48,75.0,27.48,3.0,1,1,construction_tools_lights,102.48,PR,pinhais
a20d8058c866dbaeca014d2cd20ac62e,2,1194.0,44.9,597.0,22.45,5.0,2,1,small_appliances,1238.9,SP,sao jose dos campos
a213f1bd6458f4a158f3746cb2514559,1,41.52,14.43,41.52,14.43,5.0,1,1,computers_accessories,55.95,PR,maringa
a218df5c097b0ca409cfaac1488cc7f6,4,130.69,110.00999999999999,32.6725,27.502499999999998,2.75,4,4,housewares,240.7,SP,araraquara
a21c11ec5c3f03e7cc9f9203bff9e1c6,4,385.0,90.88,96.25,22.72,3.0,3,2,perfumery,475.88,SP,santana de parnaiba
a23266650e7c84bb93fbbba502137478,16,1512.4,279.04,94.525,17.44,3.25,11,8,garden_tools,1791.44,RS,porto alegre
a254c682cc01e119f83530446f1df9a9,7,569.4,240.02,81.34285714285714,34.28857142857143,4.142857142857143,6,3,pet_shop,809.42,SP,cafelandia
a2a41aedb70551d4a85aa04dc2fced48,2,52.79,26.94,26.395,13.47,4.0,2,1,home_appliances,79.73,SP,sao paulo
a2b5b6105ea5942300631d2e76f4ffe0,16,3286.6899999999996,722.65,205.41812499999997,45.165625,4.75,16,6,toys,4009.3399999999997,SP,osasco
a2b911e9ad40dc7d61c142a4683e2d85,1,85.9,34.4,85.9,34.4,5.0,1,1,sports_leisure,120.30000000000001,RJ,barra mansa
a2deecd5398f5df4987110c80a1972a3,13,623.81,221.99,47.98538461538461,17.076153846153847,4.230769230769231,13,5,home_appliances,845.8,SP,sao paulo
a2e874074c877c5a05abae80ad6e488f,42,7355.0,1105.34,175.11904761904762,26.317619047619047,4.190476190476191,40,18,housewares,8460.34,SP,sao jose do rio preto
a2fa0bdc798ee84cdb08281337cf4fb6,11,354.86,187.11,32.26,17.01,4.818181818181818,8,6,books_general_interest,541.97,SC,florianopolis
a3082f442524a1be452e3189e003b361,4,301.6,97.65,75.4,24.4125,4.25,3,3,auto,399.25,SP,curitiba
a35124e2d763d7ca3fbe3b97d143200f,7,411.5,78.89,58.785714285714285,11.27,4.428571428571429,4,2,garden_tools,490.39,SP,sao paulo
a353b1083c9863d756d9404695016d64,1,120.0,17.09,120.0,17.09,5.0,1,1,musical_instruments,137.09,ES,cariacica
a35ef466c6fd6d052f5d241240d3c5e2,3,569.9,79.65,189.96666666666667,26.55,4.666666666666667,3,3,sports_leisure,649.55,RS,novo hamburgo
a369d693961cb93b61ca2cc518872a85,18,2597.0,616.79,144.27777777777777,34.26611111111111,4.111111111111111,11,7,home_construction,3213.79,SP,sao jose do rio preto
a36ac007a4d18f865c8d32c3b2402c2d,8,1229.79,161.17,153.72375,20.14625,2.75,8,3,garden_tools,1390.96,SP,barueri
a36b125ac6d5fdbc7f50de85c9157bdc,25,1793.65,373.89,71.74600000000001,14.955599999999999,4.04,23,10,sports_leisure,2167.54,SP,ribeirao preto
a37c340b91cb0169e8b029db6440fba2,5,345.0,94.95,69.0,18.990000000000002,4.8,5,1,Unknown / Uncategorized,439.95,SP,sao paulo
a3a38f4affed601eb87a97788c949667,260,26294.62,5184.66,101.13315384615385,19.941,4.403100775193798,251,115,toys,31479.28,SC,joinville
a3b0df0065e264a91b7bbf5f844af5cd,2,186.69,32.06,93.345,16.03,5.0,2,2,auto,218.75,SP,sao bernardo do capo
a3b42d266fa8afc874b909422ce88582,6,839.4000000000001,81.84,139.9,13.64,5.0,1,1,computers_accessories,921.2400000000001,SP,orlandia
a3dd39f583bc80bd8c5901c95878921e,37,4607.81,804.35,124.53540540540541,21.73918918918919,4.594594594594595,34,3,food_drink,5412.160000000001,BA,salvador
a3e9a2c700480d9bb01fba070ba80a0e,143,13371.8,2869.03,93.5090909090909,20.063146853146854,4.0212765957446805,129,72,bed_bath_table,16240.83,SP,ibitinga
a3f0b55de503387383c7b1de3ad7f678,26,4348.400000000001,1229.34,167.24615384615387,47.28230769230769,4.384615384615385,24,13,fashion_bags_accessories,5577.740000000001,PR,curitiba
a3fa18b3f688ec0fca3eb8bfcbd2d5b3,2,47.8,36.46,23.9,18.23,5.0,1,1,perfumery,84.25999999999999,SP,são paulo
a414555ce331b8c8aea4a9cb8395194d,8,1450.95,242.64,181.36875,30.33,3.5714285714285716,7,4,garden_tools,1693.5900000000001,SP,sao paulo
a416b6a846a11724393025641d4edd5e,176,24930.24,2935.56,141.64909090909092,16.679318181818182,4.215909090909091,157,109,health_beauty,27865.800000000003,SP,sao paulo
a420f60ff1aa9acc80d0e42959f2b313,69,7443.3,1099.97,107.87391304347827,15.941594202898552,3.925373134328358,67,23,baby,8543.27,SP,sao paulo
a425f92c199eb576938df686728acd20,18,1106.3,293.39,61.46111111111111,16.299444444444443,4.555555555555555,16,17,furniture_decor,1399.69,PR,curitiba
a435b009cd956ea60748b5cfbddf2e24,3,361.18,45.209999999999994,120.39333333333333,15.069999999999999,4.333333333333333,3,2,perfumery,406.39,SP,franca
a44fb5a447105f8469bdf16bf9159f25,19,3706.1,586.61,195.0578947368421,30.87421052631579,4.052631578947368,19,11,sports_leisure,4292.71,RS,porto alegre
a45314082d50d578a4721c9787ce09ab,2,424.9,29.020000000000003,212.45,14.510000000000002,5.0,2,2,sports_leisure,453.91999999999996,SP,mirassol
a45765f8afb1e594b22bf9e974b46765,1,79.99,8.93,79.99,8.93,4.0,1,1,auto,88.91999999999999,SP,sao paulo
a478c7961d6a992065b24e63b366f90b,9,1281.5,170.06,142.38888888888889,18.895555555555557,4.888888888888889,8,5,home_construction,1451.56,SC,blumenau
a49928bcdf77c55c6d6e05e09a9b4ca5,104,8646.900000000001,1726.92,83.14326923076925,16.605,2.9711538461538463,96,3,toys,10373.820000000002,SP,sao paulo
a4b6b9b992b46e9ef863637af96e04bc,8,5293.0,209.84,661.625,26.23,3.75,6,5,garden_tools,5502.84,SC,florianopolis
a4b8d97cd5d3674eeff96abc99d8ed67,1,214.08,19.3,214.08,19.3,1.0,1,1,construction_tools_construction,233.38000000000002,SP,sumare
a4bd6e9adf39b63f43dc545d3ca1f53d,5,1848.59,112.38000000000001,369.71799999999996,22.476000000000003,4.6,4,4,garden_tools,1960.97,RJ,rio de janeiro
a4fc6eadaff1576af888509a53420f6a,1,100.86,20.76,100.86,20.76,3.0,1,1,computers_accessories,121.62,SP,sao caetano do sul
a513150f33f99a06569e9cd5c4bb889b,2,677.0,34.25,338.5,17.125,4.5,2,2,construction_tools_construction,711.25,SP,sao paulo
a5259c149128e82c9d6d46e0c1c812bb,8,1182.26,438.87,147.7825,54.85875,3.875,8,7,auto,1621.13,RO,ji parana
a53f60f05f822b5c621a50ff6a5cb362,6,415.40000000000003,129.13,69.23333333333333,21.521666666666665,2.6,4,4,furniture_decor,544.53,MG,uberlandia
a56a8043ebf66e42119618fb8cf232c6,1,83.0,23.73,83.0,23.73,5.0,1,1,computers_accessories,106.73,SC,joinville
a56e351445e5863fc8960640ba9190c7,4,760.9200000000001,65.06,190.23000000000002,16.265,4.25,3,2,baby,825.98,SC,itajai
a5a1bfcf728ab0e19182959cf0771ee4,24,1812.96,347.89,75.54,14.495416666666666,4.291666666666667,21,6,food,2160.85,SP,socorro
a5bff0f43eb51f0cad7c37fac7244c8a,5,445.0,96.27000000000001,89.0,19.254,4.8,4,2,garden_tools,541.27,SP,sao paulo
a5cba26a62b8b4d0145b68b841e62e7f,54,14438.84,1346.93,267.3859259259259,24.94314814814815,4.574074074074074,53,18,health_beauty,15785.77,PR,campo mourao
a5dd1946fb63ada8bcaa0c9cd8f11e22,7,219.62,206.71,31.374285714285715,29.53,3.857142857142857,6,6,health_beauty,426.33000000000004,PE,caruaru
a5ff20ff766e7f50bd5066f33da14413,4,66.59,43.58,16.6475,10.895,3.0,2,3,home_appliances,110.17,SP,sao paulo
a61cc04793308395a840807104365121,1,14.63,23.74,14.63,23.74,5.0,1,1,housewares,38.37,SP,jarinu
a63bfbaa882c8f4542891b4e2246cc7f,6,5682.0,243.98999999999998,947.0,40.665,5.0,6,4,health_beauty,5925.99,RJ,niteroi
a64e44665225d19dfc0277eeeaaccc57,6,335.0,91.76,55.833333333333336,15.293333333333335,5.0,6,3,health_beauty,426.76,SP,sao paulo
a663d9c3797e90eac99ff60939416a56,1,235.0,14.08,235.0,14.08,5.0,1,1,computers_accessories,249.08,SP,sao paulo
a673821011d0cec28146ea42f5ab767f,141,13366.0,2562.04,94.79432624113475,18.170496453900707,3.933333333333333,125,51,bed_bath_table,15928.04,SP,sao paulo
a67780aba9dd436e7ac0aa1f889e73ec,6,863.0,178.04000000000002,143.83333333333334,29.673333333333336,3.6666666666666665,6,5,sports_leisure,1041.04,SP,presidente prudente
a69aa24cec11168e7e39a3fbc727e925,3,105.97,34.32,35.32333333333333,11.44,5.0,3,2,health_beauty,140.29,SP,carapicuiba
a6bd7d1ccdac48c6b33b28596b7eb122,15,13669.11,637.8,911.274,42.519999999999996,3.5,15,15,watches_gifts,14306.91,PB,mamanguape
a6fe7de3d16f6149ffe280349a8535a0,51,2844.9,729.54,55.78235294117647,14.304705882352941,4.06,50,12,fashion_underwear_beach,3574.44,SP,franca
a70e9066dbfd10b6b97a3f54a1356762,4,1716.0,311.4,429.0,77.85,5.0,2,2,furniture_decor,2027.4,PR,mandaguari
a72c2f59332659e361d647515c698798,6,802.9,131.03,133.81666666666666,21.838333333333335,4.833333333333333,5,3,pet_shop,933.93,RS,flores da cunha
a72f15980dc3e9bfd1a49ac9b2f3af65,1,89.9,18.73,89.9,18.73,4.0,1,1,furniture_decor,108.63000000000001,SP,marilia
a7a9b880c49781da66651ccf4ba9ac38,4,307.6,65.47,76.9,16.3675,3.75,3,4,bed_bath_table,373.07000000000005,SP,itirapina
a7b7354cc588f7566a848bcbb1ce3d96,2,79.8,25.07,39.9,12.535,4.0,2,1,home_appliances,104.87,SP,sao paulo
a7c53f6b3b61adbdaa99dda97e8cbd56,1,99.0,11.3,99.0,11.3,4.0,1,1,baby,110.3,SP,barretos
a7c88262832dfc683781d6a421edefae,5,1520.0,82.42,304.0,16.484,4.2,5,5,perfumery,1602.42,SP,mogi das cruzes
a7d0f8dd44f57ef6de7f7f02e3d82630,2,73.78999999999999,25.88,36.894999999999996,12.94,4.5,2,2,cool_stuff,99.66999999999999,SP,sao paulo
a7dc4098e4da6e41b426269d12ae7e91,3,518.0,36.45,172.66666666666666,12.15,3.6666666666666665,2,2,auto,554.45,SP,sao paulo
a7ecf689b40a44361e259b28939023e4,1,389.0,21.91,389.0,21.91,5.0,1,1,sports_leisure,410.91,ES,vila velha
a7f13822ceb966b076af67121f87b063,84,12017.69,2962.74,143.0677380952381,35.270714285714284,3.4939759036144578,73,31,office_furniture,14980.43,SP,itaquaquecetuba
a806a4bb063ea7ca6d374eafa50a6058,6,294.4,110.87,49.06666666666666,18.478333333333335,3.8333333333333335,5,5,perfumery,405.27,ES,serra
a81466620e46a6970b22ef40379fdfc9,2,321.8,32.98,160.9,16.49,5.0,2,1,computers_accessories,354.78000000000003,SC,sao ludgero
a8739afb32aaa45e01815ca76f76f54b,15,298.83,264.73,19.922,17.648666666666667,3.466666666666667,13,8,electronics,563.56,SP,sao bernardo do campo
a888faf2d1baececa6baf9c3d603ee1f,54,17564.8,1107.95,325.27407407407406,20.517592592592592,4.111111111111111,53,19,perfumery,18672.75,PR,umuarama
a89e143d5211473ae18db9577ee34b64,1,70.0,9.94,70.0,9.94,5.0,1,1,furniture_decor,79.94,SP,limeira
a90a5da8b09e44264a177c0374a5ac87,3,74.69999999999999,72.6,24.899999999999995,24.2,4.333333333333333,3,2,telephony,147.29999999999998,PR,ponta grossa
a938325a4b357fd23a6a4d5bb126408e,25,3231.0,560.81,129.24,22.432399999999998,3.88,24,20,auto,3791.81,RJ,nilopolis
a9415cf907dfa12f9ed18693244f5329,2,210.0,175.42,105.0,87.71,5.0,1,1,kitchen_dining_laundry_garden_furniture,385.41999999999996,MG,prados
a99504ac23ed125aaf5302af6cc30af9,1,978.0,47.24,978.0,47.24,5.0,1,1,home_construction,1025.24,SP,batatais
a9ae440659f48b7849df83e82734150b,1,285.0,27.02,285.0,27.02,5.0,1,1,auto,312.02,SP,santo andre
a9b533a26e898b12e8b8d4c07279bf4d,4,119.6,71.46,29.9,17.865,5.0,4,1,books_general_interest,191.06,RJ,rio de janeiro
aa17b35ce4de7b565be3249ba838944f,2,79.8,34.2,39.9,17.1,4.5,2,1,sports_leisure,114.0,SP,jundiai
aa1eb17b9fdf6dfd546e25c45c7b9235,4,117.99,36.269999999999996,29.4975,9.067499999999999,4.5,3,2,health_beauty,154.26,SP,sao paulo
aa2640d851ec322526f1295bbeb20092,2,159.98,22.36,79.99,11.18,3.0,1,1,furniture_decor,182.33999999999997,SP,sao paulo
aa762680c40618316a896838866140ea,3,261.0,62.46,87.0,20.82,3.3333333333333335,3,1,books_general_interest,323.46,PR,curitiba
aa8af66c623d7d544dfe4bb85b5ebe3b,1,99.0,15.57,99.0,15.57,5.0,1,1,art,114.57,MG,betim
aac29b1b99776be73c3049939652091d,131,6563.66,2569.62,50.1042748091603,19.615419847328244,4.0,94,14,cool_stuff,9133.279999999999,MG,uberlandia
aac51c486b672a9850d59f3e84b1cf88,13,728.28,131.29,56.02153846153846,10.099230769230768,4.769230769230769,10,6,food,859.5699999999999,SP,sao paulo
aadfe0417e61315688b6bd7043361e25,1,289.9,14.28,289.9,14.28,4.0,1,1,perfumery,304.17999999999995,GO,goiania
aae3bfea055532c57fb453ed3ec80b30,50,3057.92,799.25,61.1584,15.985,3.5510204081632653,48,5,market_place,3857.17,SP,santo andre
aae5953b9edddf14749c0d65d60eb4b9,2,173.0,29.9,86.5,14.95,5.0,2,2,furniture_decor,202.9,MG,belo horizonte
aae5e7b457a3c72ee230a47d98fceda5,7,604.8,140.77,86.39999999999999,20.110000000000003,4.142857142857143,5,2,bed_bath_table,745.5699999999999,PR,sao jose dos pinhas
aaed1309374718fdd995ee4c58c9dfcd,111,9345.45,2314.2799999999997,84.19324324324324,20.849369369369366,4.045045045045045,104,53,sports_leisure,11659.73,SC,timbo
aafe36600ce604f205b86b5084d3d767,131,9251.4,2421.8,70.62137404580153,18.48702290076336,4.3816793893129775,129,30,baby,11673.2,SC,sao jose
ab27bbbad5239bc31a34709275a70db4,11,382.9,102.15,34.809090909090905,9.286363636363637,5.0,3,3,garden_tools,485.04999999999995,SP,tatui
ab3e0c171fe84a7ba7de130f19cfb485,7,623.45,112.88,89.06428571428572,16.125714285714285,4.142857142857143,6,4,furniture_decor,736.33,PR,colorado
ab75b89cc49c9ab3160d0c91565a442a,1,18.99,0.75,18.99,0.75,1.0,1,1,stationery,19.74,SP,tupa
ab91571efab27993ff2f6b36e38055c3,4,102.24,56.69,25.56,14.1725,4.75,3,1,auto,158.93,SP,sao paulo
ab9db4cf53b08b828b64dccaafc2d9f0,4,177.78,105.82000000000001,44.445,26.455000000000002,5.0,4,3,air_conditioning,283.6,RS,paraiso do sul
aba1721a889e04decc910aa13b768ef4,92,14103.3,1249.17,153.2967391304348,13.577934782608697,4.456521739130435,83,76,stationery,15352.47,SP,sao paulo
abbf6046bbdf1028606a5bc7f00c99e7,6,1867.25,127.01,311.2083333333333,21.168333333333333,4.666666666666667,6,4,auto,1994.26,SC,xanxere
abc015ebac1d283a323ca9db35ede4b9,13,1106.8,222.85000000000002,85.13846153846154,17.142307692307693,4.384615384615385,12,8,air_conditioning,1329.65,SP,ribeirao preto
abcd2cb37d46c2c8fb1bf071c859fc5b,51,4817.32,1304.52,94.45725490196078,25.578823529411764,4.313725490196078,44,31,health_beauty,6121.84,MT,cuiaba
abe021b01ba992245271b9aa422032df,2,6720.0,117.24000000000001,3360.0,58.620000000000005,3.5,2,2,Unknown / Uncategorized,6837.24,PR,curitiba
abe42c5d03695b4257b5c6cbf4e6784e,49,17000.0,947.55,346.9387755102041,19.337755102040816,3.9583333333333335,49,36,health_beauty,17947.55,RJ,rio de janeiro
ac3508719a1d8f5b7614b798f70af136,101,12446.140000000001,2964.52,123.2291089108911,29.351683168316832,4.64,101,47,toys,15410.660000000002,RS,canoas
ac51cac5e20d69ff485a54746488ef48,3,700.0,58.7,233.33333333333334,19.566666666666666,3.6666666666666665,3,3,Unknown / Uncategorized,758.7,SP,ribeirao preto
ac6417315ae5da8f9a38ee11de6f7780,7,716.4,134.72,102.34285714285714,19.245714285714286,4.142857142857143,7,6,garden_tools,851.12,SP,aruja
ac9b01377919cdbd2a1bbb8d5837c70b,1,55.9,23.54,55.9,23.54,3.0,1,1,construction_tools_lights,79.44,SP,mogi das cruzes
acadd4d36859671cb635527c6c977533,12,2381.0,265.94,198.41666666666666,22.161666666666665,4.25,12,9,garden_tools,2646.94,SP,santa rosa de viterbo
acb6c2ca5c82411c1fdb88d5fd5eb95e,11,413.88,161.61,37.625454545454545,14.691818181818183,3.727272727272727,10,5,sports_leisure,575.49,SP,sao paulo
acce39e832338debb07b02385cde5967,44,4748.1,1175.56,107.91136363636365,26.717272727272725,4.4772727272727275,44,30,stationery,5923.66,MG,contagem
aced59e9b31ef866a94f9e7f29d8d418,67,7268.5,1047.3,108.48507462686567,15.631343283582089,4.447761194029851,61,19,housewares,8315.8,SP,sao paulo
acf974e4d5950ad143a247471b831eb9,12,423.8,329.82,35.31666666666667,27.485,4.8,5,3,housewares,753.62,RS,caxias do sul
ad14615bdd492b01b0d97922e87cb87f,1,8.25,10.96,8.25,10.96,5.0,1,1,auto,19.21,SC,tubarao
ad273c9eb54ecb4532de4bf75bae9e4e,11,645.0,184.75,58.63636363636363,16.795454545454547,3.8181818181818183,10,8,housewares,829.75,PR,curitiba
ad420dd0c4f92f8af951ac24b86d0cf5,46,4705.29,913.11,102.28891304347826,19.850217391304348,4.159090909090909,42,23,health_beauty,5618.4,MG,fronteira
ad75519a07f039025e83795a4418470f,9,302.1,115.82000000000001,33.56666666666667,12.86888888888889,3.2222222222222223,3,3,drinks,417.92,GO,santa terezinha de goias
ad781527c93d00d89a11eecd9dcad7c1,38,6039.63,2173.49,158.93763157894736,57.19710526315789,3.3421052631578947,38,2,baby,8213.119999999999,SP,sao jose do rio preto
ad87df7699e83b8a91822a4a0b765c3a,6,309.9,79.38,51.65,13.229999999999999,3.8333333333333335,5,5,electronics,389.28,SP,jaguariuna
ad8b531ae67582f096925cff5630d0d1,2,198.45000000000002,53.04,99.22500000000001,26.52,4.0,2,2,art,251.49,PR,castro
ad97a199236354e53fcd91a5a913e9a2,17,12446.85,837.17,732.1676470588236,49.245294117647056,4.470588235294118,16,7,small_appliances,13284.02,SC,brusque
adbc26658d6c7b4b6219f9d934598091,92,11806.4,1885.85,128.3304347826087,20.49836956521739,4.054347826086956,88,9,baby,13692.25,PR,curitiba
adbe70ab2c97442046d393988c8d1d27,5,289.5,65.15,57.9,13.030000000000001,5.0,5,2,garden_tools,354.65,SP,maua
adcf50477d6a1f5d91bb9d54c4903cb5,31,981.86,615.77,31.67290322580645,19.863548387096774,3.3548387096774195,16,13,sports_leisure,1597.63,MG,claudio
ade45994b717ccee333492330fbf037b,10,7196.0,283.63,719.6,28.363,4.5,10,6,telephony,7479.63,PR,umuarama
aded58c8142dedc5494a81f948431fab,5,289.5,89.98,57.9,17.996000000000002,3.2,4,4,perfumery,379.48,RJ,rio de janeiro
ae45ad30c2d2e5913094769690a239d2,2,251.8,31.26,125.9,15.63,5.0,1,1,sports_leisure,283.06,SP,franca
ae45df84722b1d15c5f32b23a095746c,12,901.83,163.66,75.1525,13.638333333333334,4.833333333333333,9,10,health_beauty,1065.49,SP,sao paulo
ae7ab174effdead6c241e547e4ca13f0,7,2778.6,795.46,396.9428571428571,113.63714285714286,3.857142857142857,6,5,furniture_living_room,3574.06,PR,arapongas
ae8bfdbf1c2a2a2dee92d799db0a31c6,8,339.92,146.22,42.49,18.2775,4.125,8,6,housewares,486.14,PR,toledo
ae9690c6e8fee182c28c9ff8e11ca52c,1,47.4,12.41,47.4,12.41,5.0,1,1,furniture_decor,59.81,SP,sao paulo
aeb36d67f1414f234d42a29e27cf1f17,4,3263.8,284.3,815.95,71.075,4.5,4,4,auto,3548.1000000000004,SP,santo andre
aec99834ab5d38ead22766ada8497e87,1,459.0,17.51,459.0,17.51,5.0,1,1,construction_tools_safety,476.51,PR,colombo
af3ef48d0e13835e529c29ac573c63e5,21,1405.63,467.5,66.93476190476191,22.261904761904763,3.761904761904762,21,12,pet_shop,1873.13,SP,araraquara
af4a0e4cfe1d9c26b6712b1be25a72e5,26,8757.98,593.62,336.8453846153846,22.83153846153846,3.5,21,17,computers_accessories,9351.6,MG,mateus leme
af7cdac9d9897cddead9c6b08976c642,6,543.54,150.47,90.58999999999999,25.078333333333333,3.6666666666666665,6,5,toys,694.01,SP,laranjal paulista
afa6714acee029b2dfdf357e5579cc03,17,3220.7599999999998,382.82,189.45647058823528,22.518823529411765,4.0588235294117645,16,8,toys,3603.58,SP,descalvado
afe0067131b73e40875c9b6c10bd2e21,45,5040.5,1111.09,112.0111111111111,24.690888888888885,4.2727272727272725,45,7,perfumery,6151.59,MG,lagoa da prata
b00af24704019bd2e1b335e70ad11f7c,1,189.0,18.25,189.0,18.25,5.0,1,1,sports_leisure,207.25,BA,salvador
b01c2b7b8599b325103ebcddc67413e1,4,169.45,72.67,42.3625,18.1675,4.75,4,1,health_beauty,242.12,RS,venancio aires
b026643914f651e8371425e5b8a1e780,1,27.9,15.1,27.9,15.1,5.0,1,1,health_beauty,43.0,RJ,rio de janeiro
b0398568231ba5e6734af1881671a317,4,656.77,113.35,164.1925,28.3375,4.0,4,3,cool_stuff,770.12,ES,colatina
b05b432bf68945d4d9783f9e3ca29ee8,2,224.8,26.09,112.4,13.045,4.5,2,2,health_beauty,250.89000000000001,SP,birigui
b080809eaacb49e5ca07290981472431,11,424.0,143.4,38.54545454545455,13.036363636363637,4.818181818181818,11,6,books_general_interest,567.4,MG,belo horizonte
b0b346d3a89f5eb4c2968af3f083cd43,9,469.0,160.70000000000002,52.111111111111114,17.855555555555558,3.7777777777777777,9,6,drinks,629.7,SP,campinas
b0f2a6122a90a93eb03e68653dd960e3,7,1620.3,137.98,231.47142857142856,19.71142857142857,4.857142857142857,6,4,health_beauty,1758.28,PR,curitiba
b1204cfda1d4948679db3cfc0d3cb95c,6,411.20000000000005,100.05,68.53333333333335,16.675,4.333333333333333,6,3,sports_leisure,511.25000000000006,SP,guarulhos
b127efdabeffb5d559349c7b172eb75d,10,308.5,112.77,30.85,11.277,4.8,10,10,fashion_bags_accessories,421.27,SP,sao paulo
b12cfd255810394b60caef18ae163547,2,560.0,166.14999999999998,280.0,83.07499999999999,4.5,2,1,office_furniture,726.15,PR,cascavel
b14db04aa7881970e83ffa9426897925,105,5595.9,2104.5,53.294285714285714,20.042857142857144,3.8020833333333335,78,12,furniture_decor,7700.4,SP,sorocaba
b16d3dadc47d4eb18be3d88bad0775ce,11,722.1,178.44,65.64545454545454,16.221818181818183,4.363636363636363,10,10,sports_leisure,900.54,RS,estancia velha
b17b679f4f5ce2e03ce6968c62648246,51,3424.18,980.18,67.14078431372549,19.21921568627451,3.9215686274509802,50,31,health_beauty,4404.36,SP,ribeirao preto
b18871c324516afa228a13e8f1ef0ae9,23,1064.6,243.8,46.28695652173913,10.6,3.9565217391304346,9,5,garden_tools,1308.3999999999999,SP,sao paulo
b18dc380845b24038cfc48006478f099,48,7753.96,796.87,161.54083333333332,16.601458333333333,4.297872340425532,43,12,health_beauty,8550.83,SP,diadema
b19c48688808720822399ffa9f2dbe2f,1,959.99,24.82,959.99,24.82,5.0,1,1,watches_gifts,984.8100000000001,SP,sao paulo
b19f3ca2ea475913750f25a5c37c8d8f,19,4174.16,1002.49,219.69263157894736,52.76263157894737,3.263157894736842,19,15,housewares,5176.65,MG,divinopolis
b1a81260566c1bac3114a6d124413f27,54,8684.69,1565.51,160.8275925925926,28.990925925925925,4.222222222222222,51,26,luggage_accessories,10250.2,RS,carazinho
b1aaae6b66ad3c40f54b389d7ea4bee0,17,1176.5,392.74,69.20588235294117,23.10235294117647,4.470588235294118,15,15,fashion_underwear_beach,1569.24,SP,sao paulo
b1ac6ea7895bc3dd6f0f6f4abbdd2821,38,2962.0,772.36,77.94736842105263,20.32526315789474,4.526315789473684,38,3,sports_leisure,3734.36,RS,canoas
b1b3948701c5c72445495bd161b83a4c,14,21519.5,404.75,1537.107142857143,28.910714285714285,1.9285714285714286,14,2,auto,21924.25,SP,sao paulo
b1fc4f64df5a0e8b6913ab38803c57a9,121,7994.74,2146.25,66.07223140495867,17.737603305785125,3.7815126050420167,107,5,watches_gifts,10140.99,RJ,sao goncalo
b1fecf4da1fa2689bccffa0121953643,20,3669.64,397.08,183.482,19.854,4.95,19,8,health_beauty,4066.72,MS,campo grande
b2479f944e1b90cf8a5de1bbfde284d6,129,4666.53,2207.7,36.174651162790695,17.11395348837209,3.328125,101,37,bed_bath_table,6874.23,SP,ibitinga
b248792ac0b60ec3f93d80af1b4fae47,9,454.5,153.85,50.5,17.094444444444445,3.7777777777777777,7,6,sports_leisure,608.35,SP,sao caetano do sul
b26741d31a563d769b4af0465ab20c56,2,648.0,47.03,324.0,23.515,4.0,2,2,sports_leisure,695.03,SC,florianopolis
b274baf5bbd142410eb2958cf685d684,7,585.9,148.67000000000002,83.7,21.23857142857143,4.285714285714286,7,7,toys,734.5699999999999,RS,montenegro
b29d3380981c51df13fc6fbe87e1763d,7,435.3,98.58,62.18571428571429,14.082857142857142,4.0,6,5,bed_bath_table,533.88,SP,ribeirao preto
b2a6d334e2833acea353624840e25a0e,26,1650.98,387.61,63.49923076923077,14.908076923076923,4.5,25,6,small_appliances,2038.5900000000001,SP,sao paulo
b2ac621f0d0322434d04a12b078b9369,30,9575.5,781.39,319.18333333333334,26.046333333333333,4.4,30,13,health_beauty,10356.89,PR,curitiba
b2ba3715d723d245138f291a6fe42594,350,49302.18,6294.47,140.86337142857144,17.9842,4.204610951008646,324,172,stationery,55596.65,SP,sao paulo
b2c97074649f92197d9387d9033dda5f,11,684.71,279.37,62.24636363636364,25.39727272727273,4.636363636363637,10,9,health_beauty,964.08,SP,botucatu
b2eecf5ea250510da76590ca79d60e5d,11,1060.0,153.15,96.36363636363636,13.922727272727274,5.0,9,5,musical_instruments,1213.15,SP,sao paulo
b2f4d63c7203f539a78252565ca32257,1,14.9,20.84,14.9,20.84,5.0,1,1,auto,35.74,RJ,armacao dos buzios
b32be1695eb7ec5f10f72d9610a12527,45,26575.0,2937.68,590.5555555555555,65.28177777777778,4.159090909090909,44,14,kitchen_dining_laundry_garden_furniture,29512.68,RS,caxias do sul
b335c59ab742f751a85db9c411a86739,31,2494.11,544.93,80.45516129032258,17.578387096774193,3.935483870967742,30,18,furniture_decor,3039.04,MG,araguari
b33aaadd1a8891d2dfef0c4c3bdf0371,17,1504.0,359.04,88.47058823529412,21.12,3.764705882352941,16,4,housewares,1863.04,SP,limeira
b33e7c55446eabf8fe1a42d037ac7d6d,152,44215.17,2656.38,290.88927631578946,17.476184210526316,4.190789473684211,149,34,watches_gifts,46871.549999999996,SP,pradopolis
b347677812ea483b0f528eaf8cbc09b7,21,7288.99,762.35,347.09476190476187,36.30238095238095,4.523809523809524,21,11,housewares,8051.34,PR,curitiba
b372ee768ed69e46ca8cdbd267aa7a38,69,12630.0,1183.84,183.04347826086956,17.157101449275363,4.391304347826087,63,24,fashion_bags_accessories,13813.84,SP,sao jose do rio preto
b37c4c02bda3161a7546a4e6d222d5b2,15,24075.0,412.6,1605.0,27.506666666666668,1.4,4,3,fixed_telephony,24487.6,SP,sao paulo
b3809b8d4394588a47c8470ea331e135,1,89.0,7.88,89.0,7.88,4.0,1,1,electronics,96.88,SP,sao paulo
b39d7fe263ef469605dbb32608aee0af,48,5063.2,1037.03,105.48333333333333,21.604791666666667,3.7872340425531914,43,19,bed_bath_table,6100.23,SP,ibitinga
b3b17aab11f273023a5f22ca52e1eb70,13,6850.0,475.34999999999997,526.9230769230769,36.565384615384616,4.846153846153846,7,7,auto,7325.35,PR,londrina
b3e2faf2c1004d674f16a3aa3197f0e1,3,61.47,33.77,20.49,11.256666666666668,5.0,3,3,auto,95.24000000000001,SP,ribeirao preto
b3f19518fcec265b2e97af287725f981,8,444.92,124.88,55.615,15.61,4.375,8,4,housewares,569.8,SP,tanabi
b410bdd36d5db7a65dcd42b7ead933b8,42,7368.9,950.8100000000001,175.45,22.638333333333335,4.809523809523809,42,2,housewares,8319.71,GO,goiania
b416191c9813d821a295cfabafff4161,2,117.8,32.34,58.9,16.17,2.5,2,1,Unknown / Uncategorized,150.14,SP,franca
b43d8b707f887a30f4675391098354a0,4,1342.0,184.76,335.5,46.19,2.5,3,3,small_appliances,1526.76,SP,ipira
b44dbfbf62e52125f3c15d230569ea91,8,609.37,89.69000000000001,76.17125,11.211250000000001,4.375,4,2,home_construction,699.0600000000001,SP,sao paulo
b452cb0ae35044c4a53179c39f49fb06,2,63.699999999999996,38.29,31.849999999999998,19.145,4.0,2,2,auto,101.99,SP,sorocaba
b45d7ebfb7378630f1bcd74b6ff86ff7,3,899.6999999999999,68.44,299.9,22.813333333333333,4.333333333333333,3,1,Unknown / Uncategorized,968.1399999999999,MG,belo horizonte
b494891378bd8f4560abe576c52deacd,21,2839.0,295.98,135.1904761904762,14.094285714285714,4.714285714285714,19,20,health_beauty,3134.98,SP,sao paulo
b499c00f28f4b7069ff6550af8c1348a,182,10162.18,2503.6,55.83615384615385,13.756043956043955,4.225274725274725,147,67,furniture_decor,12665.78,SP,limeira
b4a476fbd28de64b1e347abf9089366a,35,4479.04,796.0699999999999,127.97257142857143,22.744857142857143,4.0,30,12,electronics,5275.11,SP,itapevi
b4b447d715f9ab302a188fb43d3e96b3,5,685.9300000000001,93.73,137.186,18.746000000000002,4.8,5,2,sports_leisure,779.6600000000001,SP,sao paulo
b4f8921fcc4ff77b66bea6dda43dcd51,20,11395.05,1468.3600000000001,569.7524999999999,73.418,4.6,18,16,bed_bath_table,12863.41,RS,caxias do sul
b4ffb71f0cb1b1c3d63fad021ecf93e1,164,6635.69,2501.75,40.4615243902439,15.254573170731707,4.030487804878049,143,97,auto,9137.439999999999,SP,sao paulo
b55638ad525e906c698fa2ce742c1742,12,1094.8,290.87,91.23333333333333,24.239166666666666,4.166666666666667,11,6,pet_shop,1385.67,SC,imbituba
b561927807645834b59ef0d16ba55a24,95,4501.99,1305.04,47.38936842105263,13.737263157894736,4.336842105263158,85,42,stationery,5807.03,SP,sao paulo
b566ab0ef88016e00422755e305103c6,5,1208.0,220.21999999999997,241.6,44.044,3.2,5,4,health_beauty,1428.22,MG,extrema
b56828a9f9027f3c918c04ca720d9e3c,3,360.0,111.61000000000001,120.0,37.20333333333334,2.6666666666666665,3,2,bed_bath_table,471.61,SP,praia grande
b56906f7fd1696e043f1bcce164c487b,42,2148.49,846.93,51.1545238095238,20.165,3.9523809523809526,40,20,health_beauty,2995.4199999999996,SP,echapora
b586cd24c010a13916af621b0325fbba,7,1108.94,263.99,158.42000000000002,37.712857142857146,3.857142857142857,6,7,construction_tools_construction,1372.93,SC,rio do sul
b5abf4f36adc043117b4fca82c22984c,9,803.0999999999999,166.84,89.23333333333332,18.537777777777777,2.888888888888889,8,5,bed_bath_table,969.9399999999999,DF,brasilia
b5b800c4065bebf4d3442311c9857344,1,79.9,8.91,79.9,8.91,5.0,1,1,health_beauty,88.81,SP,sao paulo
b5bb2b985208834bd5bd86c7a402bbad,2,621.06,38.66,310.53,19.33,5.0,2,1,auto,659.7199999999999,RS,venancio aires
b5d034ac251546e25afe9067f05c1539,1,69.9,15.37,69.9,15.37,5.0,1,1,baby,85.27000000000001,SP,itapecerica da serra
b5dd7151a92ccaaa282cbe9681a05f44,1,85.0,18.7,85.0,18.7,5.0,1,1,sports_leisure,103.7,SP,ribeirao preto
b5e3e38609125694d2ea2417522a60b7,17,995.04,301.14,58.53176470588235,17.714117647058824,4.352941176470588,16,10,sports_leisure,1296.1799999999998,SC,florianopolis
b5f0712d22a873b6797ab6cc65c3fcba,1,12.99,8.29,12.99,8.29,4.0,1,1,food_drink,21.28,SP,sao paulo
b5f49fe968dff6b112861e6cd8e192ef,2,194.70000000000002,42.97,97.35000000000001,21.485,5.0,1,2,furniture_decor,237.67000000000002,PR,curitiba
b64d51f0435e884e8de603b1655155ae,23,416.18,357.36,18.094782608695652,15.537391304347826,4.130434782608695,17,15,housewares,773.54,SP,garulhos
b67d6c666e8dce1d078c882825e12704,8,352.84,104.19,44.105,13.02375,4.875,7,6,sports_leisure,457.03,SP,sao paulo
b6d44737c043328708f6749c2dbe50bd,79,5284.6,1549.41,66.89367088607595,19.612784810126584,4.569620253164557,61,23,housewares,6834.01,SP,santo andre
b6dc74ed30f124f95227bed4e43a3bed,10,387.56,164.33,38.756,16.433,4.7,9,6,sports_leisure,551.89,PR,arapongas
b6e1504972665f739dec4facb9943775,14,1484.48,225.89,106.03428571428572,16.134999999999998,4.357142857142857,14,7,Unknown / Uncategorized,1710.37,SP,piracicaba
b6f52e346160519c24a23af05410ad32,1,129.9,13.35,129.9,13.35,4.0,1,1,health_beauty,143.25,SP,sao paulo
b74d1c09cb380e1d03a6f859c6f4224b,38,2174.61,809.97,57.226578947368424,21.315,4.2368421052631575,30,10,Unknown / Uncategorized,2984.58,RJ,rio de janeiro
b76a1f8356322f12529c37b67d5c96c2,5,298.5,56.39,59.7,11.278,4.8,5,5,Unknown / Uncategorized,354.89,SP,santos
b76dba6c951ab00dc4edf0a1aa88037e,167,2545.31,2282.03,15.241377245508982,13.664850299401198,4.1878787878787875,157,37,telephony,4827.34,SP,sao paulo
b76f4d90e85657a240495c876313adc5,1,299.0,19.3,299.0,19.3,5.0,1,1,toys,318.3,SP,hortolandia
b77a27b1864483e721dc831d5ba4afa0,1,20.9,14.52,20.9,14.52,5.0,1,1,auto,35.42,RJ,duque de caxias
b7ba853e9551f4558440881fd3e5c815,1,136.9,25.7,136.9,25.7,1.0,1,1,cool_stuff,162.6,RS,santo antonio da patrulha
b7cc6c5e001441ae8cdd5c69a480cbe4,5,452.8,137.25,90.56,27.45,4.6,5,4,musical_instruments,590.05,SC,curitibanos
b7d5b4b87af9d42b601865d3f3810bff,1,350.0,20.69,350.0,20.69,3.0,1,1,garden_tools,370.69,SC,florianopolis
b7e1750c1157341d2abd0251e07c186b,4,159.6,60.96,39.9,15.24,4.5,3,4,sports_leisure,220.56,SP,sao paulo
b7ed9fb14c8eadb37adb9c45d67ab0fb,11,566.0,221.75,51.45454545454545,20.15909090909091,2.909090909090909,7,5,stationery,787.75,SP,jacarei
b8114f2f589a6804810f04f99b36b498,11,1399.62,292.41,127.23818181818181,26.582727272727276,4.7272727272727275,8,4,housewares,1692.03,SP,sao bernardo do campo
b81e3a6c866a764974fe849821abeebd,11,836.1500000000001,216.86,76.01363636363637,19.714545454545455,4.545454545454546,8,8,housewares,1053.0100000000002,SP,maua
b839e41795b7f3ad94cc2014a52f6796,36,42829.0,920.93,1189.6944444444443,25.58138888888889,4.027777777777778,33,10,construction_tools_construction,43749.93,SP,sao caetano do sul
b83cedfb587e7911540e3f576d6917ce,25,2224.95,343.8,88.99799999999999,13.752,4.24,24,16,health_beauty,2568.75,SP,sao paulo
b8555308bfdb4ca1ed54325a58da9a97,28,3047.2000000000003,582.83,108.82857142857144,20.815357142857145,4.071428571428571,26,4,office_furniture,3630.03,SP,sao bernardo do campo
b8578d2d823bd8e251f6fdd02b40902d,9,1255.6,244.0,139.5111111111111,27.11111111111111,4.444444444444445,9,6,sports_leisure,1499.6,SC,blumenau
b8630e1121437d41cb08e3c749c2c2e2,12,6988.0,346.1,582.3333333333334,28.84166666666667,4.333333333333333,12,6,musical_instruments,7334.1,RJ,duque de caxias
b86a47b3366e3b5424a7b225781f4908,1,86.5,19.85,86.5,19.85,3.0,1,1,Unknown / Uncategorized,106.35,MG,passos
b87a7ea0c30fad2dd6781b74a0064859,9,515.4,122.35,57.266666666666666,13.594444444444443,3.4444444444444446,9,8,auto,637.75,SP,sao paulo
b88e7c57cb2d8b973b7dd4a2bfa14b36,4,353.9,65.77,88.475,16.4425,4.25,4,3,health_beauty,419.66999999999996,PR,curitiba
b8a0adc91af209270c2c725168eb00fd,6,281.4,107.09,46.9,17.848333333333333,4.0,6,6,bed_bath_table,388.49,SP,ibitinga
b8bc237ba3788b23da09c0f1f3a3288c,47,13685.710000000001,1935.45,291.1853191489362,41.17978723404256,4.3478260869565215,45,1,housewares,15621.160000000002,SC,itajai
b8d890108a7a80e4f5d59eea9f362438,3,89.69999999999999,34.59,29.899999999999995,11.530000000000001,3.3333333333333335,2,2,Unknown / Uncategorized,124.28999999999999,PR,curitiba
b906dd0e57f282c7089171b6ed07982e,2,175.0,35.75,87.5,17.875,4.0,2,2,sports_leisure,210.75,PR,parana
b90e891671cffd9557f33a97dc523645,39,4449.0,632.31,114.07692307692308,16.213076923076922,4.128205128205129,34,13,health_beauty,5081.3099999999995,PR,sao jose dos pinhais
b92e3c8f9738272ff7c59e111e108d7c,70,8231.09,2414.21,117.587,34.48871428571429,4.057142857142857,62,36,furniture_decor,10645.3,MG,uba
b94cc9f10ddc85e4ba73a6f7974e7101,39,25346.1,1022.39,649.9,26.215128205128206,4.297297297297297,39,7,toys,26368.489999999998,RJ,macae
b98b715fe9e276204e2a3464f48cd796,4,388.6,50.93,97.15,12.7325,4.0,4,2,bed_bath_table,439.53000000000003,SP,sao paulo
b9a03475e6447e631b6799ec8274800f,11,1349.1,294.98,122.64545454545454,26.816363636363636,4.2727272727272725,10,7,christmas_supplies,1644.08,PR,formosa do oeste
b9c0ffa92f3ff9a5a3d45ef7213c0842,3,490.0,82.17,163.33333333333334,27.39,5.0,3,2,baby,572.17,SP,sao paulo
b9ca8e8baa5d4aa038394a700f63e69f,14,1289.77,388.18,92.12642857142858,27.72714285714286,4.214285714285714,14,8,bed_bath_table,1677.95,SP,sao paulo
b9de031b671cd48b28fae9d828cbf2b4,1,155.32,43.37,155.32,43.37,5.0,1,1,auto,198.69,SP,sao paulo
b9ec22de23f18567de0e09d776ca0309,2,341.98,40.49,170.99,20.245,5.0,2,2,stationery,382.47,DF,brasilia
ba143b05f0110f0dc71ad71b4466ce92,84,5998.7,1310.67,71.41309523809524,15.603214285714287,4.464285714285714,83,22,books_technical,7309.37,SP,sao paulo
ba5daa4041e1f15cdf34b76e3e18a450,15,806.8000000000001,152.55,53.78666666666667,10.17,4.266666666666667,15,11,toys,959.3500000000001,SP,sao paulo
ba6b4a237f92479743cf0ca06b67a9ac,8,801.89,111.82,100.23625,13.9775,4.25,8,5,computers_accessories,913.71,RJ,rio de janeiro
ba6b68b55fe8704377a7d43c8e5c0185,5,739.77,92.44999999999999,147.954,18.49,4.2,5,3,Unknown / Uncategorized,832.22,MG,belo horizonte
ba6ce6de456f6c11d08c17701ba5c26f,7,744.35,130.16,106.33571428571429,18.594285714285714,3.7142857142857144,6,3,sports_leisure,874.51,SP,sorocaba
ba89796db68db180bd389de96b2ff3b6,2,309.8,43.46,154.9,21.73,5.0,2,2,cine_photo,353.26,SP,sao paulo
ba8e85df286308fe68a2ce83a8f8b2d6,1,80.9,16.76,80.9,16.76,5.0,1,1,perfumery,97.66000000000001,SC,santa catarina
ba90964cff9b9e0e6f32b23b82465f7b,38,44212.5,1311.0,1163.4868421052631,34.5,4.421052631578948,38,11,small_appliances_home_oven_and_coffee,45523.5,SP,guarulhos
baa49d93c8c8841e27400a300f5d74b2,6,246.39999999999998,88.02,41.06666666666666,14.67,4.5,6,3,sports_leisure,334.41999999999996,SC,sao jose
bab0a8cd684e41ba6e2637dca0979d3b,1,269.9,19.14,269.9,19.14,5.0,1,1,toys,289.03999999999996,RJ,rio de janeiro
babcc0ab201e4c60188427cae51a5b8b,1,79.0,14.13,79.0,14.13,5.0,1,1,construction_tools_lights,93.13,SP,porto ferreira
bac44fa8e13424950488659b5f765c41,1,19.9,14.52,19.9,14.52,5.0,1,1,furniture_decor,34.42,SP,sao paulo
bac692d6c0ed08467878018e6cc9c26c,3,477.0,82.23,159.0,27.41,4.0,1,1,construction_tools_lights,559.23,SC,blumenau
bacb1f0ed56ad24198f5810d2b3fe9a5,38,6078.05,769.65,159.94868421052632,20.253947368421052,4.324324324324325,38,20,toys,6847.7,SP,jacarei
baeda7047354773262ba2405f97038ba,1,35.0,15.1,35.0,15.1,5.0,1,1,pet_shop,50.1,SP,americana
baf15155e37ef5492731459bdc05be8a,1,47.0,8.72,47.0,8.72,5.0,1,1,bed_bath_table,55.72,SP,sao paulo
bafc5aa11e413978be29040f51342e70,9,1679.55,149.92,186.61666666666667,16.657777777777778,3.7777777777777777,9,6,stationery,1829.47,MG,belo horizonte
bb135baca94c82fcb731335ad5b04a03,38,1049.8,472.88,27.626315789473683,12.44421052631579,2.6578947368421053,18,16,furniture_decor,1522.6799999999998,SP,sao paulo
bb2afe2061d53c6968aa0cffa233a8ec,6,549.4,94.62,91.56666666666666,15.770000000000001,4.833333333333333,5,4,sports_leisure,644.02,SP,sao paulo
bb3dca718920a4d7ec3cc9ffb025108b,3,108.0,93.7,36.0,31.233333333333334,2.3333333333333335,2,2,health_beauty,201.7,SP,sao paulo
bb5bd94c8f59cc050072d2930c869cac,17,2543.87,302.77000000000004,149.63941176470587,17.810000000000002,4.235294117647059,16,12,fashion_bags_accessories,2846.64,SP,sao paulo
bb5d956dece964a06c12bceb66b923ae,2,1278.36,50.14,639.18,25.07,5.0,2,2,auto,1328.5,RJ,rio de janeiro
bb7a14e229b1c95156719c3d9552eeee,10,2760.2,287.40999999999997,276.02,28.740999999999996,4.5,10,6,small_appliances,3047.6099999999997,RJ,rio de janeiro
bb7ad8a45c027be8ab075b8e465f8ca0,2,19.98,32.64,9.99,16.32,5.0,2,1,food,52.620000000000005,SC,floranopolis
bba3293d6f5d5af2f415e004e8b93ae3,17,11702.1,326.69,688.3588235294118,19.217058823529413,4.294117647058823,17,7,health_beauty,12028.79,SP,sao paulo
bba74270a87732727b5a3b4fd9ac1c39,40,5964.6,743.74,149.115,18.5935,3.875,35,20,sports_leisure,6708.34,MG,betim
bba8d0c234a52b87b3957037a215d1a4,1,120.0,19.53,120.0,19.53,5.0,1,1,furniture_decor,139.53,GO,goiania
bbad7e518d7af88a0897397ffdca1979,84,4426.32,1314.92,52.69428571428571,15.653809523809525,3.0481927710843375,68,14,baby,5741.24,SP,sao paulo
bbaff50f3b708fda865918715276cd87,16,449.7,202.07,28.10625,12.629375,4.8125,12,11,food_drink,651.77,SP,atibaia
bbd3acfe6de99892e73940d3fdceaf68,2,69.0,24.55,34.5,12.275,3.0,2,2,bed_bath_table,93.55,SP,santo andre
bbe87dce25ba8b38bb61cc7210a3f10b,2,287.0,68.39,143.5,34.195,5.0,2,2,construction_tools_construction,355.39,SP,sao joao da boa vista
bbf4a892cac7b82422baa711dffb8997,1,70.0,35.34,70.0,35.34,5.0,1,1,pet_shop,105.34,PR,curitiba
bbf9ad41dca6603e614efcdad7aab8c4,14,7846.0,776.26,560.4285714285714,55.44714285714286,4.5,14,4,health_beauty,8622.26,CE,fortaleza
bc07d855eac23aab5ac8a120f21d16b2,12,1202.62,204.74,100.21833333333332,17.061666666666667,4.416666666666667,11,8,health_beauty,1407.36,SP,mogi das cruzes
bc2ac6b95e1accce9858528ee566c17e,22,2045.0,234.56,92.95454545454545,10.661818181818182,4.636363636363637,18,14,books_imported,2279.56,SP,campinas
bc302730ea8cf49b5c74f579febb5bbf,11,2640.9,289.27,240.0818181818182,26.297272727272727,3.8181818181818183,11,9,telephony,2930.17,SP,campinas
bc30de0d71bd6260b936a026b5cf7200,3,392.37,90.47999999999999,130.79,30.159999999999997,4.666666666666667,3,2,housewares,482.85,SP,pedreira
bc39d8938f90a3a2b98193723ed59774,2,306.8,22.31,153.4,11.155,4.0,2,1,small_appliances,329.11,SP,cajamar
bc47d5d1490df2b36add65d733eafaba,22,929.8,372.06,42.26363636363636,16.91181818181818,3.5454545454545454,21,7,sports_leisure,1301.86,SP,santo andre
bc503e244f187939d10c92a5c8e378ce,13,430.31,173.41,33.10076923076923,13.339230769230769,4.153846153846154,6,3,computers_accessories,603.72,SP,birigui
bc8c8d665ec4664d286be0d521722b19,1,22.5,8.32,22.5,8.32,2.0,1,1,health_beauty,30.82,SP,sao paulo
bca9230d3bbb4efa51872bf605a2f1ad,5,117.57,50.63,23.514,10.126000000000001,4.0,5,3,books_general_interest,168.2,SP,sao paulo
bcc9dd23e2a8bd8267cf92b19304a1b9,3,202.79000000000002,43.43,67.59666666666668,14.476666666666667,2.3333333333333335,3,2,bed_bath_table,246.22000000000003,SP,ibitinga
bccf933e006e9b94a6184af782963e77,46,4162.74,884.47,90.49434782608695,19.227608695652176,4.533333333333333,45,22,health_beauty,5047.21,SP,assis
bcd2d7510d58e293f20fad6438c1b314,1,23.9,15.56,23.9,15.56,,1,1,baby,39.46,PR,curitiba
bce6a5ecf98e99fd2a8868b15c51f04b,15,3464.9,241.60000000000002,230.99333333333334,16.10666666666667,4.133333333333334,14,3,watches_gifts,3706.5,SP,guarulhos
bd0389da23d89b726abf911cccc54596,90,7472.16,1656.31,83.024,18.403444444444442,4.2,87,57,computers_accessories,9128.47,DF,brasilia
bd0a1b0aadca9a83d9304f7e8ff5fbd5,4,150.6,54.59,37.65,13.6475,4.5,4,4,telephony,205.19,SP,sao paulo
bd149ed516d4c5d418d5781f8e18919f,9,414.0,141.94,46.0,15.77111111111111,4.888888888888889,8,3,furniture_decor,555.94,SP,guarulhos
bd15ee794d5e640d9dd71b665b2ab15b,12,374.79999999999995,219.32999999999998,31.23333333333333,18.2775,4.0,12,4,sports_leisure,594.1299999999999,SP,ribeirao preto
bd1d49a326abfa9b1036772e40445430,13,637.7,188.5,49.05384615384616,14.5,3.8461538461538463,12,10,health_beauty,826.2,SP,bauru
bd23da7354813347129d751591d1a6e2,87,9704.6,1384.56,111.54712643678161,15.91448275862069,4.127906976744186,86,9,furniture_decor,11089.16,SP,sao paulo
bd43e172d599bed47a85da877172ca8c,1,23.92,18.27,23.92,18.27,5.0,1,1,bed_bath_table,42.19,SC,sao bento do sul
bd4431c1a8dfa744b59e1e2a8bc99b9e,7,809.5,204.09,115.64285714285714,29.155714285714286,4.571428571428571,7,5,health_beauty,1013.59,RJ,rio de janeiro
bd4889b5e9133b35b66e42a8665cea5c,42,6271.9,984.64,149.33095238095237,23.443809523809524,4.463414634146342,36,16,furniture_decor,7256.54,SP,sao paulo
bd4ff04377f974574f7f0bf9d6ce7dde,4,164.96,50.14,41.24,12.535,3.5,4,3,furniture_decor,215.10000000000002,SP,santa maria da serra
bd65d163ded559eb90a10cd09fec178f,2,19.8,18.68,9.9,9.34,4.0,1,2,perfumery,38.480000000000004,SP,sao paulo
bd697db56ff8e7c9cd1abeb7f72029b2,21,2869.79,329.14,136.65666666666667,15.673333333333332,4.333333333333333,21,17,auto,3198.93,SP,sao paulo
bdae679a9b282249bc23b9b69dae9a99,12,663.15,188.82999999999998,55.262499999999996,15.735833333333332,3.5,6,7,construction_tools_construction,851.98,DF,brasilia
bdb3edbaee43a761e2d4f258dc08f348,5,259.5,68.86,51.9,13.772,3.8,5,3,stationery,328.36,SP,lencois paulista
bdf0d02d36a1d839d0c39c4a887cdd49,7,120.0,95.95,17.142857142857142,13.707142857142857,5.0,5,2,home_appliances,215.95,SP,birigui
be1e9e378700cecaa4ebf71433d7915c,2,119.89000000000001,37.62,59.94500000000001,18.81,3.0,2,1,Unknown / Uncategorized,157.51000000000002,SP,ribeirao preto
be3b4b0f050a6aa1b2d901c4b77e979f,8,578.1999999999999,155.52,72.27499999999999,19.44,2.75,3,3,housewares,733.7199999999999,PR,imbituva
be67f78487e2cecb0d55bc769709e4f5,1,102.0,23.64,102.0,23.64,5.0,1,1,health_beauty,125.64,MG,ibirite
be7a093e5b4d147b36b72bb1f9e415e5,1,60.9,22.36,60.9,22.36,5.0,1,1,health_beauty,83.25999999999999,PR,toledo
be8e909810184b9b19e886129149d8e5,15,629.85,216.23,41.99,14.415333333333333,3.7333333333333334,15,3,computers_accessories,846.08,SP,piracicaba
be9a160a9011f627c3e121d076c1ec7b,5,2055.0,175.12,411.0,35.024,4.6,5,5,garden_tools,2230.12,SC,jaragua do sul
beadbee30901a7f61d031b6b686095ad,68,4373.98,937.54,64.32323529411764,13.78735294117647,3.9411764705882355,64,7,health_beauty,5311.5199999999995,SP,guarulhos
bec568278124768c474ee90971ca94d1,2,219.9,29.16,109.95,14.58,4.5,2,2,furniture_decor,249.06,SP,sao paulo
bede56095ba33c42038fb85f707b8a42,2,3973.9,210.87,1986.95,105.435,4.5,2,2,health_beauty,4184.77,SP,valinhos
bee36b4f9a2b9fdcaff6ec05df202ed0,1,16.9,10.96,16.9,10.96,5.0,1,1,computers_accessories,27.86,SP,sao paulo
bf00385a5f7fc1ef39a13c2e9ee50a5f,28,855.4,333.85,30.55,11.923214285714286,4.428571428571429,28,18,electronics,1189.25,SP,sao paulo
bf0045791395e66460eb04749c68672a,2,119.8,35.45,59.9,17.725,4.0,2,1,stationery,155.25,SP,sao paulo
bf100ecb7997df312b285358fb32f92c,21,1991.9,345.11,94.85238095238095,16.433809523809526,4.368421052631579,20,9,cool_stuff,2337.01,PR,sao jose dos pinhais
bf3c6d2a28b2b5501e6c15448982dcc9,43,3956.5,691.65,92.01162790697674,16.084883720930232,4.4186046511627906,35,10,baby,4648.15,SP,sao paulo
bf84056e679dbe9c69929847a40e338f,38,1918.08,438.5,50.47578947368421,11.539473684210526,3.763157894736842,35,3,health_beauty,2356.58,SP,sao paulo
bf961104a38e01b9062ee026bb657dee,4,585.56,79.9,146.39,19.975,4.5,4,1,cool_stuff,665.4599999999999,SP,ribeirao preto
bfd27a966d91cfaafdb25d076585f0da,115,19225.0,2636.41,167.17391304347825,22.925304347826085,4.324561403508772,114,53,toys,21861.41,SP,serra negra
bfd938b22bc99bce1ae60dc602889f52,6,623.4,100.47,103.89999999999999,16.745,5.0,4,3,garden_tools,723.87,RJ,rio de janeiro
bff9deb0ec77d437f3305a79cf25529e,5,161.95,80.78999999999999,32.39,16.157999999999998,4.0,5,1,telephony,242.73999999999998,SP,limeira
c003204e1ab016dfa150abc119207b24,200,24904.29,4714.17,124.52145,23.57085,4.44,195,11,auto,29618.46,SP,cajamar
c00396cbdd2e088fe4281baa5920aef1,3,832.4100000000001,73.44,277.47,24.48,5.0,1,1,construction_tools_construction,905.8500000000001,PR,campo magro
c004e5ea15737026cecaee0447e00b75,1,2350.0,105.12,2350.0,105.12,1.0,1,1,home_appliances_2,2455.12,SP,sao paulo
c0098efcf800861dcae589affca31408,9,1189.28,187.46,132.14222222222222,20.82888888888889,4.777777777777778,9,8,auto,1376.74,SP,ribeirao preto
c013e57c075a06e5b5c48ee03c525719,45,1971.55,857.11,43.81222222222222,19.04688888888889,4.155555555555556,42,13,pet_shop,2828.66,SP,sao carlos
c026ef0d72e9132d9fa112308090c8dc,1,520.0,37.72,520.0,37.72,4.0,1,1,home_construction,557.72,RJ,rio de janeiro
c03121937e54a93fcc1825c3098bbb6e,7,1043.0,154.94,149.0,22.134285714285713,5.0,7,1,books_general_interest,1197.94,PR,curitiba
c04d70d515d15a7e3db3a73320598566,4,158.2,56.62,39.55,14.155,5.0,3,3,Unknown / Uncategorized,214.82,RJ,niteroi
c0563dd588b775f2e37747ef6ad6c92c,28,3697.2000000000003,397.47999999999996,132.04285714285714,14.195714285714285,4.357142857142857,28,8,cool_stuff,4094.6800000000003,SP,santo andre
c092292535a57dacd95a8765f5518f87,1,125.0,18.98,125.0,18.98,5.0,1,1,toys,143.98,RJ,paracambi
c0aff2da32c17759d30b22fb0af6649d,5,188.8,83.53,37.760000000000005,16.706,3.8,4,3,stationery,272.33000000000004,SC,florianopolis
c0e0b73d039eb9a99b6ce4cb7a429cd3,1,29.88,7.68,29.88,7.68,5.0,1,1,computers_accessories,37.56,SC,laurentino
c0e6839516f5398edc34adf5f1d53d1a,1,34.92,14.12,34.92,14.12,5.0,1,1,sports_leisure,49.04,SP,guaruja
c0f3eea2e14555b6faeea3dd58c1b1c3,1,79.99,15.66,79.99,15.66,5.0,1,1,sports_leisure,95.64999999999999,SP,sao paulo
c0f783394e37cd9c9d7f5f81141450fa,6,249.39999999999998,87.35,41.56666666666666,14.558333333333332,3.6,6,5,Unknown / Uncategorized,336.75,SP,piracicaba
c113b8df1fc375bc3d73d29c1b1144d1,5,333.0,67.87,66.6,13.574000000000002,4.2,3,2,Unknown / Uncategorized,400.87,SP,sao paulo
c12b92bf1c350f3e6bf88d3596219c86,17,4808.78,444.06,282.8694117647059,26.121176470588235,3.8823529411764706,17,9,auto,5252.84,SP,garca
c12d7463a579237ffb9248bd7cff378b,1,25.9,8.72,25.9,8.72,4.0,1,1,fashion_bags_accessories,34.62,SP,sao paulo
c13ef0cfbe42f190780f621ce81f2234,1,390.0,61.28,390.0,61.28,3.0,1,1,electronics,451.28,SP,sao paulo sp
c13fb473e7cb8b83ccd543c094df0608,2,54.8,28.72,27.4,14.36,3.5,2,2,fixed_telephony,83.52,SP,sao paulo
c1552b1dab6e6f760950368ae61fb600,2,53.8,14.89,26.9,7.445,2.5,2,2,health_beauty,68.69,SP,sao jose dos campos
c157bdeedcbc9a8e3c8bf0d87ff24428,10,514.27,208.7,51.427,20.869999999999997,4.5,7,4,Unknown / Uncategorized,722.97,SP,mairinque
c161d1327ebc3a156c09582ab2f59f6c,2,35.99,15.56,17.995,7.78,4.0,2,2,health_beauty,51.550000000000004,SP,sao paulo
c18309219e789960add0b2255ca4b091,1,9.9,14.1,9.9,14.1,5.0,1,1,telephony,24.0,RJ,rio de janeiro
c1849d4d32d7a6cecd5aa471809d3135,3,388.98,41.730000000000004,129.66,13.910000000000002,4.333333333333333,3,3,auto,430.71000000000004,SP,santo andre
c1d1ebb4745cc43cb6f05e9c8a705c9a,1,12.5,19.21,12.5,19.21,1.0,1,1,Unknown / Uncategorized,31.71,SP,sao paulo
c1dde11f12d05c478f5de2d7319ad3b2,1,12.5,7.39,12.5,7.39,1.0,1,1,computers_accessories,19.89,SP,sao paulo
c1ed9e3daf6154542826a6996af0fb8c,16,757.5,292.57,47.34375,18.285625,4.625,8,6,computers_accessories,1050.07,SC,itajai
c1f12f926d0ba950578b4fa41115cbb6,4,479.6,76.96,119.9,19.24,4.5,2,2,housewares,556.5600000000001,SP,sao paulo
c240c4061717ac1806ae6ee72be3533b,1,59.9,13.99,59.9,13.99,4.0,1,1,food,73.89,RJ,rio de janeiro
c24173065483e421f9e5e7f599de101d,9,373.91,117.3,41.54555555555556,13.033333333333333,3.5555555555555554,9,4,sports_leisure,491.21000000000004,SP,sao paulo
c26a2be5b53b7db6b276280da212a779,18,7482.0,806.85,415.6666666666667,44.825,2.7222222222222223,13,4,office_furniture,8288.85,RJ,nova friburgo
c26ba52cf8d2f34915f2f6b7ffa0a3f3,3,107.47,38.75,35.82333333333333,12.916666666666666,5.0,3,2,Unknown / Uncategorized,146.22,RJ,rio de janeiro
c273175f7c6c80fb02f051e2fc6d0d72,14,1188.23,255.22,84.87357142857142,18.23,3.7857142857142856,14,11,auto,1443.45,SP,sao paulo
c286ec035ee04ba81c97508f0b5df544,1,294.0,50.67,294.0,50.67,4.0,1,1,computers_accessories,344.67,PR,curitiba
c2bda99904207edd1834f03e0022b007,1,39.9,7.78,39.9,7.78,4.0,1,1,books_general_interest,47.68,SP,sao paulo
c2d70ce2c5d0a2eb75e78668236e6dc8,15,2470.9,229.01999999999998,164.72666666666666,15.267999999999999,4.666666666666667,13,4,housewares,2699.92,SP,sao paulo
c31eff8334d6b3047ed34bebd4d62c36,121,12991.61,2359.24,107.36867768595042,19.49785123966942,3.875,120,5,art,15350.85,SP,salto
c3251e13f1bbda6c74e37c160f991e19,2,437.79999999999995,75.28,218.89999999999998,37.64,5.0,2,2,auto,513.0799999999999,SP,porto ferreira
c32fc744b9160ac853450488e3cfea93,2,65.8,14.049999999999999,32.9,7.0249999999999995,3.0,2,2,sports_leisure,79.85,SP,ribeirao preto
c33847515fa6305ce6feb1e818569f13,128,15519.85,4374.41,121.248828125,34.175078125,3.71875,114,39,bed_bath_table,19894.260000000002,SC,brusque
c33a5c3c983090c8b78a28e65052a20d,8,559.2,128.13,69.9,16.01625,4.125,8,3,perfumery,687.33,SC,criciuma
c353f8fc0ce8344999f17d578eb69a5e,2,175.98,36.59,87.99,18.295,5.0,2,1,health_beauty,212.57,RS,porto alegre
c35672b10ad50968f567ea3f4b91e877,22,1150.57,364.78,52.29863636363636,16.58090909090909,4.454545454545454,18,3,health_beauty,1515.35,RJ,mesquita
c35affa65afd250151285c5917fc1c8a,8,4779.92,644.84,597.49,80.605,4.25,8,8,auto,5424.76,SP,sao paluo
c360e4787614ed31ac7a2f95d3b22dc6,1,188.9,30.05,188.9,30.05,2.0,1,1,office_furniture,218.95000000000002,SP,lencois paulista
c37b2059d4f90d4feead554e5246565e,16,839.3,221.98,52.45625,13.87375,3.75,12,10,furniture_decor,1061.28,SP,sao paulo
c3867b4666c7d76867627c2f7fb22e21,241,34666.9,4693.3,143.84605809128632,19.474273858921162,4.01673640167364,228,96,sports_leisure,39360.200000000004,SP,guara
c394e193cda3b4225ff2094d32184849,11,3134.8900000000003,177.56,284.99,16.14181818181818,5.0,2,1,drinks,3312.4500000000003,SP,sao paulo
c398bc00a606d33758afd91f4e64fd15,2,150.0,15.5,75.0,7.75,4.5,2,1,sports_leisure,165.5,RJ,rio de janeiro
c3aad7dc65449ae90a5e9c3c6c1e78e0,6,510.0,130.36,85.0,21.72666666666667,4.666666666666667,6,5,party_supplies,640.36,SP,auriflama/sp
c3acdfac4e3e97ff87529454fbc03642,12,16788.0,269.28000000000003,1399.0,22.44,4.25,12,9,watches_gifts,17057.28,SP,sao paulo
c3cfdc648177fdbbbb35635a37472c53,307,43048.18,6079.63,140.22208469055374,19.803355048859935,4.447712418300654,278,111,sports_leisure,49127.81,PR,curitiba
c3e1abd72a42fe690fcd89cf5720fe29,13,1798.61,168.97,138.35461538461539,12.997692307692308,4.461538461538462,13,5,pet_shop,1967.58,SP,mogi guacu
c3e2398fcc7e581cda2e546557bf6968,1,14.9,15.23,14.9,15.23,5.0,1,1,furniture_decor,30.130000000000003,SP,sao paulo
c3ee2331a724e6fc02c4b698b57a73f3,3,1347.0,140.88,449.0,46.96,3.0,2,2,kitchen_dining_laundry_garden_furniture,1487.88,SP,sao paulo
c3f5668699a1b04c0fa61ecea1e2bff6,3,407.81,107.12,135.93666666666667,35.70666666666667,5.0,3,3,perfumery,514.9300000000001,PR,apucarana
c3fe93ba3085f92855c97e57f38c8c05,6,219.0,98.17999999999999,36.5,16.363333333333333,5.0,6,5,books_general_interest,317.18,PR,curitiba
c42fd8e4d47dfb18ce5222f2dd7752f9,11,466.99,161.64000000000001,42.45363636363636,14.694545454545455,4.0,7,9,furniture_decor,628.63,SP,osasco
c43d924a0f1688ee9fae0efcd6f539d4,1,29.9,15.11,29.9,15.11,4.0,1,1,bed_bath_table,45.01,RJ,rio de janeiro
c447f8dd3ed213f291d65ef074a268eb,8,655.0,122.22999999999999,81.875,15.278749999999999,3.875,7,4,sports_leisure,777.23,SP,assis
c458e2045a8aa8964f8879af03fdcce6,9,494.91,196.79,54.99,21.865555555555556,3.111111111111111,4,4,fixed_telephony,691.7,SP,sao caetano do sul
c4af86330efa7a2620772227d2d670c9,4,5396.0,364.96,1349.0,91.24,4.333333333333333,4,1,construction_tools_construction,5760.96,SP,mogi das cruzes
c4d51195486dc781531876a7d00453d8,17,11468.98,569.37,674.6458823529412,33.49235294117647,3.9411764705882355,17,6,telephony,12038.35,SP,presidente prudente
c4f7fee5b0db50e87766f5a4d1b1b758,5,2762.0299999999997,152.69,552.406,30.538,4.0,5,4,costruction_tools_tools,2914.72,SP,sorocaba
c4fabeea6e569d42d02993bb1f4f1cbc,11,859.3000000000001,277.22,78.11818181818182,25.201818181818183,4.0,11,3,baby,1136.52,CE,fortaleza
c4fb51fb1c5b7c07bc5e67be6e7e8f6e,16,1567.9,558.71,97.99375,34.919375,3.5,15,5,housewares,2126.61,PR,curitiba
c500367424994318b9e779ff1ae9a330,9,4346.4,311.98999999999995,482.9333333333333,34.66555555555555,3.7777777777777777,9,8,baby,4658.389999999999,SP,paulinia
c510bc1718f0f2961eaa42a23330681a,12,10141.0,710.45,845.0833333333334,59.20416666666667,4.25,12,11,baby,10851.45,SP,indaiatuba
c522be04e020c1e7b79f3acff36513d5,6,649.94,90.48,108.32333333333334,15.08,4.0,6,3,auto,740.4200000000001,SP,santana de parnaiba
c52c644cc0dc85121207a27013efc6af,2,397.8,283.16,198.9,141.58,5.0,1,1,furniture_decor,680.96,MG,tiradentes
c53bcd3be457a342a97e39e5a9f0be22,5,509.5,186.09,101.9,37.218,3.2,5,3,bed_bath_table,695.59,SE,neopolis
c54679b132454625907c773d273d4126,8,1032.0,107.92999999999999,129.0,13.491249999999999,4.875,7,2,perfumery,1139.93,SP,guaruja
c5e60e39c0f42b8e827daa13cff74afa,8,134.0,89.10000000000001,16.75,11.137500000000001,4.125,6,4,bed_bath_table,223.10000000000002,SP,sao paulo
c5ebe6598748b0aeaa61cfb820478b92,3,297.0,40.17,99.0,13.39,4.666666666666667,3,3,auto,337.17,RS,lajeado
c5f7e746b7e6d07def6c0dae9903279b,11,1429.0,229.92000000000002,129.9090909090909,20.901818181818182,4.454545454545454,10,5,pet_shop,1658.92,PR,curitiba
c5f7feb04a6a1fb3596322bfc3cf1917,11,1720.6,337.86,156.4181818181818,30.714545454545455,4.2727272727272725,11,10,furniture_decor,2058.46,SP,sao caetano do sul
c60b801f2d52c7f7f91de00870882a75,39,11296.5,698.44,289.65384615384613,17.90871794871795,3.4358974358974357,39,16,watches_gifts,11994.94,SP,guarulhos
c611f4ce9ce875bcc063fa97fd4d7d12,1,319.0,13.25,319.0,13.25,4.0,1,1,garden_tools,332.25,SP,atibaia
c6218512d16fcac0af02fe92691cf274,8,674.0,194.64,84.25,24.33,4.0,8,4,furniture_decor,868.64,MG,contagem
c6381b1321d7d97717a5bb4ed5b77882,3,66.0,34.01,22.0,11.336666666666666,3.6666666666666665,2,3,health_beauty,100.00999999999999,SP,sao paulo
c6381d2d013342748761e906d45aff76,28,2042.98,571.28,72.96357142857143,20.40285714285714,3.0,15,7,housewares,2614.26,RS,portao
c64a2aec32cc408a8a4c6d7c46017f91,9,3221.5,406.67,357.94444444444446,45.18555555555556,3.888888888888889,9,2,home_construction,3628.17,RS,imbe
c66dccfb3f109511246da627dd5a2498,44,12182.55,944.74,276.87613636363636,21.471363636363638,4.568181818181818,44,43,watches_gifts,13127.289999999999,SP,registro
c679fb69a36e1d8349e8c50a217b4d58,17,1825.68,388.21000000000004,107.39294117647059,22.83588235294118,3.5625,14,13,housewares,2213.8900000000003,RS,caxias do sul
c68fb906c8f4b4b946d8386bfa6e5467,48,4541.16,892.45,94.6075,18.592708333333334,4.51063829787234,45,36,housewares,5433.61,SP,jaboticabal
c6a7539d424a8402232c2228d7a03c5e,15,607.5,393.82,40.5,26.254666666666665,2.6,10,1,housewares,1001.3199999999999,SP,sao paulo
c6bda72e4dbf5c5866b13cb1810c6d03,59,14059.380000000001,1136.74,238.29457627118646,19.26677966101695,4.389830508474576,59,27,baby,15196.12,SP,sao paulo
c70a353f02429c00775a46a75fb787da,6,242.0,94.94,40.333333333333336,15.823333333333332,4.666666666666667,6,4,health_beauty,336.94,SP,sao paulo
c70c1b0d8ca86052f45a432a38b73958,336,36289.15,3901.41,108.00342261904763,11.611339285714285,4.315315315315315,260,65,health_beauty,40190.56,SP,hortolandia
c714262700f93defc16bf17a51a4cb23,4,421.8,69.53,105.45,17.3825,3.75,4,4,cool_stuff,491.33000000000004,SP,sao paulo
c716e0b86ed568878475b60fbb6323ad,1,35.0,15.23,35.0,15.23,5.0,1,1,books_general_interest,50.230000000000004,SP,rio de janeiro
c7246702dc991a06d788120dc7544391,1,54.86,17.66,54.86,17.66,5.0,1,1,cool_stuff,72.52,CE,fortaleza
c72de06d72748d1a0dfb2125be43ba63,22,17522.0,1211.18,796.4545454545455,55.053636363636365,4.454545454545454,21,8,computers_accessories,18733.18,BA,guanambi
c731d18cea9bf687ffee82a241c25b11,26,3662.0,610.65,140.84615384615384,23.486538461538462,3.96,24,18,la_cuisine,4272.65,SC,concordia
c747d5b92c7648417faea95d36d763e8,1,139.0,85.75,139.0,85.75,5.0,1,1,furniture_living_room,224.75,CE,pacatuba
c74f14c1e26cf1bd5bd34b6a1e274426,1,39.0,16.79,39.0,16.79,5.0,1,1,books_general_interest,55.79,SC,sao miguel do oeste
c76d418370990614e89e956c7a7567d9,2,305.24,64.53,152.62,32.265,3.5,2,1,sports_leisure,369.77,SP,taboao da serra
c79151301b9d90985d1fa52879213105,7,267.09999999999997,116.34,38.15714285714285,16.62,4.857142857142857,3,2,computers_accessories,383.43999999999994,PR,maringa
c794dab4928dd97beb41d05514441e86,16,1312.3999999999999,232.19,82.02499999999999,14.511875,4.375,16,9,health_beauty,1544.59,SP,artur nogueira
c7a0a13cbcf29d5ce51c8f80afdc0b89,9,483.08,174.72,53.675555555555555,19.413333333333334,4.222222222222222,8,4,fashion_bags_accessories,657.8,SC,laurentino
c7b7db6c8f3c64a7cc1afa634db21d50,1,1489.0,22.86,1489.0,22.86,1.0,1,1,housewares,1511.86,SP,sao paulo
c7bb64409aa480bb7d0335faaaf3d242,4,97.6,67.56,24.4,16.89,2.25,4,2,auto,165.16,SC,joinville
c7c7b2682c648339a0e9846bb1023a39,3,168.0,31.68,56.0,10.56,4.666666666666667,2,2,Unknown / Uncategorized,199.68,SP,braganca paulista
c7dcd301ecfe5ab7f778ac172cf74be7,3,407.79,50.400000000000006,135.93,16.8,3.0,3,3,health_beauty,458.19000000000005,MG,belo horizonte
c7fdb77fdbff3c41981bc52f787e959e,11,658.48,166.68,59.86181818181819,15.152727272727274,3.5454545454545454,9,8,bed_bath_table,825.1600000000001,SP,santo andre
c8025364abeecb115431bf95c11a747f,2,928.0,43.28,464.0,21.64,4.5,2,2,sports_leisure,971.28,RS,porto alegre
c8143b3069f6746a77421b5ce30a450c,1,142.47,43.41,142.47,43.41,5.0,1,1,health_beauty,185.88,GO,abadia de goias
c826c40d7b19f62a09e2d7c5e7295ee2,365,44653.04,5443.63,122.33709589041096,14.914054794520549,4.09065934065934,346,17,Unknown / Uncategorized,50096.67,SP,guarulhos
c840d3fdbba0790404fdae73d253b253,14,4522.28,359.65,323.02,25.689285714285713,3.9285714285714284,9,7,furniture_decor,4881.929999999999,PR,curitiba
c8417879a15366a17c30af34c798c332,35,1734.7,458.15,49.56285714285715,13.09,4.029411764705882,25,15,garden_tools,2192.85,SP,sao paulo
c84592044b180dec206770c38603814b,14,491.94000000000005,209.03,35.13857142857143,14.930714285714286,4.428571428571429,14,5,electronics,700.97,SP,sao paulo
c8467937e403e76a8ee9f0ab13f6f5ef,33,1853.79,588.95,56.17545454545454,17.846969696969698,4.133333333333334,30,6,costruction_tools_tools,2442.74,MG,pocos de caldas
c847e075301870dd144a116762eaff9a,42,15248.800000000001,1092.68,363.0666666666667,26.016190476190477,4.195121951219512,41,5,cool_stuff,16341.480000000001,MG,uberaba
c864036feaab8c1659f65ea4faebe1da,58,10454.2,1845.57,180.2448275862069,31.820172413793102,4.568965517241379,58,29,sports_leisure,12299.77,PR,campo largo
c8660dcf9ba70575f45d80fe28c27713,7,335.0,103.99,47.857142857142854,14.855714285714285,4.714285714285714,4,2,pet_shop,438.99,SP,sao paulo
c8665a4dd081a2c436b1cd921079d0d9,1,79.39,14.14,79.39,14.14,5.0,1,1,health_beauty,93.53,SP,pitangueiras
c8771b1a10bb99bb34d3c459c5cffb53,1,64.9,31.2,64.9,31.2,5.0,1,1,toys,96.10000000000001,SP,tocantins
c878515173c84a492ebe50d6b493230b,10,1118.84,189.2,111.88399999999999,18.919999999999998,4.2,9,6,sports_leisure,1308.04,PR,itaipulandia
c87abc38c8ed3240861729e1aeadf221,1,133.0,15.68,133.0,15.68,1.0,1,1,fashion_bags_accessories,148.68,SP,sao paulo
c89cf7c468a48af70aada384e722f9e2,14,745.0,226.01,53.214285714285715,16.143571428571427,4.0,14,7,toys,971.01,RJ,petropolis
c8b0e2b0a7095e5d8219575d5e7e1181,85,12170.210000000001,1487.1299999999999,143.1789411764706,17.49564705882353,4.0476190476190474,84,58,auto,13657.34,SP,itaquaquecetuba
c8b3445d737de6befde0c88ede534a5e,36,3149.04,651.75,87.47333333333333,18.104166666666668,3.9722222222222223,30,7,toys,3800.79,SP,sao paulo
c8c1bea22194a4eefa2dc9a9fa89f536,13,1266.0,292.73,97.38461538461539,22.517692307692307,5.0,7,3,pet_shop,1558.73,SC,porto belo
c8cc60ffd415254af5d9b9f34f32c369,9,722.2,194.03,80.24444444444445,21.558888888888887,4.666666666666667,8,7,pet_shop,916.23,SP,sorocaba
c8e135e7b21ecbc36c1153a29d2f5a06,7,1165.5,101.98,166.5,14.56857142857143,4.857142857142857,7,5,health_beauty,1267.48,SP,sao paulo
c963a25b8671419c6ce9eebe8fd03218,1,49.0,19.32,49.0,19.32,5.0,1,1,furniture_decor,68.32,RJ,angra dos reis rj
c97aa4ee7420f937da13b7f9e2228b99,1,29.9,6.66,29.9,6.66,1.0,1,1,pet_shop,36.56,RS,novo hamburgo
c990d6cf976a5718aaedc539f383ab88,9,183.1,115.35,20.344444444444445,12.816666666666666,3.4444444444444446,8,4,telephony,298.45,SP,paulinia
c9a06ece156bb057372c68718ec8909b,11,3849.0,432.96000000000004,349.90909090909093,39.36000000000001,3.3636363636363638,11,2,garden_tools,4281.96,DF,brasilia
c9aafcd0621b2207c10e32c649cada4d,47,2671.26,817.29,56.83531914893617,17.389148936170212,4.340425531914893,40,29,health_beauty,3488.55,SP,sao paulo
c9c7905cffc4ef9ff9f113554423e671,139,10657.18,2109.53,76.67035971223022,15.176474820143886,4.158273381294964,127,22,telephony,12766.710000000001,SP,itapecerica da serra
c9d2ba8dde44a275ae06475ed1d2fafc,1,28.79,14.52,28.79,14.52,5.0,1,1,auto,43.31,MG,uberlandia
c9e5ad1f6647f5dbd1172adf6ae3cada,4,259.03,60.95,64.7575,15.2375,4.75,4,3,agro_industry_and_commerce,319.97999999999996,RS,porto alegre
ca3bd7cd9f149df75950150d010fe4a2,135,9253.47,3318.89,68.54422222222222,24.58437037037037,3.785185185185185,68,51,housewares,12572.359999999999,SP,sao paulo
ca4b77513ac2040591b0d8fae6958380,15,1772.45,201.17000000000002,118.16333333333334,13.411333333333335,4.466666666666667,14,12,health_beauty,1973.6200000000001,SP,sando andre
ca5832c6960267b71041f74bb39e8b12,1,79.9,17.81,79.9,17.81,1.0,1,1,music,97.71000000000001,SC,xanxere
ca77545ca4d2dfd1431bf61334e2fa3c,10,760.0,213.71,76.0,21.371000000000002,4.8,6,2,sports_leisure,973.71,PR,maringa
ca7c6bd577e559472af1c699de9e764e,8,148.0,70.82,18.5,8.8525,4.0,6,1,health_beauty,218.82,SP,sao bernardo do campo
caa9bc43a9fe8cf9c564ddd8a03cc4a6,14,803.87,233.87,57.419285714285714,16.705000000000002,4.6923076923076925,13,5,toys,1037.74,SP,jacarei
cab85505710c7cb9b720bceb52b01cee,204,11124.6,2827.39,54.53235294117647,13.859754901960784,4.3399014778325125,201,28,fashion_bags_accessories,13951.99,SP,sao paulo
cac4c8e7b1ca6252d8f20b2fc1a2e4af,82,4128.19,1530.51,50.34378048780487,18.664756097560975,3.54320987654321,74,33,furniture_decor,5658.7,SP,indaiatuba
cac4e0bc1a3269fa2b6ea5e763f6115b,3,57.88,50.14,19.293333333333333,16.713333333333335,5.0,2,2,housewares,108.02000000000001,SC,brusque
cac63f48c38cd7d002a7e846dcd99a23,10,874.0,140.62,87.4,14.062000000000001,4.8,10,7,toys,1014.62,SP,sumare
cac876b37d3abcd6bd76caca30277996,33,2229.77,729.02,67.56878787878787,22.09151515151515,4.5625,27,14,housewares,2958.79,PR,cascavel
cad10cc982ab6a391570c211b995c17c,1,47.4,12.79,47.4,12.79,5.0,1,1,costruction_tools_garden,60.19,SP,avare
cad9969167c09b48ae6f1d123f7fa68d,1,24.0,13.51,24.0,13.51,5.0,1,1,furniture_decor,37.51,MG,pocos de caldas
cb0b3bcf14e0a709df412a99424a59d7,2,460.0,47.43,230.0,23.715,4.5,2,2,auto,507.43,SP,sao paulo
cb162c8eef257253782d245c08d9097c,1,34.99,14.13,34.99,14.13,5.0,1,1,cool_stuff,49.120000000000005,SP,barueri
cb32766839f443db85c82a43c4a6c19e,2,234.0,31.51,117.0,15.755,3.0,2,2,fashio_female_clothing,265.51,SP,rio claro
cb3dd9ce66268c7a3ca7241ac70ab58c,50,2788.32,820.35,55.766400000000004,16.407,4.2,48,25,sports_leisure,3608.67,SP,sao paulo
cb41bfbcbda0aea354a834ab222f9a59,11,3792.0,858.66,344.72727272727275,78.06,3.272727272727273,11,2,home_construction,4650.66,SP,sao paulo
cb4a705d00e100b9732d0ca34817d441,2,998.0,82.56,499.0,41.28,1.0,1,1,furniture_decor,1080.56,SC,florianopolis
cb5df0dcb9e280b1780e9d589889f2c7,12,1614.88,453.91999999999996,134.57333333333335,37.82666666666666,3.5454545454545454,11,10,furniture_bedroom,2068.8,SP,bady bassitt
cb5ff1b9715e99589f3e0c7a6afab9e3,4,85.0,54.03,21.25,13.5075,4.0,4,2,sports_leisure,139.03,PR,maringa
cb6c9f5888a7a090c75beaf615925792,11,779.8900000000001,229.08,70.89909090909092,20.825454545454548,3.8181818181818183,11,9,garden_tools,1008.9700000000001,ES,vila velha
cb810bd318f51b3dc3c753944d61a1fa,1,1750.0,39.02,1750.0,39.02,4.0,1,1,health_beauty,1789.02,RJ,niteroi
cb8bcce248bb1fb274ba762d8b971456,67,9152.4,1200.09,136.60298507462687,17.91179104477612,4.343283582089552,66,5,cool_stuff,10352.49,MG,santa rita do sapucai
cb9fb4ca75d7ba8437480e8dde64fe98,10,532.14,173.42000000000002,53.214,17.342000000000002,4.0,10,3,Unknown / Uncategorized,705.56,SP,sao paulo
cbbd5ae8f53de5f5097cd8217b529e24,1,175.9,32.26,175.9,32.26,4.0,1,1,baby,208.16,SP,santana de parnaiba
cbd996ad3c1b7dc71fd0e5f5df9087e2,189,8217.5,2771.94,43.47883597883598,14.666349206349206,4.132596685082873,160,13,food,10989.44,SP,sao jose do rio preto
cbf09e831b0c11f6f23ffb51004db972,10,1535.2,280.2,153.52,28.02,4.4,10,4,housewares,1815.4,SP,sbc/sp
cc1f04647be106ba74e62b21f358af25,1,11.9,8.29,11.9,8.29,1.0,1,1,health_beauty,20.189999999999998,SP,sao paulo
cc3d14116804f7209f3884f6367f1152,30,5477.8,582.79,182.59333333333333,19.426333333333332,4.666666666666667,27,4,small_appliances,6060.59,PR,curitiba
cc419e0650a3c5ba77189a1882b7556a,1719,101090.95999999999,24846.03,58.80800465386852,14.453769633507854,4.139941690962099,1651,37,health_beauty,125936.98999999999,SP,santo andre
cc5a78bbad32776dc4e3af205218368c,38,4269.18,1304.17,112.34684210526316,34.320263157894736,4.473684210526316,33,25,housewares,5573.35,MG,divinopolis
cc63f0dd2acba93ffed4fe9f8e0321fa,63,7096.71,1399.97,112.64619047619048,22.221746031746033,4.0476190476190474,55,17,housewares,8496.68,SP,sao jose do rio preto
cc80e2f693fa6e2408f47ccf62413fc1,2,420.0,88.63,210.0,44.315,4.0,2,1,auto,508.63,PR,curitiba
cca3071e3e9bb7d12640c9fbe2301306,817,63035.16,14153.39,77.15441860465117,17.32361077111383,3.88875,699,318,furniture_decor,77188.55,SP,ibitinga
ccada0ef508e698917a6eab263375905,3,172.8,59.160000000000004,57.6,19.720000000000002,3.6666666666666665,3,3,Unknown / Uncategorized,231.96,PR,pato bragado
ccb83a794700270fde70898fe9ff368b,12,11062.0,1723.73,921.8333333333334,143.64416666666668,4.333333333333333,12,2,sports_leisure,12785.73,SC,sombrio
ccbd753e6863fe7314dc6c0ca5a074e7,1,495.0,101.56,495.0,101.56,4.0,1,1,auto,596.56,SC,blumenau
ccc4bbb5f32a6ab2b7066a4130f114e3,189,72926.72,5174.62,385.8556613756614,27.3789417989418,4.319148936170213,184,12,health_beauty,78101.34,PR,curitiba
cce6ab8d1682639fe45ab70234f1665f,64,2442.7,1136.89,38.1671875,17.76390625,4.53125,61,16,bed_bath_table,3579.59,SP,curitiba
ccf8813e5a7d6c84d865cd38bfc2b130,26,2635.5,415.79,101.36538461538461,15.991923076923078,4.384615384615385,26,8,furniture_decor,3051.29,SP,taubate
cd06602b43d8800bd0afad514919d35c,52,2555.31,732.54,49.14057692307692,14.087307692307691,3.730769230769231,43,19,housewares,3287.85,SP,sao paulo
cd2169d9f31ff6fbb9ca3373b0c9e354,1,569.0,56.33,569.0,56.33,4.0,1,1,baby,625.33,RJ,nova friburgo
cd233f8bfa30ebfd651f47ee7d054951,1,79.9,18.66,79.9,18.66,5.0,1,1,sports_leisure,98.56,SP,birigui
cd3d09fbe6e3e9ff0c0ac0c300e93ae7,12,651.04,229.19,54.25333333333333,19.099166666666665,4.166666666666667,12,11,auto,880.23,SP,nova odessa
cd52a8efd71af3336b14b5039b951cc1,2,111.8,34.3,55.9,17.15,3.0,2,1,fashion_bags_accessories,146.1,SP,palhoca
cd68562d3f44870c08922d380acae552,129,18119.7,2160.16,140.46279069767442,16.745426356589146,3.90625,122,57,sports_leisure,20279.86,SP,ribeirao preto
cd6efc47efaabf134f8bdb654e10b4f1,32,4158.55,598.61,129.9546875,18.7065625,4.5,31,10,stationery,4757.16,RJ,rio de janeiro
cd843d4cf8ef32827de0396605163ba3,5,1915.0,697.56,383.0,139.512,3.8,5,3,kitchen_dining_laundry_garden_furniture,2612.56,MG,juiz de fora
cda598c48d7c614bc1cad7d8ff6f0010,18,1118.6000000000001,301.6,62.14444444444445,16.755555555555556,3.9444444444444446,17,4,auto,1420.2000000000003,SP,mirassol
ce20a2ec1514c25e16f2b5b39bc818f0,7,287.0,209.03,41.0,29.861428571428572,4.857142857142857,4,3,pet_shop,496.03,SP,sao paulo
ce248b21cb2adc36282ede306b7660e5,65,13560.19,1895.01,208.6183076923077,29.154,4.246153846153846,64,36,musical_instruments,15455.2,SC,jaragua do sul
ce27a3cc3c8cc1ea79d11e561e9bebb6,151,9465.45,2154.67,62.68509933774835,14.269337748344372,4.118110236220472,122,39,computers_accessories,11620.12,SP,sao paulo
ce33c6211beaa8fef4cae8b52db39862,1,49.0,14.52,49.0,14.52,3.0,1,1,sports_leisure,63.519999999999996,SP,suzano
ce3ad9de960102d0677a81f5d0bb7b2d,1,158.0,16.21,158.0,16.21,5.0,1,1,baby,174.21,RJ,rio de janeiro
ce4755084bc097113867e6454f8f5e52,1,18.9,12.79,18.9,12.79,5.0,1,1,health_beauty,31.689999999999998,SP,ribeirao preto
ce616e1913288884e7742faac9d981db,22,333.3,260.15,15.15,11.825,4.636363636363637,14,8,auto,593.45,SP,cotia
ce69a8021d18961dd2a40269b7c2c293,19,4818.0,471.05,253.57894736842104,24.792105263157897,4.473684210526316,19,13,cool_stuff,5289.05,PR,curitiba
ce7d1888639e6fb06b2749cbfdac1ff7,84,11793.89,3082.65,140.4034523809524,36.698214285714286,4.107142857142857,78,14,housewares,14876.539999999999,MG,baependi
cea729054f157f5870bdd321a958d994,26,2482.1,349.52,95.46538461538461,13.443076923076923,4.1923076923076925,24,17,sports_leisure,2831.62,SP,sao paulo
ceaec5548eefc6e23e6607c5435102e7,206,51478.18,6175.55,249.8940776699029,29.978398058252427,4.201970443349754,198,33,cool_stuff,57653.73,SP,sao paulo
cecd97bc34ed8330bd4cd15713eda670,1,57.99,18.51,57.99,18.51,1.0,1,1,toys,76.5,SC,cordilheira alta
cee48807215b30a12ca2ca10ffb5f250,40,7212.2300000000005,913.29,180.30575000000002,22.83225,3.7,39,27,auto,8125.52,SP,guaruja
cf1313c6e2c01c2f4b014f97db4bcd2b,5,315.70000000000005,81.3,63.14000000000001,16.259999999999998,5.0,5,3,toys,397.00000000000006,RJ,rio de janeiro \rio de janeiro
cf2384dd2f1dddea3f838efed0945e65,16,2101.5,433.44,131.34375,27.09,3.9375,16,5,furniture_living_room,2534.94,SP,serra negra
cf654707ed6a99f112c7ec3d6f314b8b,4,756.0,33.54,189.0,8.385,4.75,3,4,fashion_bags_accessories,789.54,SP,sao paulo
cf8ab1616079e2793aa29d524df01bb1,6,9594.0,437.56,1599.0,72.92666666666666,2.5,6,2,sports_leisure,10031.56,SP,sao paulo
cfa5ab0e4d3fc212fd0b3410e7081c62,20,4780.81,1015.48,239.0405,50.774,3.65,15,10,furniture_living_room,5796.290000000001,MG,uba
cfb1a033743668a192316f3c6d1d2671,179,12609.54,3361.16,70.44435754189945,18.777430167597764,4.02808988764045,143,60,bed_bath_table,15970.7,SP,votorantim
cfd7ddab722b902f7ac5b5f3ba6d723d,13,3385.0299999999997,673.0799999999999,260.38692307692304,51.77538461538461,4.538461538461538,12,8,housewares,4058.1099999999997,MG,contagem
cfe94489ddd337d1e29e12f2a7205d10,24,2376.0,296.82,99.0,12.3675,4.125,20,1,construction_tools_safety,2672.82,SP,sao paulo
d03698c2efd04a549382afa6623e27fb,21,8865.47,779.15,422.16523809523807,37.102380952380955,4.523809523809524,18,14,computers_accessories,9644.619999999999,BA,ilheus
d05ae8f7a5bd1d2a690a44cd079e4e27,80,13244.0,1141.65,165.55,14.270625,3.8227848101265822,77,11,sports_leisure,14385.65,RJ,rio de janeiro
d06d019f72a04e5497a0b64190af170c,17,2415.93,225.51,142.1135294117647,13.26529411764706,4.529411764705882,17,5,health_beauty,2641.4399999999996,SP,cotia
d0d70d21e2234dd7cd3cf63fe414148a,9,598.4,366.59,66.48888888888888,40.73222222222222,4.222222222222222,8,6,bed_bath_table,964.99,PB,sao bento
d101c6da914ae3d53f7bee42283f2fe2,16,1297.4,260.15,81.0875,16.259375,3.8125,13,4,furniture_decor,1557.5500000000002,SP,sao paulo
d12c926d74ceff0a90a21184466ce161,97,3850.2799999999997,1225.4,39.69360824742268,12.63298969072165,4.134020618556701,76,30,sports_leisure,5075.68,SP,sao paulo
d13e50eaa47b4cbe9eb81465865d8cfc,68,7073.05,834.5,104.01544117647059,12.272058823529411,4.8088235294117645,66,7,food,7907.55,SP,santo andre
d149de2f383552baea37a7198c2296ce,3,320.70000000000005,33.67,106.90000000000002,11.223333333333334,5.0,3,2,toys,354.37000000000006,SP,sao paulo
d1582f4043306e6b91afa6a8a884f898,9,990.0,131.92,110.0,14.657777777777776,4.111111111111111,9,1,toys,1121.92,SP,sao paulo
d17f467e4bf608a510c20d82f4ba3b6b,11,2963.7799999999997,507.53000000000003,269.43454545454546,46.13909090909091,4.2727272727272725,11,10,agro_industry_and_commerce,3471.31,RS,caxias do sul
d180e07dc1e58c31c3f0cd599dc4d945,1,58.8,14.16,58.8,14.16,3.0,1,1,Unknown / Uncategorized,72.96,MG,belo horizonte
d197aa8fbc64087f61984deef05f6227,7,519.09,111.56,74.1557142857143,15.937142857142858,4.714285714285714,6,6,stationery,630.6500000000001,SP,sao jose dos campos
d1a5cc844736958c11b8efab9a2b4c87,1,237.6,16.41,237.6,16.41,1.0,1,1,furniture_decor,254.01,PR,curitiba
d1aa1ec0839dcab73a6161130eb1f94a,1,119.9,16.14,119.9,16.14,4.0,1,1,furniture_decor,136.04000000000002,PR,curitiba
d1b65fc7debc3361ea86b5f14c68d2e2,40,11413.17,1410.15,285.32925,35.253750000000004,4.65,39,30,luggage_accessories,12823.32,SP,mogi guacu
d1b9d4be4b6f9ebd85f8acd6745ba612,11,1154.35,194.18,104.94090909090909,17.652727272727272,4.181818181818182,11,10,furniture_decor,1348.53,MG,nova lima
d1c281d3ae149232351cd8c8cc885f0d,239,26833.61,5380.07,112.27451882845189,22.510753138075312,3.80168776371308,214,114,bed_bath_table,32213.68,SP,ibitinga
d1c7fa84e48cfa21a0e595167c1c500e,12,1156.03,321.35,96.33583333333333,26.77916666666667,4.333333333333333,12,6,garden_tools,1477.38,RS,jacutinga
d1ef48b38baca7e831711c4a0aeb398f,34,1439.13,652.64,42.32735294117647,19.19529411764706,4.529411764705882,28,18,small_appliances,2091.77,PR,apucarana
d20b021d3efdf267a402c402a48ea64b,102,3922.3,1504.96,38.45392156862745,14.75450980392157,3.6930693069306932,86,44,furniture_decor,5427.26,SP,ibitinga
d23019c84ffae2d5ef2270367b8605fc,39,29205.1,2749.7400000000002,748.8487179487179,70.50615384615385,4.410256410256411,39,8,musical_instruments,31954.84,PR,londrina
d2374cbcbb3ca4ab1086534108cc3ab7,620,20926.02,9444.21,33.75164516129033,15.232596774193548,3.694942903752039,514,111,bed_bath_table,30370.23,SP,ibitinga
d2572f31e9023e9850ef986a636ff9bf,1,279.0,26.69,279.0,26.69,5.0,1,1,auto,305.69,MG,belo horizonte
d25aa0aaacb370e912f8cf6efeba38b3,21,2658.45,714.6800000000001,126.59285714285713,34.032380952380954,4.523809523809524,17,5,housewares,3373.13,SC,massaranduba
d263fa444c1504a75cbca5cc465f592a,1,399.0,45.07,399.0,45.07,5.0,1,1,furniture_decor,444.07,SP,americana
d26aa40b90272d4843d63be7c1462c8d,2,152.9,24.52,76.45,12.26,4.5,2,2,baby,177.42000000000002,SP,sao paulo
d297f1055de2956aedfd3b04113dce3e,1,54.3,7.64,54.3,7.64,4.0,1,1,agro_industry_and_commerce,61.94,SP,nova odessa
d29ba1220fb8634fa3a107e54497b8a4,9,724.94,182.92000000000002,80.5488888888889,20.324444444444445,3.2222222222222223,9,7,Unknown / Uncategorized,907.8600000000001,SP,sao carlos
d2df77822373f19934e87694d8640767,2,155.9,40.5,77.95,20.25,3.0,2,2,baby,196.4,PR,arapongas
d2e753bb80b7d4faa77483ed00edc8ca,15,1320.7,454.24,88.04666666666667,30.282666666666668,3.7333333333333334,14,9,fashion_bags_accessories,1774.94,BA,porto seguro
d2f3e277560ed4c6361284429b00f037,7,320.55,134.11,45.792857142857144,19.15857142857143,4.714285714285714,7,7,pet_shop,454.66,SP,atibaia
d32e3909cfb714fb2a6cb092c85b9c5f,11,2827.9,251.0,257.08181818181816,22.818181818181817,3.6363636363636362,10,8,housewares,3078.9,SP,jundiai
d354c38a7182125a748cb10474fe963b,19,1500.34,293.37,78.96526315789474,15.440526315789475,4.388888888888889,17,6,sports_leisure,1793.71,RJ,aperibe
d3674f271c91f824f82d24d92011f669,20,1718.3,383.52,85.91499999999999,19.176,4.1,20,6,perfumery,2101.8199999999997,DF,brasilia
d36b07fd3c5088e477a72d1fccfe29d4,1,328.9,10.96,328.9,10.96,5.0,1,1,garden_tools,339.85999999999996,SP,itapetininga
d379f449f2a3b271bc01c0782020f705,29,4423.06,1076.74,152.5193103448276,37.12896551724138,3.9310344827586206,28,13,furniture_decor,5499.8,MG,divinopolis
d3891911c2feae53c52fea2bd14054e5,2,141.0,25.990000000000002,70.5,12.995000000000001,5.0,2,2,telephony,166.99,SP,sao paulo
d3dcf0604eabf0224fbd5948b5e02f69,9,2902.2999999999997,165.10999999999999,322.47777777777776,18.345555555555553,3.888888888888889,9,8,toys,3067.41,SP,sao paulo
d3e7d37c0df9aef383f3f2a15b0dddfb,1,161.0,40.34,161.0,40.34,5.0,1,1,kitchen_dining_laundry_garden_furniture,201.34,PR,sao jose dos pinhais
d3f39f05462b79a4562d35893a28f159,37,2363.4,529.97,63.87567567567568,14.323513513513515,3.324324324324324,33,6,health_beauty,2893.37,SP,mococa
d4828feed4cda2cd9d6b37899a95a71e,1,39.9,22.21,39.9,22.21,2.0,1,1,fashion_bags_accessories,62.11,CE,juzeiro do norte
d4910f1cdcfdabd48d6b316e395d4a23,12,1146.88,215.04,95.57333333333334,17.919999999999998,4.916666666666667,11,2,pet_shop,1361.92,SP,santo andre
d4a5e99e0dd915df64ba55a7fbd583fd,6,65.15,84.6,10.858333333333334,14.1,1.6666666666666667,2,2,health_beauty,149.75,SP,sao paulo
d4d99b60c4c94cd35acd502cec65dc8d,1,72.9,14.39,72.9,14.39,3.0,1,1,furniture_decor,87.29,SP,sao paulo
d4e12e7884759a14fa0f5f896c791cae,32,1400.0,439.67,43.75,13.7396875,4.625,29,14,bed_bath_table,1839.67,SP,sao paulo
d4e4b5192cba4e0e66eb12a9d347239d,11,431.9,193.5,39.26363636363636,17.59090909090909,4.454545454545454,11,10,telephony,625.4,PR,toledo
d4f117125b59ce73c3302f88ee40c458,17,783.29,215.32,46.07588235294117,12.665882352941177,4.823529411764706,17,8,health_beauty,998.6099999999999,SP,sao paulo
d4f91e8be86b38da2ee35bc489645a9d,1,49.99,11.17,49.99,11.17,5.0,1,1,sports_leisure,61.160000000000004,SP,guaratingueta
d4ffeb15b67e81ff9af2b4252d99fb7e,12,1400.4,324.40999999999997,116.7,27.034166666666664,4.3,11,8,luggage_accessories,1724.81,SP,atibaia
d50d79cb34e38265a8649c383dcffd48,70,13012.42,1932.26,185.8917142857143,27.603714285714286,4.246376811594203,70,19,garden_tools,14944.68,SP,sao paulo
d51e0a403fe2e689ece6c73359d96e12,25,7380.0,647.5699999999999,295.2,25.9028,4.32,18,5,costruction_tools_garden,8027.57,SP,pompeia
d52cbce9845184537284a23c3bc3da0e,4,75.0,63.78,18.75,15.945,5.0,2,3,stationery,138.78,SC,garopaba
d558ebe531605a1285ab2b1bc3256dfb,3,709.0,73.23,236.33333333333334,24.41,4.666666666666667,3,2,musical_instruments,782.23,MG,divinopolis
d566c37fa119d5e66c4e9052e83ee4ea,73,5145.7,979.22,70.48904109589041,13.413972602739726,4.71830985915493,65,25,sports_leisure,6124.92,SP,sao paulo
d57e18d5f73c7ccb7f7339b61166898d,63,3187.7,923.49,50.598412698412695,14.65857142857143,4.444444444444445,61,25,fashion_bags_accessories,4111.19,SP,sao paulo
d58d521f3789def2e7a22715e0badd93,2,65.98,18.22,32.99,9.11,3.5,2,1,computers_accessories,84.2,SP,sao paulo
d594982fd877af63ace38ea1fca27c76,7,217.04,92.66,31.005714285714284,13.237142857142857,4.428571428571429,7,2,cool_stuff,309.7,SP,sao paulo
d598f929fc44e1e38678e7f47250ec04,1,69.9,37.4,69.9,37.4,5.0,1,1,auto,107.30000000000001,GO,formosa
d5b9a084373da994a6e37f732169a853,7,1769.0,176.29000000000002,252.71428571428572,25.184285714285718,3.5714285714285716,7,5,baby,1945.29,SP,santo andre
d5ba419e26d246a0719437cf37d9b46d,34,3911.5,504.3,115.04411764705883,14.83235294117647,3.909090909090909,33,9,computers_accessories,4415.8,SP,sao paulo
d5c530f4884a75ae0dba9c148718d278,8,252.93,143.21,31.61625,17.90125,2.875,5,5,Unknown / Uncategorized,396.14,MG,centro
d624126b9206f595fb3fbb6ba03b28a8,28,7198.8,569.7,257.1,20.34642857142857,4.333333333333333,23,13,auto,7768.5,PR,curitiba
d63c73efd41eb002280e7ec831424edb,2,5598.0,168.58999999999997,2799.0,84.29499999999999,4.0,2,2,health_beauty,5766.59,SP,piracicaba
d63f306de130e0391d38a792541723b8,1,49.0,7.6,49.0,7.6,5.0,1,1,auto,56.6,SP,sao paulo
d650b663c3b5f6fb392b6326366efa9a,57,18335.9,852.11,321.6824561403509,14.949298245614035,4.368421052631579,57,29,watches_gifts,19188.010000000002,SP,cotia
d66c11a9572221d92fbb8c4897db5f9b,16,776.56,387.82,48.535,24.23875,4.5625,16,9,electronics,1164.3799999999999,RJ,rio de janeiro
d66c305afaec317ebee552073a674429,44,4126.59,1108.91,93.78613636363637,25.2025,4.5227272727272725,38,23,Unknown / Uncategorized,5235.5,MG,ribeirao das neves
d673a59aac7a70d8b01e6902bf090a11,84,3908.94,1590.62,46.535000000000004,18.93595238095238,3.9642857142857144,79,16,baby,5499.5599999999995,SP,ibitinga
d6ab728cf30867cf3f1a2e216ae2f9b7,14,2002.0,231.82,143.0,16.55857142857143,4.428571428571429,12,13,sports_leisure,2233.82,SP,sao paulo
d6b1ce66b035a475f00c017792ff9769,108,12277.4,2038.48,113.67962962962963,18.874814814814815,4.165048543689321,92,18,construction_tools_lights,14315.88,SP,salto
d6b664fa0667064c6d76394e7848d790,6,6080.0,324.34,1013.3333333333334,54.056666666666665,4.833333333333333,6,2,garden_tools,6404.34,SP,araraquara
d6cd01c59123df02fc226eadbadb5f89,1,69.9,16.25,69.9,16.25,5.0,1,1,electronics,86.15,SP,sao paulo
d71d863e5ef30d94e440c11be17dcd8f,30,9246.9,673.19,308.22999999999996,22.439666666666668,3.5714285714285716,23,6,construction_tools_safety,9920.09,SP,osasco
d73cbd89533ce8b041a9190241453ac8,3,268.7,50.59,89.56666666666666,16.863333333333333,4.333333333333333,3,3,fashion_bags_accessories,319.28999999999996,MG,guiricema
d7485b33791774c36108f8c69602d48d,10,399.82,219.32,39.982,21.932,3.7,10,8,sports_leisure,619.14,PR,curitiba
d7827b2af99326a03b0ed9c7a24db0d3,1,1455.0,101.7,1455.0,101.7,5.0,1,1,garden_tools,1556.7,SP,londrina
d79e8478eed9999493990b44955fb22e,5,721.89,80.72,144.378,16.144,4.0,5,3,computers_accessories,802.61,RJ,rio de janeiro / rio de janeiro
d7ab82074b5f1dfba46db123df101bff,3,38.67,45.3,12.89,15.1,4.333333333333333,2,2,Unknown / Uncategorized,83.97,SP,atibaia
d7b2377bae6ace1b11fc69a11900ac36,3,239.70000000000002,42.52,79.9,14.173333333333334,3.6666666666666665,3,3,fashion_underwear_beach,282.22,SP,sao paulo
d7d517afce974cd491b8d52bb5b5b1fc,1,89.99,18.73,89.99,18.73,4.0,1,1,housewares,108.72,SP,sao paulo
d7f1cfc638473be93baedbfd02208016,1,30.0,17.14,30.0,17.14,5.0,1,1,flowers,47.14,RJ,belford roxo
d85efbc8eff2b7adf524e2820569adc8,1,55.0,8.29,55.0,8.29,5.0,1,1,stationery,63.29,SP,sao paulo
d8b8f2cf9ff6ba0389072541cb42498c,1,149.0,20.01,149.0,20.01,5.0,1,1,health_beauty,169.01,GO,formosa
d8bf0fc082fd4a77fc2e5679b6c00133,1,139.9,9.14,139.9,9.14,5.0,1,1,construction_tools_construction,149.04000000000002,SP,sao paulo
d8c7ba53e7e38711eaef8c2849d6d2e1,22,1190.87,597.47,54.13045454545454,27.157727272727275,4.5,22,6,baby,1788.34,PR,floresta
d8cf3b6a2151949f930d0252b180ec42,19,623.7,406.48,32.82631578947369,21.393684210526317,3.0,6,4,drinks,1030.18,PR,mandaguacu
d8d9567d0bfb0bc7eb845a205ba42657,4,74.6,59.71,18.65,14.9275,3.5,4,3,books_general_interest,134.31,SP,sao paulo
d8dd176509baa37f359644d082bf7f7b,2,198.0,31.9,99.0,15.95,1.5,2,1,cool_stuff,229.9,SP,sao caetano do sul
d90fe2229fee1a5da999ccd0c06c1667,3,450.0,66.91,150.0,22.30333333333333,4.666666666666667,3,2,auto,516.91,SP,sao paulo
d91fb3b7d041e83b64a00a3edfb37e4f,525,39926.39,9058.06,76.05026666666666,17.25344761904762,4.138195777351248,524,309,home_appliances,48984.45,SP,praia grande
d921b68bf747894be13a97ae52b0f386,77,15645.8,1758.01,203.1922077922078,22.8312987012987,4.558441558441558,77,46,watches_gifts,17403.809999999998,MG,formiga
d93844a9c55ba7ce353388bcf849ea56,14,2708.5,521.02,193.46428571428572,37.215714285714284,4.214285714285714,12,12,furniture_decor,3229.52,PR,curitiba
d93919c944be9cff128f6c9cb899eacb,33,2666.7000000000003,957.31,80.80909090909091,29.009393939393938,4.0,33,6,christmas_supplies,3624.01,SP,mombuca
d93b8458c6fe139d85cfa5eadbf55bd2,1,19.9,14.1,19.9,14.1,5.0,1,1,sports_leisure,34.0,SP,sao paulo
d9442042130b7fe579d1295f9f4a248f,22,772.16,338.88,35.098181818181814,15.403636363636364,4.2272727272727275,19,8,housewares,1111.04,SP,sao paulo
d94a40fd42351c259927028d163af842,109,13674.8,3347.57,125.45688073394494,30.71165137614679,4.132075471698113,100,16,housewares,17022.37,MG,baependi
d94ba08b99bedd6a5f6c875ecc4a6fac,9,539.1,161.6,59.900000000000006,17.955555555555556,4.777777777777778,8,1,housewares,700.7,PR,apucarana
d97df38225e5abadaff1e72cb72b823c,28,1776.0,501.55,63.42857142857143,17.9125,3.925925925925926,28,18,auto,2277.55,SP,sao caetano do sul
d98eec89afa3380e14463da2aabaea72,183,6968.53,3256.7799999999997,38.07939890710382,17.79661202185792,4.2967032967032965,168,26,baby,10225.31,RS,porto alegre
d9a84e1403de8da0c3aa531d6d108ba6,58,1385.3,723.85,23.88448275862069,12.480172413793104,4.620689655172414,53,35,toys,2109.15,SP,sao paulo
d9b00a97818674c7f8d8b1ef0e689679,1,69.9,9.18,69.9,9.18,3.0,1,1,health_beauty,79.08000000000001,PR,ponta grossa
d9bd94811c3338dceb4181f3dbc0c73e,61,6911.02,771.09,113.29540983606559,12.640819672131148,4.819672131147541,54,20,baby,7682.110000000001,SP,sao paulo
d9c349beabc06aa6ff1c6d68b5e9e22e,1,168.1,37.55,168.1,37.55,5.0,1,1,construction_tools_construction,205.64999999999998,SP,sao paulo
d9cb0052a666de5308b32f32ad5f1b1c,3,231.89999999999998,38.59,77.3,12.863333333333335,3.6666666666666665,3,3,health_beauty,270.49,SP,olimpia
d9cd369bffa979d1634f8e1318bf2f1b,3,678.0,66.81,226.0,22.27,5.0,3,3,home_construction,744.81,SP,bady bassitt
d9d43faf741ceaa8da52fdbb81d9e0e3,6,161.0,174.79,26.833333333333332,29.131666666666664,3.6666666666666665,4,6,books_general_interest,335.78999999999996,SP,juiz de fora
d9e7e7778b32987280a6f2cb9a39c57d,13,722.5,263.89,55.57692307692308,20.299230769230768,3.1538461538461537,11,7,health_beauty,986.39,SP,sao paulo
d9e8c084b68fe958861d8f2c21202e6b,12,3050.0,181.86,254.16666666666666,15.155000000000001,4.166666666666667,9,2,agro_industry_and_commerce,3231.86,SP,sao paulo
da03c298e3999e9d828591fc2179d109,5,787.7,54.78,157.54000000000002,10.956,4.8,4,2,food,842.48,SP,sao paulo
da20530872245d6cd9d2f5725613c430,3,314.96000000000004,79.25999999999999,104.98666666666668,26.419999999999998,4.666666666666667,2,2,sports_leisure,394.22,RS,igrejinha
da2782c804606d2a5d8e1760dbb3e7ec,1,89.0,14.37,89.0,14.37,1.0,1,1,baby,103.37,SP,sao paulo
da3fede3469bf49b7293ce3fc45b294d,1,44.9,12.79,44.9,12.79,5.0,1,1,books_general_interest,57.69,SP,mogi das cruzes
da6a60cc8cc724fe51be021ff8be779c,13,728.79,255.79,56.060769230769225,19.676153846153845,4.769230769230769,12,9,books_general_interest,984.5799999999999,RJ,sao pedro da aldeia
da7039f29f90ce5b4846ffc0fcc93beb,18,1259.1,244.45000000000002,69.94999999999999,13.580555555555556,4.555555555555555,17,7,cine_photo,1503.55,SP,santo andre
da8622b14eb17ae2831f4ac5b9dab84a,1548,159816.87,24889.91,103.24087209302326,16.07875322997416,4.0713359273670555,1311,221,bed_bath_table,184706.78,SP,piracicaba
dace965ca58120f92f8d742a9fa1864b,8,1442.0,131.77,180.25,16.47125,4.625,8,7,health_beauty,1573.77,SP,sao paulo
daeb5653dd96c1b11860f72209795012,39,1864.1,588.89,47.797435897435896,15.09974358974359,4.230769230769231,38,26,toys,2452.99,MG,belo horizonte
daf565f087a52def0fd5c5825b3661bc,9,813.9000000000001,307.93,90.43333333333334,34.214444444444446,3.625,9,5,bed_bath_table,1121.8300000000002,SC,brusque
db1f0f7c7e5e87f40b62226f020bb297,3,59.01,64.72,19.669999999999998,21.573333333333334,4.666666666666667,3,3,signaling_and_security,123.72999999999999,PR,pinhais
db2956745b3a8e9f3785c99f34b5d25e,46,8261.0,947.26,179.58695652173913,20.592608695652174,3.8043478260869565,45,6,health_beauty,9208.26,SP,sao sebastiao
db4350fd57ae30082dec7acbaacc17f9,145,3304.3199999999997,2064.7,22.788413793103445,14.239310344827585,4.145833333333333,136,50,telephony,5369.0199999999995,SP,sao paulo
db46ca7bce82b11f7e247539271fc390,16,933.97,215.89,58.373125,13.493125,4.5625,16,8,pet_shop,1149.8600000000001,RJ,rio de janeiro
db6a4d4b5f1f5f98820ce6ce2619e2de,1,135.99,12.16,135.99,12.16,5.0,1,1,luggage_accessories,148.15,SP,sao paulo
db7ed69a53aa9fb1c01930ba54a88bbe,1,109.0,11.78,109.0,11.78,5.0,1,1,sports_leisure,120.78,SP,jaguariuna
dbb9b48c841a0e39e21f98e1a6b2ec3e,118,7186.85,1581.41,60.90550847457627,13.401779661016949,4.203389830508475,108,55,housewares,8768.26,SP,sao paulo
dbbcfe2c8d026742134ac3e28ccde274,4,308.59000000000003,54.379999999999995,77.14750000000001,13.594999999999999,4.0,4,4,sports_leisure,362.97,PR,curitiba
dbc22125167c298ef99da25668e1011f,417,32829.12,7787.43,78.72690647482015,18.674892086330935,4.274038461538462,394,100,luggage_accessories,40616.55,MG,borda da mata
dbc51f5e45d654ecc16cb68e6817ecea,1,199.99,18.14,199.99,18.14,4.0,1,1,health_beauty,218.13,SP,franca
dbd66278cbfe1aa1000f90a217ca4695,99,4928.9,1543.87,49.78686868686869,15.594646464646464,4.454545454545454,85,18,electronics,6472.7699999999995,SP,sao paulo
dbdd0ec73a4817971d962698f2fea022,16,6384.0,1790.8,399.0,111.925,4.375,16,3,health_beauty,8174.8,CE,fortaleza
dbec9a0a7efeff029d4d9dce7dc4cc95,3,1170.0,118.59,390.0,39.53,4.0,3,2,furniture_decor,1288.59,MG,belo horizonte
dc120d932ddf9d4dfb6fd68beefda622,1,130.0,14.44,130.0,14.44,1.0,1,1,computers_accessories,144.44,PR,sao jose dos pinhais
dc317f341ab0e22f39acbd9dbf9b4a1f,58,18988.4,3581.73,327.38620689655176,61.75396551724138,4.120689655172414,55,7,cool_stuff,22570.13,RS,cachoeirinha
dc4a0fc896dc34b0d5bfec8438291c80,242,23655.98,4492.08,97.75198347107438,18.562314049586778,3.809917355371901,225,163,bed_bath_table,28148.059999999998,SP,ibitinga
dc50afafdfa325eadc890c7fa42a8f4e,4,424.2,57.28,106.05,14.32,4.75,4,3,home_appliances,481.48,PR,maringa
dc64d75cc406bb0697be983831430e60,4,813.0,92.55000000000001,203.25,23.137500000000003,4.75,4,2,computers_accessories,905.55,MG,belo horizonte
dc7192adf8ba09569261f4a8d576afe0,8,917.0,161.43,114.625,20.17875,3.625,7,5,small_appliances_home_oven_and_coffee,1078.43,SP,itapeva
dc8798cbf453b7e0f98745e396cc5616,43,1733.0,525.95,40.30232558139535,12.23139534883721,3.488372093023256,35,34,fashion_male_clothing,2258.95,SP,sao paulo
dcb7367a92f5ffb89f1e2152ed260285,1,79.9,18.44,79.9,18.44,5.0,1,1,signaling_and_security,98.34,SP,osvaldo cruz
dcf3755cefcdc158ad0b7bdde51e871b,3,269.70000000000005,89.33,89.90000000000002,29.776666666666667,4.0,3,3,furniture_decor,359.03000000000003,RS,cachoeira do sul
dd264199fc8b687ad029de7de6d760e6,1,87.9,20.7,87.9,20.7,5.0,1,1,auto,108.60000000000001,PR,cascavel
dd2bdf855a9172734fbc3744021ae9b9,110,10607.0,1992.01,96.42727272727272,18.109181818181817,3.826923076923077,105,43,bed_bath_table,12599.01,MG,belo horizonte
dd39ad39b5d3df33037e141c72497ba6,2,135.8,29.049999999999997,67.9,14.524999999999999,5.0,2,2,fashio_female_clothing,164.85000000000002,SP,sao paulo
dd4d95ba2d15c071e6c695e2ef6ce169,4,1748.0,214.41,437.0,53.6025,4.25,4,2,stationery,1962.41,ES,cachoeiro de itapemirim
dd533b429f380718b70ad9922c294bae,43,2244.88,1091.3,52.20651162790698,25.37906976744186,3.86046511627907,39,13,toys,3336.1800000000003,SP,barretos
dd5450b022b2d00a2145a66331e1aef6,1,59.0,22.34,59.0,22.34,5.0,1,1,housewares,81.34,SC,joinville
dd55f1bb788714a40e7954c3be6df745,37,7041.759999999999,659.42,190.31783783783783,17.82216216216216,3.810810810810811,35,10,cool_stuff,7701.179999999999,SP,sao paulo
dd58ee93286b0821565574c570e9e1dc,2,2948.0,75.31,1474.0,37.655,5.0,2,2,health_beauty,3023.31,PR,curitiba
dd7ddc04e1b6c2c614352b383efe2d36,142,9148.61,2876.57,64.4268309859155,20.257535211267605,3.780141843971631,121,40,pet_shop,12025.18,SP,sao paulo
dd88d13bea9e4c2bf47daf224f8141e5,1,458.0,29.38,458.0,29.38,5.0,1,1,furniture_decor,487.38,RS,lajeado
dd8a29ce82d5c705ba932d81494600a5,2,205.75,27.5,102.875,13.75,3.5,2,2,market_place,233.25,SP,sao paulo
dd9661d3cda1e6feb237f0c4d8b26f2e,1,174.0,16.98,174.0,16.98,5.0,1,1,housewares,190.98,SC,campos novos
dda37071807e404c5bb2a1590c66326f,1,199.99,19.28,199.99,19.28,5.0,1,1,luggage_accessories,219.27,SP,sao paulo
ddd51ae8cda92f3995a51fc0f0f3eec7,25,842.6999999999999,276.92,33.708,11.0768,4.6,8,6,housewares,1119.62,RJ,rio de janeiro
dde698c6d0bd24834c586e5111c2bba7,1,155.9,19.19,155.9,19.19,5.0,1,1,fashion_bags_accessories,175.09,RJ,petropolis
de09d00cfc265b8804c7df34075a68fa,3,784.0,43.97,261.3333333333333,14.656666666666666,3.3333333333333335,3,3,fashion_bags_accessories,827.97,SP,sao paulo
de0c78824586e9a5f5f04fd84e25df39,16,2489.3,208.53,155.58125,13.033125,4.4375,14,4,pet_shop,2697.8300000000004,SP,vargem grande paulista
de23c3b98a88888289c6f5cc1209054a,178,25933.670000000002,2646.19,145.69477528089888,14.86623595505618,4.314606741573034,161,92,toys,28579.86,SP,sao paulo
de66a66f2dd06bb9ec37aa96987466a3,8,353.32,115.66,44.165,14.4575,4.25,7,2,furniture_decor,468.98,RJ,rio de janeiro
de722cd6dad950a92b7d4f82673f8833,377,55126.3,9650.289999999999,146.2236074270557,25.597586206896548,4.167553191489362,337,7,computers_accessories,64776.590000000004,PE,recife
de9727ca376d1be6ec121b110aa7954c,11,997.8000000000001,197.84,90.70909090909092,17.985454545454544,3.6363636363636362,9,4,computers_accessories,1195.64,PR,sarandi
debe6615cd90cc0c2eac2b8988e1f628,5,278.5,95.53,55.7,19.106,4.6,5,3,electronics,374.03,SP,sao paulo
dedcab67899479e4ea5dcc4eba47f587,2,84.0,21.64,42.0,10.82,4.5,2,1,auto,105.64,SC,jaragua do sul
dee656f0f566ed1aa85bd137c943f08f,94,6212.08,1670.99,66.08595744680851,17.77648936170213,4.382978723404255,92,32,sports_leisure,7883.07,SP,cruzeiro
df0f42bc4c2142eacf0eaf2cffd0cfbb,16,1654.0,292.45,103.375,18.278125,4.0625,14,2,health_beauty,1946.45,SC,itajai
df47da4ae86fa4db890d05aaf24e21d8,5,310.5,77.18,62.1,15.436000000000002,4.2,5,2,housewares,387.68,SP,sao paulo
df560393f3a51e74553ab94004ba5c87,27,3429.78,570.11,127.0288888888889,21.115185185185187,3.925925925925926,26,10,garden_tools,3999.8900000000003,PR,loanda
df56d7b40d437f88407c5f78b63bc328,25,2791.28,460.21999999999997,111.6512,18.4088,3.88,22,8,sports_leisure,3251.5,PR,cascavel
df683dfda87bf71ac3fc63063fba369d,1,39.9,16.05,39.9,16.05,1.0,1,1,furniture_decor,55.95,RS,farroupilha
df91910b6a03bb2e3358fa6a35e32f6f,13,2093.2,363.02,161.0153846153846,27.924615384615382,4.615384615384615,13,4,housewares,2456.22,SP,sao paulo
dfa0c4c6229ab200a4a1336b4d7128ff,86,4777.1,1767.11,55.54767441860466,20.54779069767442,4.011627906976744,77,35,housewares,6544.21,SC,florianopolis
dfc475d54e1b6dbeeb7d7d9bdaa63827,20,1708.37,413.76,85.4185,20.688,4.55,18,5,housewares,2122.13,PR,curitiba
dfc5fb7259bb2b599ca565e6e9448f0f,34,6124.63,721.35,180.13617647058823,21.216176470588238,4.117647058823529,33,11,garden_tools,6845.9800000000005,SP,sao bernardo do campo
e00d85ce20ea50c1224c66ca5050527d,1,149.0,8.3,149.0,8.3,4.0,1,1,audio,157.3,SP,osasco
e0482f2c769468c3bbcd8a01e09d98c5,1,189.0,45.4,189.0,45.4,4.0,1,1,construction_tools_safety,234.4,SP,sao paulo
e0487761face83d64fcada2408959a36,2,49.25,14.870000000000001,24.625,7.4350000000000005,4.5,2,2,food,64.12,SP,sao paulo
e067ad2c1c0b48758eb1b5228bcf7a68,61,5042.55,1005.36,82.66475409836066,16.481311475409836,4.131147540983607,54,36,pet_shop,6047.91,SP,santos
e06f09ec0a4aca210779cf1cfc63cf19,31,5279.49,621.92,170.30612903225807,20.061935483870965,4.032258064516129,29,25,housewares,5901.41,SP,sao paulo
e0878efa0e0b7e5313ac0b43bc04c081,28,5025.4,517.13,179.47857142857143,18.46892857142857,3.5357142857142856,26,4,toys,5542.53,PR,curitiba
e09887ca8c7bf8a4621ce481820414ef,3,79.97,44.599999999999994,26.656666666666666,14.866666666666665,3.6666666666666665,2,3,furniture_decor,124.57,SP,sao paulo
e0a366315b1b726b6c7832d664c0f530,51,7400.09,745.08,145.09980392156862,14.609411764705882,4.333333333333333,43,21,construction_tools_construction,8145.17,SP,sao paulo
e0a3c37054ade6478d923a6efc10f308,2,219.8,35.18,109.9,17.59,5.0,2,2,baby,254.98000000000002,SC,camboriu
e0b162a693bc7f9eab00f783a31d60ea,1,20.0,29.69,20.0,29.69,5.0,1,1,health_beauty,49.69,RS,pelotas
e0eabded302882513ced4ea3eb0c7059,8,978.4000000000001,138.79,122.30000000000001,17.34875,4.625,8,3,consoles_games,1117.19,SP,campinas
e1643dff33666ca629e3644c02738179,3,170.0,29.31,56.666666666666664,9.77,4.333333333333333,3,2,Unknown / Uncategorized,199.31,SP,sao paulo
e1b12447a7563944843191754aeb5562,10,472.46000000000004,126.67,47.246,12.667,4.5,9,6,sports_leisure,599.13,SP,guarulhos
e1bed63d68ac36fe1f3061befe196af5,1,199.0,18.0,199.0,18.0,5.0,1,1,cool_stuff,217.0,SP,mogi guacu
e1c76f339ebd5460999f25a2aa8c92c5,1,899.9,28.8,899.9,28.8,5.0,1,1,small_appliances,928.6999999999999,SP,sao paulo
e1dc0754bada9ee4cfe9713f22f61292,12,885.0,264.78,73.75,22.064999999999998,3.8333333333333335,12,4,baby,1149.78,RJ,duque de caxias
e21a1e8be4715b0fcfd5385643bc49c4,23,673.6999999999999,454.51,29.291304347826085,19.761304347826087,3.6956521739130435,20,14,auto,1128.21,SC,jaguaruna
e24d3429d294b2eb200b064ebb035879,22,1878.58,372.12,85.39,16.914545454545454,4.136363636363637,19,14,health_beauty,2250.7,SP,sao paulo
e24fc9fcd865784fb25705606fe3dfe7,55,12768.0,1012.71,232.14545454545456,18.412909090909093,4.181818181818182,51,22,health_beauty,13780.71,SP,braganca paulista
e250d617a0ad591ba9bd663e584a895d,20,904.12,300.79,45.206,15.0395,2.8,8,9,furniture_decor,1204.91,SP,guarulhos
e256a62e0ac58c0edfba09966142d561,14,1474.1100000000001,335.44,105.29357142857144,23.96,4.5,12,5,housewares,1809.5500000000002,PR,curitiba
e26901d5ab434ce92fd9b5c256820a4e,215,11601.5,2880.13,53.96046511627907,13.395953488372093,4.144186046511628,197,16,garden_tools,14481.630000000001,SP,maua
e2a1ac9bf33e5549a2a4f834e70df2f8,5,14999.449999999999,201.11,2999.89,40.222,4.8,5,1,computers_accessories,15200.56,SP,sao paulo
e2aee0892199b1d92530e371abd825bf,39,5392.77,2516.11,138.27615384615385,64.51564102564103,3.8974358974358974,36,13,sports_leisure,7908.880000000001,PR,rolandia
e2c92f9c1c7746d899d18f2e158bbff7,12,1641.9,314.4,136.82500000000002,26.2,4.583333333333333,12,8,auto,1956.3000000000002,SP,sao jose do rio preto
e333046ce6517bd8bb510291d44f0130,74,7268.0,1431.32,98.21621621621621,19.34216216216216,4.391891891891892,68,47,housewares,8699.32,SP,ipaussu
e38db885400cd35c71dfd162f2c1dbcf,32,2066.8,670.75,64.5875,20.9609375,4.5,30,17,bed_bath_table,2737.55,DF,brasilia
e3a386fc36e22064434e1fa256f6a9fa,17,793.9,253.25,46.699999999999996,14.897058823529411,4.235294117647059,16,10,health_beauty,1047.15,SP,engenheiro coelho
e3b4998c7a498169dc7bce44e6bb6277,1,6735.0,194.31,6735.0,194.31,5.0,1,1,housewares,6929.31,SP,sao paulo
e3d3b3efac954a60d61be70b7e05b49b,3,1282.05,123.78,427.34999999999997,41.26,4.333333333333333,3,3,home_construction,1405.83,SP,sao paulo
e3dd723429d1b23614b7fa85e2c7a853,8,471.05,126.57,58.88125,15.82125,3.375,7,4,health_beauty,597.62,SP,sao bernardo do campo
e3e290b38963293022cdcd6db8328103,3,135.7,46.34,45.23333333333333,15.446666666666667,3.3333333333333335,3,2,sports_leisure,182.04,SP,sao paulo
e433f5fd4050e3352b5d83522b7fe24b,1,548.06,48.71,548.06,48.71,4.0,1,1,home_construction,596.77,PR,arapongas
e439f7176d763f92de325271111b2fd5,6,1320.9,226.8,220.15,37.800000000000004,5.0,6,4,electronics,1547.7,SC,joinville
e45edf75f568ed2f93f78d060e246e25,7,164.29999999999998,113.92,23.471428571428568,16.274285714285714,4.142857142857143,6,6,housewares,278.21999999999997,RJ,rio de janeiro
e48b04bf1aa1ef711caebeb7aede6180,25,3187.1000000000004,645.63,127.48400000000001,25.8252,4.48,25,5,toys,3832.7300000000005,PR,curitiba
e48cc16ab70bfa09e1401740dce0b3d7,17,1084.83,326.3,63.813529411764705,19.194117647058825,3.235294117647059,14,9,computers_accessories,1411.1299999999999,SP,aracatuba
e49c26c3edfa46d227d5121a6b6e4d37,35,3624.35,1141.31,103.55285714285714,32.60885714285714,4.514285714285714,34,30,consoles_games,4765.66,PE,brejao
e4ebd3f87bf70440014f07ddda7fbe03,7,671.5,115.75999999999999,95.92857142857143,16.537142857142857,4.571428571428571,7,4,health_beauty,787.26,SP,presidente epitacio
e4f121bf6ef8b9a1d4d3e65dd0473fab,2,70.0,36.46,35.0,18.23,3.0,2,2,party_supplies,106.46000000000001,SP,sao jose do rio preto
e4fc40017a6d22c46a14ac2e17f87c3e,1,129.0,41.29,129.0,41.29,5.0,1,1,furniture_bedroom,170.29,PR,arapongas
e503f22be6a4f456d9851920a5d9c670,2,198.9,32.44,99.45,16.22,4.0,2,2,drinks,231.34,SP,sao paulo
e504a4e2efaa45cbff7e268a2c58c956,11,1088.9,240.79999999999998,98.9909090909091,21.89090909090909,3.909090909090909,10,6,housewares,1329.7,SP,sao pedro
e51f22821f0c12a16ad5c020cdcd55e9,4,898.71,98.13,224.6775,24.5325,4.75,4,4,computers_accessories,996.84,SP,carapicuiba
e53d5b9b29d1218281f4a907ada18626,5,350.67,133.25,70.134,26.65,4.8,4,4,toys,483.92,PR,toledo
e546117ed9cafbc40239c0c78635c584,2,456.0,28.34,228.0,14.17,4.5,2,1,perfumery,484.34,SP,sao paulo
e5475dcab1e07b63d7f6e902d8f5eda8,19,2192.0,251.22,115.36842105263158,13.222105263157895,4.105263157894737,19,10,sports_leisure,2443.22,SP,diadema
e5545d4d4473876ea78c5bcebca365c3,1,44.5,12.97,44.5,12.97,5.0,1,1,toys,57.47,SP,marilia
e560e4022d8f7aebf155db95946c5c0f,2,780.0,90.21000000000001,390.0,45.105000000000004,5.0,2,1,cool_stuff,870.21,MG,belo horizonte
e5899683388855d3dabe8913bbe365de,3,452.88,80.98,150.96,26.993333333333336,4.0,3,3,furniture_decor,533.86,SP,sao carlos
e58a5b390e28abc0b216cfb0e07d27d7,7,1022.6,144.63,146.0857142857143,20.66142857142857,4.857142857142857,7,3,sports_leisure,1167.23,RJ,rio de janeiro
e595809a6c31ec4314fd06ef198c244d,1,39.0,18.23,39.0,18.23,5.0,1,1,telephony,57.230000000000004,SC,navegantes
e59aa562b9f8076dd550fcddf0e73491,82,30716.3,2160.07,374.5890243902439,26.342317073170733,4.329268292682927,69,9,agro_industry_and_commerce,32876.37,PR,curitiba
e59e489e2ea74bd409b798b5daf49de3,5,495.0,86.76,99.0,17.352,2.2,3,3,furniture_decor,581.76,PR,maringa
e59e575a175fadcadf8479e191770425,1,199.9,50.98,199.9,50.98,5.0,1,1,air_conditioning,250.88,RJ,nova iguacu
e5a3438891c0bfdb9394643f95273d8e,247,7549.96,3280.74,30.56663967611336,13.282348178137651,3.877551020408163,216,179,fashion_bags_accessories,10830.7,SP,limeira
e5a38146df062edaf55c38afa99e42dc,124,15270.89,1885.54,123.15233870967741,15.205967741935483,3.967479674796748,120,27,health_beauty,17156.43,SP,sao paulo
e5bd51692380fd8cabb19b756b95e714,2,79.8,25.95,39.9,12.975,3.0,2,2,Unknown / Uncategorized,105.75,SP,santo andre
e5c84227854980f1db19a58958c551d9,4,72.81,68.83,18.2025,17.2075,4.75,4,4,housewares,141.64,PR,fazenda rio grande
e5cbe890e679490127e9a390b46bbd20,2,908.99,28.72,454.495,14.36,4.5,2,2,health_beauty,937.71,SP,sao paulo
e5d4b2b0c3bca22085f7a19a28de0c42,4,205.8,63.76,51.45,15.94,4.5,4,4,housewares,269.56,SC,joinville
e5def42655b7490edac5a56fe8e9e603,1,129.9,11.52,129.9,11.52,5.0,1,1,watches_gifts,141.42000000000002,SP,amparo
e5e33c0d8e7e002f398f5dc4cbbb338f,27,6494.9,745.95,240.55185185185184,27.62777777777778,4.592592592592593,26,20,auto,7240.849999999999,SP,bauru
e5f9e61ceb5f523cc966e0f34095032f,4,2238.0,115.44,559.5,28.86,4.0,4,2,computers_accessories,2353.44,SC,brusque
e601b04acf48b4576e73ddca9481f0dc,16,491.94,211.0,30.74625,13.1875,3.875,15,11,garden_tools,702.94,SP,sao paulo
e603cf3fec55f8697c9059638d6c8eb5,10,270.0,172.99,27.0,17.299,4.7,7,1,Unknown / Uncategorized,442.99,RS,pelotas
e627629ba868740e287800f1a9be81c2,11,337.1,109.56,30.645454545454548,9.96,4.909090909090909,11,11,food_drink,446.66,SP,sao paulo
e62b2d6ac10570a035a30bafcf01d263,71,5340.39,1035.08,75.21676056338029,14.578591549295774,3.8333333333333335,62,24,tablets_printing_image,6375.47,SP,sao paulo
e63e8bfa530fb16910dd6956e592bb81,42,1282.8,645.41,30.54285714285714,15.366904761904761,4.333333333333333,41,12,housewares,1928.21,SP,guarulhos
e644cbadf7eeb30d0d29f335ce7d52ec,9,768.91,161.12,85.43444444444444,17.90222222222222,4.0,7,4,sports_leisure,930.03,SP,sao paulo
e64882b4ef12aee8d0faca4db5b681f4,2,230.0,43.22,115.0,21.61,4.0,1,1,construction_tools_safety,273.22,GO,goiania
e64d65bc8dbec2accda90c58de5d1246,12,1678.8000000000002,221.16,139.9,18.43,3.0833333333333335,12,2,health_beauty,1899.9600000000003,SP,rio claro
e64ddbe1cbcf4f2fc3092b7c481f3f9d,1,20.9,7.39,20.9,7.39,5.0,1,1,health_beauty,28.29,SP,sao paulo
e6a69c4a27dfdd98ffe5aa757ad744bc,23,508.51,275.83,22.109130434782607,11.992608695652173,4.304347826086956,21,12,housewares,784.3399999999999,SP,sao paulo
e70053bf73d1b5863932e53a9fa47496,7,4025.0,133.58,575.0,19.082857142857144,4.285714285714286,7,7,telephony,4158.58,SP,sao paulo
e72b4feb7abe210c52aa667abc25a3a2,2,38.2,17.44,19.1,8.72,5.0,1,1,bed_bath_table,55.64,SP,sao paulo
e732329483fd5f27367dd997b47f598a,1,109.9,34.57,109.9,34.57,5.0,1,1,fashion_bags_accessories,144.47,SC,blumenau
e73bf2cea7fe4b0b4d287a7568ed1099,5,737.6999999999999,100.13000000000001,147.54,20.026000000000003,5.0,4,4,construction_tools_construction,837.8299999999999,SC,chapeco
e76ecc7e9a1a1e3c6df9d2a8261c423d,1,20.0,14.1,20.0,14.1,5.0,1,1,books_general_interest,34.1,MG,belo horizonte
e7d5b006eb624f13074497221eb37807,63,3478.93,741.49,55.22111111111111,11.76968253968254,3.111111111111111,28,8,telephony,4220.42,SP,santo andre
e7df4cd29ab5abab70fb0783ddb53987,24,9608.699999999999,413.37,400.36249999999995,17.22375,4.291666666666667,23,21,fashion_sport,10022.07,SP,sao paulo
e7f3bf1ecd8526eb7f3b18059e6716e5,18,1382.04,260.77,76.78,14.487222222222222,4.444444444444445,17,10,toys,1642.81,SP,ubatuba
e819bcfade7b5d88a27325eb6cfd62c5,11,202.89999999999998,135.35,18.44545454545454,12.304545454545455,3.5454545454545454,5,4,furniture_decor,338.25,SP,guarulhos
e81e1f9c3e762e620f3fb60a51499e16,18,4465.99,513.5,248.11055555555555,28.52777777777778,3.823529411764706,17,7,sports_leisure,4979.49,SC,curitibanos
e82de6494d91d3c4c54450f59b227a94,3,118.9,38.8,39.63333333333333,12.933333333333332,5.0,3,2,watches_gifts,157.7,SP,ibitinga
e83c76265fc54bf41eac728805e4da77,8,237.29999999999998,99.19,29.662499999999998,12.39875,3.625,8,3,auto,336.49,SP,aracatuba
e83e93b71371817b11d78a63ff156aee,3,286.0,87.38000000000001,95.33333333333333,29.12666666666667,4.666666666666667,2,2,furniture_decor,373.38,SP,barueri
e84ad2127668df3aafc6b73531a0beb8,23,987.0,286.73,42.91304347826087,12.466521739130435,4.391304347826087,19,5,cool_stuff,1273.73,SP,sao paulo
e88165a185134e13fdfc85d4fa654db8,2,108.0,41.22,54.0,20.61,3.0,2,2,sports_leisure,149.22,SP,ferraz de  vasconcelos
e882b2a25a10b9c057cc49695f222c19,58,51057.54,2856.22,880.3024137931035,49.2451724137931,4.586206896551724,57,19,home_appliances_2,53913.76,RJ,teresopolis
e883aa812c37a7413226856f4579fe91,29,4097.1,457.36,141.2793103448276,15.77103448275862,3.896551724137931,26,6,small_appliances,4554.46,SP,itapevi
e88c9b79e592e370d6bd852eeefbf057,9,251.87,142.10999999999999,27.985555555555557,15.79,4.777777777777778,8,7,toys,393.98,PR,pato branco
e88f7a2995ba184710d339c5c4bf2e30,2,251.6,35.91,125.8,17.955,5.0,2,1,pet_shop,287.51,SP,votuporanga
e89c4adbe7b1d0819dbb636e16461cf1,25,3181.3,454.85,127.25200000000001,18.194000000000003,3.88,24,8,sports_leisure,3636.15,SP,indaiatuba
e8a85b5f3df47be0984c55fd4064dbb4,14,743.0,222.99,53.07142857142857,15.927857142857144,4.714285714285714,8,6,housewares,965.99,DF,brasilia
e8b3a3a38279a82f0e5d006d5e5b7d2c,85,11762.4,1645.81,138.38117647058823,19.362470588235293,3.929411764705882,80,48,consoles_games,13408.21,PR,jussara
e8b4225284fbb02d16f200513f1f395d,30,5638.62,1273.98,187.954,42.466,4.3,30,18,baby,6912.6,SP,novo horizonte
e8dba4d70f7f2b20e775d09cae01142d,9,855.91,176.48,95.10111111111111,19.608888888888888,4.333333333333333,9,6,sports_leisure,1032.3899999999999,SP,santa barbara d oeste
e8f6dc8e6a1dcde89d20e3995c8d90b3,44,2148.7400000000002,2016.8,48.83500000000001,45.836363636363636,3.5681818181818183,35,29,furniture_decor,4165.54,SP,sao paulo
e8ff5a6ceb895583033fc2a0f314e3c2,1,139.89,19.08,139.89,19.08,5.0,1,1,diapers_and_hygiene,158.96999999999997,SC,blumenau
e908c0f3646e8b60375734a350d95d71,1,2951.0,58.53,2951.0,58.53,4.0,1,1,computers_accessories,3009.53,SP,sao paulo
e94b64dc6979b302a5a5be1662c83bb6,2,306.89,31.740000000000002,153.445,15.870000000000001,5.0,2,2,construction_tools_lights,338.63,SP,itapecerica da serra
e9511df20ccd82658a30c37b7fb343af,30,2096.6,726.5,69.88666666666667,24.216666666666665,4.466666666666667,22,9,construction_tools_construction,2823.1,SP,bauru
e96498ed8daaa3e9c23f7a62da76591c,34,9619.09,713.1,282.9144117647059,20.973529411764705,3.9411764705882355,34,23,auto,10332.19,SP,sao paulo
e9729944ba65dc3ce425e0c5a22ae7b2,4,916.7,61.73,229.175,15.4325,3.75,4,3,garden_tools,978.4300000000001,RJ,petropolis
e9779976487b77c6d4ac45f75ec7afe9,738,42229.69,9981.61,57.22180216802168,13.525216802168023,4.204081632653061,645,131,sports_leisure,52211.3,SP,praia grande
e9874ae10b2d60d43917b6bbfa13a599,1,199.0,23.1,199.0,23.1,5.0,1,1,bed_bath_table,222.1,PR,rolandia
e99e927c81e3f51739c94fcdfca9f10f,24,2597.85,639.08,108.24374999999999,26.628333333333334,3.625,21,6,garden_tools,3236.93,MG,uberlandia
e9b6c33b71b67737693b4cfa68341c8d,1,119.9,21.49,119.9,21.49,4.0,1,1,housewares,141.39000000000001,SP,sao paulo
e9bc59e7b60fc3063eb2290deda4cced,260,33543.69,4538.73,129.01419230769233,17.456653846153845,4.0346153846153845,209,42,computers_accessories,38082.42,PR,maringa
e9c2dc0dd4ac38448289be644ac94f42,3,118.39,56.22,39.46333333333333,18.74,5.0,3,3,toys,174.61,SC,joinville
e9c6969d40e6a3d2d0f90013165c2b98,10,5239.98,242.0,523.9979999999999,24.2,4.4,10,8,pet_shop,5481.98,SP,sao paulo
e9d99831abad74458942f21e16f33f92,149,4922.4800000000005,1993.58,33.036778523489936,13.37973154362416,3.9054054054054053,130,35,computers_accessories,6916.06,SP,sao paulo
e9e446d01bd10a97a8ffcfc4a3a20cb2,3,51.15,22.169999999999998,17.05,7.39,4.333333333333333,3,3,perfumery,73.32,SP,sao paulo
ea00f977a203ff88adf7057cb7806998,18,381.72999999999996,176.29,21.20722222222222,9.793888888888889,4.277777777777778,18,5,auto,558.02,SP,santos
ea1776927851da2532aa70d6a32c095a,2,283.9,38.18,141.95,19.09,3.5,2,2,Portable Kitchen & Food Preparers,322.08,SP,sao paulo
ea3ebea5317b0efbc663ecc8ce5e9bc2,3,299.70000000000005,57.65,99.90000000000002,19.216666666666665,4.0,3,3,auto,357.35,SC,florianopolis
ea4e9ce63a2134743b4a92777437fcdd,4,316.6,65.7,79.15,16.425,4.75,3,3,air_conditioning,382.3,SC,palhoca
ea566164622c6b439516ab18062c42cd,52,10309.42,858.56,198.2580769230769,16.51076923076923,3.75,50,19,health_beauty,11167.98,SP,sao  paulo
ea65d8b58316a6f2362f2a9e4b3e86ad,16,2061.4,230.82,128.8375,14.42625,3.1875,9,8,construction_tools_construction,2292.2200000000003,SP,campinas
ea67327e24487bdfac5fbfa37ea124df,34,6250.18,930.1,183.82882352941178,27.355882352941176,3.5588235294117645,32,24,bed_bath_table,7180.280000000001,SP,ibitinga
ea6b12bf9ffe2bac34602ec631d97a47,9,1047.3,154.89,116.36666666666666,17.209999999999997,4.333333333333333,9,6,Unknown / Uncategorized,1202.19,SP,guarulhos
ea846a0e7ad98a741783e886d89dfa44,3,137.0,55.26,45.666666666666664,18.419999999999998,5.0,2,2,perfumery,192.26,SP,aracatuba
ea8482cd71df3c1969d7b9473ff13abc,1188,36696.76,17291.87,30.889528619528622,14.555446127946126,3.983065198983912,1132,219,telephony,53988.630000000005,SP,sao paulo
eaaa46e98c9e61f6764dd1d7a2ab8b3e,1,98.0,27.64,98.0,27.64,5.0,1,1,small_appliances,125.64,RN,messias targino
ead2bab70821ea148476ae9bc08548ac,9,412.1,116.2,45.78888888888889,12.911111111111111,4.555555555555555,9,4,fashion_bags_accessories,528.3000000000001,MG,belo horizonte
eae9af4811c294c56795d70e715b7337,1,15.9,11.11,15.9,11.11,5.0,1,1,Unknown / Uncategorized,27.009999999999998,SP,sao paulo
eaf6d55068dea77334e8477d3878d89e,3,51.0,33.01,17.0,11.003333333333332,5.0,3,2,auto,84.00999999999999,SP,sao paulo
eb1bf309f4f6af9a97e9ddac3fdbeabe,1,22.3,8.88,22.3,8.88,5.0,1,1,sports_leisure,31.18,SP,diadema
eb3071b9f0b0ddaa2df5ea130f09f26b,11,6230.0,581.42,566.3636363636364,52.85636363636363,4.636363636363637,9,2,furniture_bedroom,6811.42,SP,sao paulo
eb4a59a06b3948e851a7d7a830bcbc42,1,32.0,21.15,32.0,21.15,5.0,1,1,health_beauty,53.15,BA,salvador
eb4df17aed01d918c65f0f8d650900c0,11,3739.87,185.59,339.98818181818183,16.87181818181818,3.909090909090909,11,9,auto,3925.46,SP,paulinia
eb5b6204dde3a6e03b5f1bb8479f055b,21,452.2,275.13,21.53333333333333,13.10142857142857,3.857142857142857,19,8,housewares,727.3299999999999,SP,embu guacu
eb72802c83dc7547529c9546d1a9b8ef,8,1063.92,117.71,132.99,14.71375,4.625,8,7,garden_tools,1181.63,SP,rio claro
eb9267cccc90f1b49c8d2f9887c7dd97,1,319.9,26.37,319.9,26.37,5.0,1,1,sports_leisure,346.27,PE,recife
eb9cd5b35d95206585e2185318cb5c61,3,550.0,61.55,183.33333333333334,20.516666666666666,2.3333333333333335,2,1,furniture_decor,611.55,SP,sao paulo
eba88037e1dca898cd02881f67ced679,6,838.1,93.47,139.68333333333334,15.578333333333333,4.333333333333333,6,4,stationery,931.57,SP,sao paulo
ebd1417732defaf66c50b5a800eb293e,1,309.0,16.33,309.0,16.33,5.0,1,1,cool_stuff,325.33,PR,londrina
ebd2d60905fb58271facef5596b620d3,85,7713.02,1637.38,90.74141176470589,19.26329411764706,4.235294117647059,82,39,health_beauty,9350.400000000001,SP,lencois paulista
ebe3dabc4955c9b0d695e7bda38bf5c3,1,55.0,11.89,55.0,11.89,3.0,1,1,computers_accessories,66.89,SP,ribeirao preto
ebef8d8c92b4fd3226e5d407bbff21ac,3,253.70000000000002,48.36,84.56666666666668,16.12,2.6666666666666665,3,3,sports_leisure,302.06,SP,ribeirao preto
ec21206b7894c503788a684a7bc822a6,1,75.0,17.78,75.0,17.78,3.0,1,1,housewares,92.78,RJ,armacao dos buzios
ec2e006556300a79a5a91e4876ab3a56,6,77.4,48.33,12.9,8.055,1.5,2,1,construction_tools_construction,125.73,SP,sao paulo
ec4608a1f76453166bb312b2968aeaf4,29,968.81,894.5500000000001,33.40724137931034,30.84655172413793,3.0344827586206895,17,5,furniture_decor,1863.3600000000001,SP,porto ferreira
ec5c1d94df153d473b37f880977ae58e,3,199.67000000000002,84.07,66.55666666666667,28.02333333333333,1.6666666666666667,2,2,perfumery,283.74,SP,rio de janeiro
ec80e49e69745ab6c14f984bf2149423,12,3709.0,188.31,309.0833333333333,15.6925,4.0,12,2,housewares,3897.31,SP,limeira
ec8463980a4e0ea9f8517aea1ed0c419,8,239.2,118.75999999999999,29.9,14.844999999999999,5.0,2,1,construction_tools_lights,357.96,SC,florianopolis
ec8879960bd2221d5c32f8e12f7da711,35,3957.5,798.76,113.07142857142857,22.821714285714286,4.294117647058823,35,9,computers_accessories,4756.26,SP,itatiba
ec933281fb017b5020d06df29c3f77e8,8,1432.0,230.85,179.0,28.85625,5.0,8,3,baby,1662.85,SP,sao paulo
ecccfa2bb93b34a3bf033cc5d1dcdc69,16,1120.8500000000001,212.47,70.05312500000001,13.279375,2.5,12,6,health_beauty,1333.3200000000002,PR,curitiba
ececbfcff9804a2d6b40f589df8eef2b,103,6714.15,1834.31,65.18592233009709,17.80883495145631,4.116504854368932,97,61,health_beauty,8548.46,SP,franca
ed4311e67debd72b8610a5347a743087,26,3636.0,706.81,139.84615384615384,27.185,4.48,25,7,housewares,4342.8099999999995,SP,guarulhos
ed46f1eb4a638113deb2a1137b5f22e9,4,3470.0,216.68,867.5,54.17,4.0,4,3,health_beauty,3686.68,SC,indaial
ed49da7cadefc454d6a67de249eab240,1,21.5,8.72,21.5,8.72,5.0,1,1,sports_leisure,30.22,SP,sao paulo
ed4acab38528488b65a9a9c603ff024a,40,12759.45,610.31,318.98625000000004,15.257749999999998,3.725,32,30,computers_accessories,13369.76,SP,sao paulo
ed859002ad59dbf8cf3602696a6c3000,11,2063.9,225.44,187.62727272727273,20.494545454545456,4.545454545454546,6,4,air_conditioning,2289.34,PR,londrina
ed8cb7b190ceb6067227478e48cf8dde,17,573.5,242.71,33.73529411764706,14.277058823529412,3.176470588235294,15,10,Portable Kitchen & Food Preparers,816.21,SP,santos
ed9eef5be0992d413d251fadba1a410d,9,404.09999999999997,143.24,44.9,15.915555555555557,4.555555555555555,3,5,furniture_decor,547.3399999999999,SP,mogi guacu
edb1ef5e36e0c8cd84eb3c9b003e486d,174,79144.9,3886.24,454.85574712643677,22.33471264367816,4.454022988505747,165,55,health_beauty,83031.14,RJ,teresopolis
edb58a1390adf273840030a3d6253829,1,39.9,18.38,39.9,18.38,5.0,1,1,home_appliances,58.28,SP,piracicaba
edb65fe661681b1c0de8bd47c8655855,1,69.0,15.24,69.0,15.24,3.0,1,1,small_appliances,84.24,SP,sao paulo
edc518ba25576a0188a0e8f2c3af186f,8,1647.3899999999999,262.15999999999997,205.92374999999998,32.769999999999996,3.5,6,5,housewares,1909.5499999999997,SP,guarulhos
edd066cd02126d7800f9b66e980e9931,6,987.6999999999999,186.23,164.61666666666665,31.03833333333333,5.0,6,6,housewares,1173.9299999999998,DF,brasilia
eddd1991bd6d9309995a480c39b95137,2,601.0,71.55000000000001,300.5,35.775000000000006,3.5,2,2,Unknown / Uncategorized,672.55,PR,ponta grossa
ede0c03645598cdfc63ca8237acbe73d,47,2352.15,708.3,50.045744680851065,15.070212765957447,3.6666666666666665,43,24,computers_accessories,3060.45,SP,ribeirao preto
ede2977fbaf3738583170735ca403f6c,1,289.9,37.35,289.9,37.35,5.0,1,1,health_beauty,327.25,PR,curitiba
edf3fabebcc20f7463cc9c53da932ea8,1,219.9,24.12,219.9,24.12,4.0,1,1,furniture_decor,244.02,SP,sao paulo
edf96ef93ed595084bbcbd9224bd2894,28,3757.0,608.78,134.17857142857142,21.742142857142856,3.7857142857142856,25,8,electronics,4365.78,SP,sao paulo
ee27a8f15b1dded4d213a468ba4eb391,1,6499.0,227.66,6499.0,227.66,5.0,1,1,art,6726.66,GO,goiania
ee2fbacc2fc3794e656cc4d933d59ce7,3,464.97,53.73,154.99,17.91,4.333333333333333,2,2,sports_leisure,518.7,SP,sao paulo
eeb6de78f79159600292e314a77cbd18,83,43510.84,2996.05,524.2269879518071,36.09698795180723,4.421686746987952,82,46,garden_tools,46506.89,SC,lages
eebb3372362aa9a46975164bed19a7e7,4,295.96,58.65,73.99,14.6625,3.25,4,2,telephony,354.60999999999996,SP,sao paulo
eec3469d83e142f9a104886655338c37,4,185.7,54.74,46.425,13.685,4.5,4,4,furniture_decor,240.44,SP,bauru
eed78ac17f7f795a19a709745f00cd4e,56,4349.5,846.34,77.66964285714286,15.113214285714287,3.4107142857142856,22,12,furniture_decor,5195.84,SP,botucatu
ef0ace09169ac090589d85746e3e036f,139,16105.400000000001,2299.38,115.86618705035973,16.542302158273383,4.366906474820144,128,22,perfumery,18404.780000000002,RJ,sao goncalo
ef2fbc2b607d8492bcffe657a4645434,21,920.9,353.61,43.852380952380955,16.83857142857143,4.0476190476190474,19,7,auto,1274.51,RJ,rio de janeiro
ef30892870c278497523264be1be2241,9,783.2,109.33999999999999,87.02222222222223,12.148888888888887,4.555555555555555,9,5,stationery,892.5400000000001,SP,araraquara
ef506c96320abeedfb894c34db06f478,332,9556.5,5092.3,28.78463855421687,15.338253012048193,3.930091185410334,316,115,telephony,14648.8,SP,sao paulo
ef728fa1f17436c91ed1ccd03dcf9631,4,128.7,58.12,32.175,14.53,4.0,3,4,arts_and_craftmanship,186.82,SP,jau
ef990a83bbea832f36ebe81376335aa8,44,4642.59,914.65,105.5134090909091,20.787499999999998,3.659090909090909,43,8,sports_leisure,5557.24,SC,joinville
ef9952469137ff190bacafe117f51537,5,1002.66,83.94,200.53199999999998,16.788,4.8,5,2,furniture_decor,1086.6,MG,uberaba
efb628aa07c8ca93d7db0d85b91a4f5a,1,204.0,58.1,204.0,58.1,4.0,1,1,furniture_bedroom,262.1,RJ,nova iguacu
efcd8d2104f1a05d028af7bad20d974b,50,2384.79,840.31,47.6958,16.8062,4.2,46,34,fashion_bags_accessories,3225.1,SP,aracatuba
efff9341f3f8f5237b44ff67ed36a7bf,5,872.99,99.66,174.598,19.932,4.4,5,4,garden_tools,972.65,ES,vitoria
f00e21b1e91a79653163b7fd8f293ff1,31,3900.09,570.97,125.80935483870968,18.418387096774193,4.1,31,29,toys,4471.06,SP,andradas
f00f5b35d0abcacbdd863672f4bb2c1a,1,299.0,14.43,299.0,14.43,4.0,1,1,furniture_decor,313.43,SP,sao paulo
f021c962aaba8ef6eb527a9c2c8394d1,5,4398.5,135.37,879.7,27.074,4.2,5,4,musical_instruments,4533.87,SC,itajai
f049a72cf58fd31b11f8919cade515e7,4,138.75,32.24,34.6875,8.06,3.5,3,3,health_beauty,170.99,SP,sao paulo
f0837c8d71434931d9e38e7b79234797,23,3446.9,602.46,149.86521739130436,26.19391304347826,4.608695652173913,22,8,housewares,4049.36,RS,arvorezinha
f08a5b9dd6767129688d001acafc21e5,18,14069.630000000001,496.11,781.6461111111112,27.561666666666667,3.4444444444444446,11,7,agro_industry_and_commerce,14565.740000000002,RS,porto alegre
f08c008c8a8d31417763738a1788a2a8,21,1211.92,392.08,57.71047619047619,18.67047619047619,3.3,20,3,sports_leisure,1604.0,PR,santa terezinha de itaipu
f09b760d23495ac9a7e00d29b769007c,1,21.9,17.19,21.9,17.19,4.0,1,1,sports_leisure,39.09,SP,catanduva
f0b47fbbc6dee9aafe415a6e33051b3f,85,3766.92,1320.98,44.31670588235294,15.540941176470588,4.258823529411765,67,38,books_general_interest,5087.9,SP,maua
f0e103c63864d5405b958d984b6e94c9,11,951.7,149.71,86.51818181818182,13.610000000000001,4.7272727272727275,11,7,Unknown / Uncategorized,1101.41,SP,osasco
f0ec78809fe0bc3edb11c9fe5b97b059,2,62.599999999999994,23.659999999999997,31.299999999999997,11.829999999999998,4.0,2,2,housewares,86.25999999999999,SP,sao paulo
f114dca2828bf718548db175ebe2cfcd,1,139.0,13.99,139.0,13.99,1.0,1,1,sports_leisure,152.99,PR,cambe
f1198c871e0171278b63f40d112caeec,2,475.8,82.27,237.9,41.135,4.5,2,2,kitchen_dining_laundry_garden_furniture,558.07,SP,sao paulo
f125f3a310c2e5f822d116147de1e474,22,2761.4,287.89,125.51818181818182,13.085909090909091,4.363636363636363,16,4,construction_tools_construction,3049.29,SP,sao paulo
f12d3c2a14729ae461b920c11fe20fdc,11,364.45,94.87,33.13181818181818,8.624545454545455,4.2727272727272725,9,4,furniture_decor,459.32,SP,santo andre
f12ff17ad8bbf01ec5c33b17e506649b,28,6101.0,627.88,217.89285714285714,22.424285714285713,3.857142857142857,28,13,auto,6728.88,SP,sao paulo
f18112da765e0971ca5d510dec322bdd,2,327.8,82.95,163.9,41.475,4.0,2,2,Unknown / Uncategorized,410.75,SC,brusque
f181738b150df1f37cb0bd72e705b193,37,5529.7,1103.05,149.45135135135135,29.81216216216216,4.486486486486487,36,8,cool_stuff,6632.75,SP,carapicuiba
f19516b9ff26bfeb091b30108db4ddbd,3,162.7,56.52,54.23333333333333,18.84,3.6666666666666665,3,3,costruction_tools_garden,219.22,SP,artur nogueira
f1b854361f4e15d5851b494df66f22b2,4,1168.8,306.44,292.2,76.61,2.75,3,3,pet_shop,1475.24,RJ,rio de janeiro
f1b93673502375d491780bb49d615dbc,10,2638.9300000000003,320.35,263.89300000000003,32.035000000000004,2.7,8,8,construction_tools_construction,2959.28,SP,sao jose dos campos
f1c1ac3f3efc07e659c035008e615e66,9,2294.96,214.72,254.99555555555557,23.857777777777777,2.7777777777777777,3,3,auto,2509.68,SP,sao paulo
f1ce5fdecd64935c28b9ff932751d0dc,2,158.0,22.53,79.0,11.265,4.5,2,2,furniture_decor,180.53,SP,santana de parnaiba
f1ed6bd0a9b11b581f16c851c6a5a527,18,1622.77,373.81,90.15388888888889,20.767222222222223,4.5,17,3,furniture_decor,1996.58,RS,porto alegre
f1fd5ab1181f827ffad998c1a5de7d74,15,7045.99,831.97,469.73266666666666,55.464666666666666,4.666666666666667,15,11,luggage_accessories,7877.96,PR,curitiba
f1fdf2d13186575751aa25876536d85c,1,26.3,8.29,26.3,8.29,5.0,1,1,sports_leisure,34.59,SP,sao paulo
f205b1a3ca9a34e0f8a228bae6e4c7b3,8,1088.0,396.9,136.0,49.6125,4.875,8,7,furniture_decor,1484.9,RS,cachoeirinha
f214d28e8d8e3ef068748498ccc2f813,57,2152.43,785.41,37.7619298245614,13.779122807017544,4.125,52,21,fashion_bags_accessories,2937.8399999999997,SP,sao paulo
f22a247b79dd22ecd91dc8e3b2a1b07c,8,439.94,134.9,54.9925,16.8625,4.0,8,5,health_beauty,574.84,SP,itaquaquecetuba
f2336e113377dd21c744d9c4fc8293a9,4,3563.0,199.07999999999998,890.75,49.769999999999996,4.25,4,2,garden_tools,3762.08,SP,sao paulo
f235413f677777a0738ff215d0184901,2,1191.98,55.83,595.99,27.915,5.0,2,1,auto,1247.81,SP,bariri
f25e239052084705e17a982bc600ab2a,8,7380.0,405.48,922.5,50.685,4.25,8,8,pet_shop,7785.48,SP,sao paulo
f262cbc1c910c83959f849465454ddd3,204,10199.86,2455.04,49.9993137254902,12.03450980392157,4.1182266009852215,189,80,computers_accessories,12654.900000000001,SP,sao paulo
f266295f49a28eee21f413e0cbb0521d,2,149.8,28.14,74.9,14.07,4.5,2,2,construction_tools_construction,177.94,PR,ponta grossa
f26d70155c2b6326fcfa1780c8c684e4,1,202.89,16.17,202.89,16.17,5.0,1,1,garden_tools,219.06,SC,presidente getulio
f27e33c6d29b5138fa9967bcd445b6d5,98,8888.3,1593.95,90.69693877551019,16.264795918367348,4.091836734693878,93,22,pet_shop,10482.25,SP,sao paulo
f3041c2e75ec683697a6a5ea82192210,1,145.0,24.0,145.0,24.0,5.0,1,1,furniture_decor,169.0,MG,itauna
f307937c1bb287c3efc2a514b94b0d1d,1,189.99,26.61,189.99,26.61,5.0,1,1,auto,216.60000000000002,MG,araxa
f326006815956455b2859abd58fe7e39,30,3147.16,666.02,104.90533333333333,22.200666666666667,4.7,9,6,furniture_decor,3813.18,SP,fernandopolis
f3295428338a40977a03f555246a70f4,7,644.98,124.4,92.14,17.771428571428572,3.5714285714285716,7,7,health_beauty,769.38,ES,vitoria
f3511c85f59f8dec53d140501ee8e7a8,1,69.9,8.11,69.9,8.11,5.0,1,1,health_beauty,78.01,PR,curitiba
f356c348fbc8df6a882823e21f5ce8b7,2,195.18,30.47,97.59,15.235,2.5,2,1,housewares,225.65,RS,canoas
f35b3c613c4f7b2275f4185d0a3c59ec,9,4047.25,167.04,449.69444444444446,18.56,4.555555555555555,9,8,sports_leisure,4214.29,SP,sao paulo
f35becee938e982bd615edf8ef12bcfb,6,148.59,78.22,24.765,13.036666666666667,4.0,6,5,home_confort,226.81,SP,alvares machado
f3862c2188522d89860c38a3ea8b550d,1,15.5,12.79,15.5,12.79,5.0,1,1,perfumery,28.29,SP,ribeirao preto
f3975e8a41157005d4bcbb358678cd9b,2,178.8,83.97999999999999,89.4,41.989999999999995,5.0,2,2,baby,262.78,SC,pinhalzinho
f3b80352b986ab4d1057a4b724be19d0,91,9815.1,2126.26,107.85824175824176,23.365494505494507,4.164835164835165,86,4,health_beauty,11941.36,DF,brasilia
f3c38ab652836d21de61fb8314b69182,15,1581.0,247.59,105.4,16.506,4.266666666666667,15,11,computers_accessories,1828.59,SP,sao paulo
f3da5b2ff499efb8d4a6d371d175d7dd,82,3540.89,1099.7,43.18158536585366,13.410975609756099,3.9012345679012346,77,29,housewares,4640.59,SP,sao paulo
f410c8873029fcc3809b9df6d0b28914,2,289.8,37.3,144.9,18.65,5.0,2,2,auto,327.1,SP,caxias do sul
f419677537694f0462a91990df6ca44f,6,220.5,78.78,36.75,13.13,4.0,6,6,Unknown / Uncategorized,299.28,SP,sao bernardo do campo
f41ce2e25237f9092cd8e6e7516c7a2f,27,1961.9,323.92,72.66296296296296,11.997037037037037,4.444444444444445,26,10,consoles_games,2285.82,SP,guarulhos
f435898e493ba0356019a0b1cb8b55b1,12,649.76,230.92000000000002,54.14666666666667,19.243333333333336,4.333333333333333,10,5,auto,880.6800000000001,PR,curitiba
f43827dd686be3a4a80e00aa299990fb,2,95.54,30.2,47.77,15.1,2.0,1,1,housewares,125.74000000000001,SP,sao jose do rio preto
f44b6f775a2b390380e0e30b5c9d3eee,10,2930.0,258.24,293.0,25.824,4.9,10,10,cool_stuff,3188.24,SP,sao paulo
f44bdc12aa39f5271f0b95f66cd4c289,7,357.5,74.57,51.07142857142857,10.652857142857142,2.857142857142857,5,4,auto,432.07,SP,braganca paulista
f45122a9ab94eb4f3f8953578bc0c560,197,21764.68,3279.19,110.48060913705584,16.6456345177665,3.9238578680203045,184,88,pet_shop,25043.87,SP,piracicaba
f457c46070d02cadd8a68551231220dd,230,18798.3,3650.71,81.73173913043478,15.872652173913044,3.8034934497816595,195,23,computers_accessories,22449.01,PR,maringa
f46490624488d3ff7ce78613913a7711,87,5690.95,1693.4099999999999,65.4132183908046,19.464482758620687,3.574712643678161,80,34,health_beauty,7384.36,SP,guarulhos
f4a04f7be452aa3bb31760bf00055dd0,18,1312.1,241.85,72.89444444444445,13.43611111111111,4.666666666666667,18,8,perfumery,1553.9499999999998,SP,santo andre
f4aba7c0bca51484c30ab7bdc34bcdd1,115,2951.8999999999996,1515.23,25.66869565217391,13.17591304347826,3.8956521739130436,108,12,health_beauty,4467.129999999999,SP,sao paulo
f4c4daa86e30c7e5a553a8d518ac03a5,18,5984.3099999999995,340.19,332.46166666666664,18.899444444444445,4.0,18,18,watches_gifts,6324.499999999999,PR,cascavel
f4ce8ca9fa7157e3b33f536ac9a4487d,4,409.6,97.53,102.4,24.3825,4.75,4,3,bed_bath_table,507.13,SP,penapolis
f4db9b37944bcb8873e6b456ee190bbf,22,3409.78,500.16,154.99,22.734545454545454,4.545454545454546,21,8,fashion_bags_accessories,3909.94,SP,itaquaquecetuba
f524ad65d7e0f1daab730ef2d2e86196,2,578.0,31.5,289.0,15.75,1.0,1,1,garden_tools,609.5,RS,soledade
f52c2422904463fdd7741f99045fecb6,13,567.79,177.01,43.676153846153845,13.616153846153846,4.3076923076923075,12,10,housewares,744.8,SP,santo andre/sao paulo
f593898ec748b7a8cb81fc04edafd98a,22,2588.04,684.3100000000001,117.63818181818182,31.105000000000004,3.4545454545454546,19,8,furniture_decor,3272.35,SP,pedreira
f5a590cf36251cf1162ea35bef76fe84,118,51232.78,4134.18,434.17610169491525,35.03542372881356,4.279661016949152,113,60,musical_instruments,55366.96,SP,sao bernardo do campo
f5b44895715ddfe3087dc414f30268f3,19,378.8,275.64,19.936842105263157,14.50736842105263,4.0,19,17,auto,654.44,SP,sorocaba
f5b84683a9bf9e1df748cf40f601b39c,1,83.9,9.07,83.9,9.07,5.0,1,1,baby,92.97,SP,sao paulo
f5f1f2c5f923f36ad79ea1d07185ddc9,11,1517.77,173.73,137.9790909090909,15.793636363636363,3.4545454545454546,10,5,pet_shop,1691.5,SP,taruma
f5f2ab9bdb6b30c14c61be68c5ed37da,18,2134.6800000000003,339.87,118.59333333333335,18.881666666666668,4.277777777777778,18,14,toys,2474.55,SP,porto ferreira
f5f46307a4d15880ca14fab4ad9dfc9b,10,1422.94,231.38,142.294,23.137999999999998,4.0,9,6,sports_leisure,1654.3200000000002,SC,rio do sul
f5fea3ffed6c2e889bab72705557c63a,1,345.0,123.8,345.0,123.8,5.0,1,1,furniture_decor,468.8,RJ,rio de janeiro
f6122bc84774df1b372bdb3bb88ddb9f,3,4799.87,74.49000000000001,1599.9566666666667,24.830000000000002,3.6666666666666665,3,1,computers_accessories,4874.36,SP,barueri
f615fe7efbef0f4f08fd3086bc7a3e60,23,2061.37,369.71,89.62478260869565,16.074347826086957,4.521739130434782,22,17,toys,2431.08,SP,atibaia
f61c63d13f7cd800549d5acdd390ae72,26,3072.3,429.39,118.16538461538462,16.515,4.0,26,11,housewares,3501.69,SP,pilar do sul
f626e15b7314c267e4429010866f70e9,7,193.54999999999998,125.47,27.65,17.924285714285713,4.142857142857143,5,3,drinks,319.02,SP,marechal candido rondon
f62d7bb4a613ec758a03342d46b580b2,32,24665.0,2125.59,770.78125,66.4246875,4.375,32,2,small_appliances_home_oven_and_coffee,26790.59,MG,vicosa
f63d8f293af3a6454377546bd9dd19ff,28,1751.82,495.13,62.565,17.683214285714286,3.8214285714285716,17,11,auto,2246.95,SP,votorantim
f650a9708fa1bab22bdd8d3a818cc415,4,416.04,71.44,104.01,17.86,4.0,4,4,furniture_decor,487.48,SC,ararangua
f664f98bfda2eaf266a23ff144e7a872,2,153.99,7.8100000000000005,76.995,3.9050000000000002,3.0,2,2,Unknown / Uncategorized,161.8,SP,sao paulo
f67efa3f0b6761102a7f8c6b7b571f5d,32,5188.68,841.49,162.14625,26.2965625,4.4375,31,9,pet_shop,6030.17,PR,curitiba
f680f85bee2d253556ac91be391d2c82,54,5183.92,893.42,95.99851851851852,16.544814814814814,4.296296296296297,45,10,baby,6077.34,SP,carapicuiba
f682e0f848abafc6f41e0d4e868c66ef,2,269.98,34.02,134.99,17.01,3.5,2,2,auto,304.0,SP,mairipora
f7315bb81aea4ddca2d39e249a801c98,2,379.8,50.28,189.9,25.14,4.5,2,1,luggage_accessories,430.08000000000004,SP,guarulhos
f7496d659ca9fdaf323c0aae84176632,26,4837.67,804.26,186.06423076923076,30.93307692307692,4.576923076923077,25,15,furniture_decor,5641.93,SP,sao paulo
f76a3b1349b6df1ee875d1f3fa4340f0,24,4160.79,588.19,173.36625,24.50791666666667,3.4583333333333335,24,6,housewares,4748.98,SP,sao paulo
f7720c4fa8e3aba4546301ab80ea1f1b,77,2043.55,1317.24,26.539610389610388,17.107012987012986,4.233766233766234,59,27,furniture_decor,3360.79,PR,curitiba
f783a638e9c6af4a7d0dbfde811e7a81,5,849.8,153.1,169.95999999999998,30.619999999999997,4.0,5,4,toys,1002.9,SP,sao paulo
f789d2c4f2c2eb38fc4373e7a4b35264,49,4864.24,869.0,99.27020408163264,17.73469387755102,4.183673469387755,44,28,pet_shop,5733.24,MG,juiz de fora
f7ba60f8c3f99e7ee4042fdef03b70c4,229,68070.0,4317.94,297.2489082969432,18.855633187772924,4.218340611353712,218,9,health_beauty,72387.94,SP,sao bernardo do campo
f7c31656c19db6275a8acadca289f426,1,61.56,16.19,61.56,16.19,3.0,1,1,Unknown / Uncategorized,77.75,SP,ibitinga
f7ccf836d21b2fb1de37564105216cc1,73,2748.4,1107.94,37.64931506849315,15.177260273972603,3.859154929577465,69,23,bed_bath_table,3856.34,SP,ibitinga
f805b96fa705ba7995a221f1749dc141,7,2744.44,242.43,392.0628571428571,34.63285714285714,4.428571428571429,7,6,musical_instruments,2986.87,PR,maringa
f80edd2c5aaa505cc4b0a3b219abf4b8,125,8855.5,2935.12,70.844,23.48096,4.137096774193548,116,23,kitchen_dining_laundry_garden_furniture,11790.619999999999,SP,sao paulo
f8201cab383e484733266d1906e2fdfa,10,889.0,255.82999999999998,88.9,25.583,4.1,10,4,cool_stuff,1144.83,SC,palhoca
f84a00e60c73a49e7e851c9bdca3a5bb,97,5849.24,1931.1,60.30144329896907,19.90824742268041,3.7216494845360826,88,22,health_beauty,7780.34,RJ,rio de janeiro
f84fa566034f5e8e880a07ec624c56af,100,4993.91,1210.42,49.939099999999996,12.1042,4.3,89,8,health_beauty,6204.33,SP,indaiatuba
f88adb15807168d3c43d71021090ce4a,3,488.8,52.26,162.93333333333334,17.419999999999998,3.3333333333333335,3,2,party_supplies,541.0600000000001,SP,porto ferreira
f8d5c7085db9a4ad2b8c1ffbeb2798c8,6,263.0,100.41,43.833333333333336,16.735,5.0,6,5,fashion_bags_accessories,363.40999999999997,SP,sao paulo
f8db351d8c4c4c22c6835c19a46f01b0,714,50082.6,12404.42,70.1436974789916,17.373137254901962,4.251758087201125,659,146,housewares,62487.02,SP,salto
f8e2c1b59cd4225a3e4fd0d013a76b93,3,219.8,44.63,73.26666666666667,14.876666666666667,5.0,2,2,furniture_decor,264.43,SP,ribeirao preto
f8f35af4634605e6693c17cc3ffff5a8,1,90.0,16.39,90.0,16.39,5.0,1,1,housewares,106.39,MG,campanha
f90f77ef2799a27f80d90c425ca944f7,1,70.0,19.46,70.0,19.46,5.0,1,1,books_technical,89.46000000000001,PR,londrina
f918546be4bec7104d117789ba758b2b,23,1483.0,347.15,64.47826086956522,15.093478260869563,3.8260869565217392,20,3,garden_tools,1830.15,SP,sao paulo
f9244d45189d3a3605499abddeade7d5,20,15081.439999999999,820.72,754.0719999999999,41.036,4.35,20,10,small_appliances,15902.159999999998,SP,sao paulo
f92d8c817434bd2d84d4e9c61322b7fa,5,174.84,50.769999999999996,34.968,10.154,4.6,5,3,sports_leisure,225.61,SP,sorocaba
f97e2b0650c2068227e1d366140eb62f,21,3654.0,1011.98,174.0,48.18952380952381,3.65,16,7,pet_shop,4665.98,SP,santo antonio de posse
f9903dd0f812c7e771fcad47b6fff231,15,1684.8500000000001,416.63,112.32333333333334,27.775333333333332,2.933333333333333,10,9,construction_tools_lights,2101.48,SC,blumenau
f9bbdd976532d50b7816d285a22bd01e,2,268.0,30.369999999999997,134.0,15.184999999999999,5.0,2,2,sports_leisure,298.37,SP,sao paulo
f9d010e39375d9c91dce3f40b73a2f84,5,1212.0,138.14,242.4,27.627999999999997,3.0,4,2,toys,1350.1399999999999,SP,lorena
f9ec7093df3a7b346b7bcf7864069ca3,9,519.2,118.93,57.6888888888889,13.214444444444446,4.777777777777778,9,9,housewares,638.1300000000001,SP,sao paulo
f9eedec3129e8cc6b6429c42d0808c5b,2,789.8,43.35,394.9,21.675,4.5,2,2,watches_gifts,833.15,RJ,"rio de janeiro, rio de janeiro, brasil"
f9f68daa2af419d38f745478bcb3da1a,1,11.2,18.0,11.2,18.0,5.0,1,1,sports_leisure,29.2,SP,sumare
fa14641f57b655e933124a9ea49cd7a5,7,359.92999999999995,83.06,51.41857142857142,11.865714285714287,4.571428571428571,7,6,computers_accessories,442.98999999999995,SP,sao paulo
fa1a9dec3a9940c072684a46728bf1fc,60,6674.0,1201.71,111.23333333333333,20.0285,3.983050847457627,55,35,pet_shop,7875.71,SC,icara
fa1c13f2614d7b5c4749cbc52fecda94,579,190917.13999999998,9916.36,329.7359930915371,17.126701208981004,4.373913043478261,578,284,watches_gifts,200833.5,SP,sumare
fa3a0b5aabb344b9a92e3524b0202123,7,1789.0,164.41,255.57142857142858,23.487142857142857,4.142857142857143,7,3,musical_instruments,1953.41,SP,sao jose dos pinhais
fa40cc5b934574b62717c68f3d678b6d,337,15900.48,4482.53,47.18243323442136,13.30127596439169,4.446428571428571,304,16,toys,20383.01,SP,sao paulo
fa5fdc4e4bb6bd1009ad0e4ac4096562,1,161.99,32.86,161.99,32.86,5.0,1,1,auto,194.85000000000002,SP,santo andre
fa74b2f3287d296e9fbd2cc80f2d1cf1,5,1274.49,76.18,254.898,15.236,3.2,5,4,perfumery,1350.67,SP,presidente prudente
fa8d335d68129e464e60c1826a683e96,1,139.9,34.78,139.9,34.78,4.0,1,1,auto,174.68,RS,tres coroas
fac1a9017ade7bdc94058fc1c969f355,10,2010.84,212.07,201.084,21.207,4.7,9,9,computers_accessories,2222.91,SP,sao paulo
fac35d150712afb921ec59ac5f39bb11,6,696.0,104.64,116.0,17.44,4.166666666666667,5,2,construction_tools_construction,800.64,MG,bonfinopolis de minas
fad44952713764836814be105382aee5,32,5129.0,507.88,160.28125,15.87125,4.28125,32,1,health_beauty,5636.88,RJ,rio de janeiro
fadb07c842a2aef5d5a676b85f220e71,7,398.75,171.62,56.964285714285715,24.517142857142858,4.714285714285714,7,6,sports_leisure,570.37,SP,sao jose do rio preto
fb3cfbc8a86f5d7fbb4d36b8df63f60d,15,1007.3000000000001,217.76,67.15333333333334,14.517333333333333,3.1333333333333333,10,7,bed_bath_table,1225.06,RJ,rio de janeiro
fb503a924a0b9db19d83dd0ac6dbef8c,1,13.9,17.92,13.9,17.92,5.0,1,1,health_beauty,31.82,RS,pelotas
fb8904a8ea99f8831b64ce27db2c1765,2,278.0,24.36,139.0,12.18,4.5,2,2,Unknown / Uncategorized,302.36,SP,sao caetano do sul
fb89df7f89fd1b8f03fa2acca1ba7364,25,2220.0,467.43,88.8,18.6972,3.84,22,10,health_beauty,2687.43,PR,foz do iguacu
fbc14c0cf93505ef89f64665ffa4a7b5,18,12227.82,531.11,679.3233333333333,29.50611111111111,4.176470588235294,18,16,fixed_telephony,12758.93,SP,serrana
fc0b214b59a83615fea981c6424a02ae,1,159.9,12.14,159.9,12.14,5.0,1,1,baby,172.04000000000002,SP,maua
fc38b5dceee1a730fad8853453437fbd,5,119.2,58.81,23.84,11.762,4.6,5,5,perfumery,178.01,SP,campinas
fc4751cfe3b279c419615b9b00c1abb4,1,453.7,17.35,453.7,17.35,5.0,1,1,housewares,471.05,PR,londrina
fc59392d66ef99377e50356ee4f3b4e1,5,519.99,86.97,103.998,17.394,3.6,5,5,computers_accessories,606.96,BA,salvador
fc5a0d7a310a7a41abf86a458585ff2b,1,117.9,19.07,117.9,19.07,4.0,1,1,books_general_interest,136.97,SP,sao paulo
fc6295add6f51a0936407ead70c1001d,4,160.0,70.52,40.0,17.63,1.0,1,4,furniture_decor,230.51999999999998,SP,sao paulo
fc906263ca5083d09dce42fe02247800,117,4417.9,1855.3799999999999,37.75982905982906,15.857948717948718,4.3760683760683765,112,17,computers_accessories,6273.28,MG,belo horizonte
fc908879b9ca1bd65419e54e50432d38,4,119.19999999999999,52.68,29.799999999999997,13.17,5.0,4,2,books_general_interest,171.88,SP,sao paulo
fcb5ace8bcc92f75707dc0f01a27d269,70,8009.35,905.49,114.41928571428572,12.935571428571428,3.898550724637681,59,41,cool_stuff,8914.84,SP,guarulhos
fcba71d4d5db057f43249145e4eb1e27,3,494.55,53.72,164.85,17.906666666666666,4.666666666666667,3,3,watches_gifts,548.27,SP,limeira
fcdd820084f17e9982427971e4e9d47f,27,4783.99,881.75,177.1848148148148,32.657407407407405,3.259259259259259,16,5,air_conditioning,5665.74,SP,ribeirao preto
fce62094ffe6a4009188ec44e681dfdd,11,2969.7,482.93,269.97272727272724,43.902727272727276,3.1818181818181817,4,3,furniture_decor,3452.6299999999997,SP,sao paulo
fcf16b7a8697e559f0123190bb30177d,7,1052.8,499.77,150.4,71.39571428571428,3.142857142857143,3,1,musical_instruments,1552.57,SP,sao paulo
fd312b6bf05efac6c3772d5b52205d8a,4,118.69999999999999,45.62,29.674999999999997,11.405,5.0,2,2,health_beauty,164.32,SP,votorantim
fd386aa7bed2af3c7035c65506c9b4a3,76,2304.15,1012.02,30.31776315789474,13.316052631578946,4.355263157894737,69,41,stationery,3316.17,SP,sao paulo
fd435faa3c0422b60440ea3480d0e77c,1,749.0,133.87,749.0,133.87,5.0,1,1,electronics,882.87,PB,joao pessoa
fdaaf5bfda82b7b80535610c831b8d09,15,2588.9,259.42,172.59333333333333,17.294666666666668,3.933333333333333,10,12,sports_leisure,2848.32,SP,sao jose do rio preto
fdb9095204a334cd8872252ffec6f2db,61,8156.0,1133.37,133.70491803278688,18.57983606557377,4.131147540983607,46,14,bed_bath_table,9289.369999999999,SP,sao paulo
fde0cc9ea29c8ccfc0a2c22256a58c71,35,3922.0,999.27,112.05714285714286,28.550571428571427,4.485714285714286,35,9,toys,4921.27,PR,curitiba
fdf736c18c589ed030e058312203e1b2,1,30.0,14.51,30.0,14.51,5.0,1,1,computers_accessories,44.51,MG,pocos de caldas
fe19dce63ae80346207c6c55713d1023,1,49.9,21.82,49.9,21.82,5.0,1,1,health_beauty,71.72,MG,uberaba
fe1b067411b8c5066e962aa146ccee03,8,847.78,143.1,105.9725,17.8875,4.625,8,2,perfumery,990.88,SP,presidente prudente
fe1bbc5feda5c8979a8a1b3b2512d5a6,10,724.72,137.53,72.47200000000001,13.753,3.8,9,7,sports_leisure,862.25,MG,arinos
fe2032dab1a61af8794248c8196565c9,305,65689.71,4710.89,215.37609836065576,15.44554098360656,4.395348837209302,293,70,perfumery,70400.6,SP,campinas
fe26f3ecb51a15e6d8335cd92da42562,7,2708.96,262.59000000000003,386.9942857142857,37.51285714285715,4.428571428571429,7,7,auto,2971.55,SP,sao paulo
fe49ee029e61e789a1f3a5525f57ba8d,16,2473.69,217.46,154.605625,13.59125,4.25,16,10,toys,2691.15,SP,osasco
fe4cd9461203cee790d36792420b310f,3,391.15,54.379999999999995,130.38333333333333,18.126666666666665,4.0,3,2,telephony,445.53,MG,caratinga
fe701d88b67eaca109dffd464d1be9f9,10,1359.0,219.02,135.9,21.902,4.3,10,3,fashion_bags_accessories,1578.02,RJ,marica
fe8055980a4ff7f64ed889c2b5926929,3,196.70000000000002,53.28,65.56666666666668,17.76,4.666666666666667,3,2,electronics,249.98000000000002,PR,curitiba
fe87f472055fbcf1d7e691c00b1560dc,6,1085.8,130.16,180.96666666666667,21.69333333333333,4.5,6,4,housewares,1215.96,SP,campinas
fe9d9cf8631285d5982c6e2cf27fb114,1,69.9,23.64,69.9,23.64,4.0,1,1,sports_leisure,93.54,MG,barbacena/ minas gerais
feb793c88d836c3a75efa4b5a3465d70,1,466.0,64.17,466.0,64.17,5.0,1,1,garden_tools,530.17,SP,sao paulo
febab0275244b9a49a623f0bd613ca2f,126,7094.82,2906.49,56.308095238095234,23.06738095238095,4.317460317460317,106,45,housewares,10001.31,SP,pedreira
fec6275253471ace26d209bbaa64cd0f,10,2840.0,355.66999999999996,284.0,35.56699999999999,4.6,9,2,health_beauty,3195.67,RJ,nova friburgo
fec8cd45395b3cb0c2b173d7739706a1,4,1280.0,96.94,320.0,24.235,3.75,4,3,toys,1376.94,SP,jambeiro
fedaedd3ca31d56ab33e92035e4b361c,1,39.9,10.96,39.9,10.96,4.0,1,1,baby,50.86,RJ,niteroi
fedf2c1386e137f296b3bbf3b635e69d,5,131.74,79.16,26.348000000000003,15.831999999999999,3.2,2,2,home_construction,210.9,SP,sao paulo
ff063b022a9a0aab91bad2c9088760b7,96,12076.5,1984.77,125.796875,20.6746875,4.28421052631579,94,9,furniture_decor,14061.27,SP,santo andre
ff1e15b778c700abdd4d239b81ac466d,7,414.3,114.86,59.18571428571429,16.408571428571427,4.571428571428571,7,2,sports_leisure,529.16,PR,curitiba
ff1fb4c404b2efe68b03350a8dc24122,49,6771.0,895.95,138.18367346938774,18.28469387755102,4.061224489795919,46,21,toys,7666.95,SP,mogi das cruzes
ff314fa6033cc68ec451c47aee2d6ba4,2,537.9,32.44,268.95,16.22,5.0,2,2,Unknown / Uncategorized,570.3399999999999,SP,sao paulo
ff4e2d38692ce827b1a4f4b8196e680d,11,518.9,150.28,47.17272727272727,13.661818181818182,4.2727272727272725,11,3,books_technical,669.18,SP,sao paulo
ff4ea69c2a729e83e63c7579e4ef8170,8,6368.0,159.82,796.0,19.9775,5.0,8,3,small_appliances,6527.82,SP,guarulhos
ff69aa92bb6b1bf9b8b7a51c2ed9cf8b,20,21940.8,1754.4,1097.04,87.72,3.65,20,13,baby,23695.2,SP,sao paulo
ff82e8873fba613f2261a9acc896fd84,4,124.6,58.93,31.15,14.7325,3.5,4,3,baby,183.53,MG,itabira
ffa6adafb71b807dc13159e26431354c,17,2500.9,516.48,147.11176470588236,30.381176470588237,3.9411764705882355,17,9,cool_stuff,3017.38,PR,londrina
ffad1e7127fb622cb64a900751590acd,15,884.3,206.53,58.95333333333333,13.768666666666666,4.866666666666666,10,8,furniture_decor,1090.83,SP,americana
ffc470761de7d0232558ba5e786e57b7,30,1529.13,421.09,50.971000000000004,14.036333333333333,4.3,27,15,housewares,1950.22,SP,guarulhos
ffdd9f82b9a447f6f8d4b91554cc7dd3,20,2101.2,727.46,105.05999999999999,36.373000000000005,4.25,18,12,housewares,2828.66,PR,curitiba
ffeee66ac5d5a62fe688b9d26f83f534,14,1839.8600000000001,419.69,131.41857142857143,29.977857142857143,4.214285714285714,14,3,home_appliances,2259.55,SP,mirassol
fffd5413c0700ac820c7069d66d98c89,58,8535.0,2590.3,147.1551724137931,44.66034482758621,3.912280701754386,57,28,housewares,11125.3,SP,amparo
ffff564a4f9085cd26170f4732393726,8,359.0,115.35,44.875,14.41875,3.25,8,6,auto,474.35,SP,campinas
